Theta,Alpha,Spatial Frequency,Visibilities Squared,Expected Value,Chi-Squared Value
1.35,0.01,128.48165352845237,0.059113505953769435,0.12162913526465649,0.03213213593628091
1.35,0.01,129.0399531017774,0.05991540008645508,0.11884041668474658,0.029216975823298234
1.35,0.01,129.60299638878593,0.06042083806048116,0.1160655172237934,0.02667743523873435
1.35,0.01,130.1708527701757,0.05658862803021087,0.11330503041107498,0.028390180800954692
1.35,0.01,130.7435754020904,0.052443363480634386,0.11055964493986227,0.030549140895716066
1.35,0.01,131.32122706010247,0.05253623717274203,0.10783001761537543,0.028353905742126064
1.35,0.01,131.9038716041819,0.05143980304376541,0.10511681574769093,0.02740971244537221
1.35,0.01,132.4915830241127,0.05094604792172343,0.1024206759902283,0.02587014105475837
1.35,0.01,133.08441855975875,0.04864665281046467,0.09974232799739645,0.026175126199947767
1.35,0.01,133.68245465589507,0.04719356633090319,0.09708242951039722,0.025636963165159787
1.35,0.01,134.2857414682518,0.042409660145243964,0.09444177019910367,0.02866676970316534
1.35,0.01,134.89436710243038,0.04281447543829382,0.09182098753482985,0.026155656700565702
1.35,0.01,135.50840270029965,0.03995678084257951,0.0892208103815693,0.027201553046191592
1.35,0.01,136.1279111494172,0.04078420750124268,0.08664201648002205,0.024271580115164035
1.35,0.01,136.75296589633274,0.03803888182239996,0.08408535261161913,0.025215776663692426
1.35,0.01,137.3836417076972,0.036313547431573084,0.08155157458408295,0.02509429291939934
1.35,0.01,138.02002449057264,0.03621126381693898,0.07904140869283888,0.02320835800408466
1.35,0.01,138.66218213411327,0.03266518292941444,0.07655566693470518,0.025163056679549267
1.35,0.01,139.31019355108378,0.03175933226256694,0.0740951304454951,0.024189441289992272
1.35,0.01,139.96414916685558,0.029477939018634474,0.0716605509910401,0.02483057593343118
1.35,0.01,140.62411077467686,0.02761892454132398,0.06925279941171691,0.02502973961266705
1.35,0.01,141.29019221516216,0.026926453852437287,0.06687256876804916,0.023861683889937094
1.35,0.01,141.962447895047,0.02621358057440966,0.06452077876502181,0.022743703056640297
1.35,0.01,142.64098491479027,0.0243281702773094,0.06219817284606648,0.02305754379806295
1.35,0.01,143.32588111850086,0.02323656905638528,0.05990560827011126,0.02244561862714021
1.35,0.01,144.01723692821125,0.022522074062511898,0.05764387636426935,0.021399341521181028
1.35,0.01,144.71513335074297,0.022126398959505737,0.0554138425552495,0.0199959766376976
1.35,0.01,145.41966358773843,0.02312978718002438,0.05321634039543142,0.017009825885382197
1.35,0.01,146.13092262005586,0.021442554405581737,0.05105220624956433,0.017173233964386084
1.35,0.01,146.84901833358754,0.01735327769846156,0.048922246084321976,0.020371095865666582
1.35,0.01,147.57403853309566,0.016261560732311244,0.04682733308337987,0.019951305741751597
1.35,0.01,148.3060951070448,0.014845900060656841,0.04476827596395559,0.019999621616414002
1.35,0.01,177.5867292661351,8.026119814293619e-05,0.0017618927532297576,0.0016050265726332516
1.35,0.01,178.3584082759753,0.0034491610170227444,0.0014590099485587344,0.0027146499441083128
1.35,0.01,179.1366440242641,0.0011378868207475741,0.001185204667285461,1.8891071413944683e-06
1.35,0.01,179.9215324086713,0.004057148519092265,0.0009403499580536273,0.010330657418435826
1.35,0.01,180.7131469013654,0.006124849760000253,0.0007243032472297151,0.04026752986149178
1.35,0.01,181.5115742704435,0.00801128075522176,0.0005368932996350921,0.10405506620068056
1.35,0.01,182.3169027828517,0.003814527619715109,0.00037792389663929445,0.03125032646647035
1.35,0.01,183.12923470691715,0.003051898172284957,0.00024717133121626613,0.03182607228072197
1.35,0.01,183.94864915930665,0.004851936845519759,0.00014438989340235362,0.1534802594848971
1.35,0.01,184.77525180162417,0.004187247883906565,6.930315530734595e-05,0.24468537850253771
1.35,0.01,185.6091119588808,0.005030301405364127,2.1610080687675862e-05,1.1608928790439983
1.35,0.01,186.45035141021896,0.005058348680807101,9.773388565566252e-07,26.17004810439639
1.35,0.01,187.29906848759086,0.003539331983399543,7.045070855160174e-06,1.7710326963416545
1.35,0.01,188.15535011387894,0.008265089857874594,3.942280491269777e-05,1.7163060471222227
1.35,0.01,189.01929780655414,0.004189675804911285,9.768901174775154e-05,0.17140470167372915
1.35,0.01,189.89101490772512,0.007713612339630155,0.0001813909959278571,0.31277384018051735
1.35,0.01,170.04496800941266,-0.0012989227541881578,0.006547721077930382,0.00940324407459107
1.35,0.01,170.78387532013386,0.0017029307980693227,0.005920388889157316,0.0030043554710838098
1.35,0.01,171.5290609174384,0.0005816308603774901,0.005324704849512309,0.004224976125853768
1.35,0.01,172.2806166264096,0.0013528569933157959,0.004760747174190143,0.0024394732717297504
1.35,0.01,173.03861279899647,0.0002695798242551391,0.004228592401613235,0.0037066189169000885
1.35,0.01,173.80313251842472,0.0001231019276465622,0.003728287535971232,0.00348614830403242
1.35,0.01,174.57426030311578,0.001947363511934143,0.0032598585540735588,0.0005284410986138987
1.35,0.01,175.3520940782607,-0.0003485679509905643,0.0028233031369017227,0.003563473601792413
1.35,0.01,176.13670960059636,0.0008003799805024934,0.0024186100767992795,0.0010827163376521517
1.35,0.01,176.9282080444848,0.0019025745329836427,0.002045731727877717,1.0017922766051488e-05
1.35,0.01,177.72665579083935,0.001483932780188618,0.0017046128558168697,2.8569358498680015e-05
1.35,0.01,178.5321694470804,0.0024781690025993145,0.0013951510626236741,0.0008407174604471226
1.35,0.01,179.34484316919435,2.7124078213221127e-05,0.0011172296197467578,0.0010636399811450432
1.35,0.01,180.16476018861866,0.001468773324753101,0.0008707082227704796,0.00041079417519612537
1.35,0.01,180.9920177115758,0.00273271941899216,0.0006554136021661228,0.006583933324480421
1.35,0.01,181.82671469143705,0.002715485525044613,0.0004711436068316594,0.010691157797345547
1.35,0.01,182.66896482586444,0.0027609800688359796,0.00031766419753935786,0.01879277706827609
1.35,0.01,183.5188579658892,0.0026899744626005142,0.00019471583813249858,0.03197642093574937
1.35,0.01,184.37649855224794,0.0030763947837638378,0.00010200439185696407,0.08673154206804794
1.35,0.01,185.2420062625676,0.0038210992946067735,3.920257069204184e-05,0.3648419626027344
1.35,0.01,186.1154628799714,0.004040076627349306,5.952463088413208e-06,2.7340207794571927
1.35,0.01,186.99701907206932,0.005228141628377298,1.8592364210646091e-06,14.690992135810033
1.35,0.01,187.88674684596393,0.0056131143755934875,2.6494808348822145e-05,1.1779786355959228
1.35,0.01,188.7847879486953,0.0055483860015212265,7.939520989162564e-05,0.3767212193248975
1.35,0.01,189.69124540663847,0.004932709478810754,0.00016005899176876505,0.14231123425024106
1.35,0.01,184.55821386176112,0.0014326709391035578,8.62956255673419e-05,0.021006006654244125
1.35,0.01,185.3601865109521,0.002342643848922553,3.2959859926084164e-05,0.16185263350603166
1.35,0.01,186.16897329508336,0.00415442237634883,4.872483884024365e-06,3.5338781450895365
1.35,0.01,186.98467387645934,0.004107056191352296,1.7178027414022178e-06,9.811256484108748
1.35,0.01,187.80736461152975,0.003418221530109188,2.315497453463317e-05,0.49779700252058506
1.35,0.01,188.63713567462852,0.004658586702824984,6.881637804579508e-05,0.30611886635772845
1.35,0.01,189.47407879777865,0.004908494874253126,0.0001383077038179352,0.16452218504717706
1.35,0.01,38.25674223448957,0.7195259570265732,0.8552670561568689,0.02154373404243602
1.35,0.01,38.42298171133123,0.6931335308715592,0.8540875855537342,0.03033202701551588
1.35,0.01,38.59063367802369,0.6980756848108667,0.8528942890250505,0.028102896829367913
1.35,0.01,38.759718793387876,0.7298445601037821,0.8516869391994891,0.017430777273226145
1.35,0.01,38.93025288521575,0.7056456011978244,0.8504653415627447,0.024660331437875084
1.35,0.01,39.10225464558383,0.7005406634304849,0.8492292796270883,0.02603337534024847
1.35,0.01,39.27574308945913,0.7208461024975467,0.8479785329601481,0.01906021703038535
1.35,0.01,39.45074024806574,0.7460478646993901,0.8467128576431372,0.0119679779430438
1.35,0.01,39.6272631651656,0.749364685531938,0.8454320440935044,0.010916237970246415
1.35,0.01,39.80533460298176,0.7576065576879856,0.8441358395988692,0.008869800660958927
1.35,0.01,39.98496949590199,0.7388459539324289,0.8428240467386184,0.012827640390005947
1.35,0.01,40.16619407828111,0.724759566961125,0.841496383956596,0.01619434700142097
1.35,0.01,40.34902953334694,0.7456592161279159,0.8401526046086958,0.010627831679148703
1.35,0.01,40.53349458652071,0.7102689074844298,0.8387924784166605,0.019692961859115343
1.35,0.01,40.719611107272804,0.7313660600913342,0.8374157502688027,0.013430051659676829
1.35,0.01,40.90740135814745,0.7458860650548529,0.8360221603078005,0.009718062574390642
1.35,0.01,41.09689091886158,0.7387484047408335,0.8346114220931999,0.011010774418653847
1.35,0.01,41.2881000041136,0.7281807762000267,0.8331832871691298,0.013233015447630447
1.35,0.01,41.481052110995975,0.7317271915755412,0.8317374808264393,0.012025498653866061
1.35,0.01,41.67577416459906,0.7452200764701835,0.830273700628985,0.008712932828134087
1.35,0.01,41.87228456450208,0.7038593489181497,0.8287917063093728,0.018832348109311413
1.35,0.01,42.07061720792638,0.7451273196586894,0.8272911387774038,0.00816023870647218
1.35,0.01,42.27078829504064,0.7224362510385437,0.8257717706155822,0.012931211729720763
1.35,0.01,42.47282971611503,0.7275768957632791,0.8242332536202582,0.011334718022042672
1.35,0.01,42.676764650038756,0.7194416714628228,0.8226753036160668,0.012954300148196596
1.35,0.01,42.882622998511444,0.7119304780846349,0.8210975830745444,0.014514056620717114
1.35,0.01,43.09042888215269,0.7166295712015653,0.8194997966078732,0.012913100551028154
1.35,0.01,43.30021005271624,0.7281480182883304,0.817881618996329,0.00984509115867375
1.35,0.01,43.511994791735766,0.7257943084112362,0.8162427188096828,0.010022649825943886
1.35,0.01,43.725815223352406,0.7082673703366148,0.814582732615926,0.013875762158968446
1.35,0.01,43.94169749234296,0.7252117292519829,0.8129013411585507,0.00945928816572676
1.35,0.01,44.15967491465589,0.72347882333602,0.8111981672278347,0.009485577758522355
1.35,0.01,54.55985337379823,0.7253741551439242,0.7243363743769757,1.4868629525537135e-06
1.35,0.01,54.79693580559089,0.7306173856207016,0.7222466575487042,9.701545548599421e-05
1.35,0.01,55.03603265980036,0.7176459660588054,0.7201350765296624,8.603484454592684e-06
1.35,0.01,55.27717339900436,0.7087914384367745,0.7180013231408848,0.00011813623948762802
1.35,0.01,55.52038059600858,0.6971141567719238,0.7158451503927997,0.0004901201353851121
1.35,0.01,55.76568090851811,0.6923640134894922,0.7136662755832938,0.0006358523386048018
1.35,0.01,56.013101454728435,0.7033909867792298,0.7114644123290069,9.161413976339784e-05
1.35,0.01,56.26267365447002,0.7135135064685502,0.7092392363435648,2.5759129169910457e-05
1.35,0.01,56.51442181470414,0.6963714928201294,0.7069904872366748,0.00015949725555624382
1.35,0.01,56.76837839777545,0.699204683042905,0.704717832445545,4.313047710223618e-05
1.35,0.01,57.02456470236126,0.6950218631774796,0.7024210400334691,7.794159773972792e-05
1.35,0.01,57.283018142586975,0.6987934481827498,0.7000997344809771,2.4373440081381137e-06
1.35,0.01,57.543768928913224,0.7009395788862074,0.6977536055055652,1.4547293345486963e-05
1.35,0.01,57.80684376659966,0.6941628673523988,0.6953823754007485,2.1386792829378306e-06
1.35,0.01,58.07227384479177,0.6724363019348981,0.6929857272407489,0.0006093615839421726
1.35,0.01,58.34009091321723,0.6812929547010526,0.6905633401751876,0.00012444918784314891
1.35,0.01,58.61033145238965,0.6806286093306549,0.688114851708496,8.144545173038109e-05
1.35,0.01,58.883024291501364,0.6607720174247209,0.6856399699542779,0.000901953051327417
1.35,0.01,59.1582029409311,0.662719172505624,0.6831383621629208,0.0006103350790322351
1.35,0.01,59.43590579989672,0.674552068712547,0.680609652630431,5.391390319016246e-05
1.35,0.01,59.7161591089584,0.6478937039468982,0.6780535781102952,0.0013415134716743317
1.35,0.01,59.999011210638734,0.6613727816954527,0.675469675648375,0.00029419887566260847
1.35,0.01,60.28448520880842,0.6612645894666471,0.6728577146466932,0.00019974587273743278
1.35,0.01,60.572626583776696,0.6372944326131309,0.67021726218472,0.0016172557290849994
1.35,0.01,60.86346839211664,0.641184516206208,0.6675480012592891,0.0010411735827729179
1.35,0.01,61.15705327813749,0.6557710604423926,0.6648495293840765,0.00012396579178069314
1.35,0.01,61.4534156414612,0.6661061608629762,0.6621215224117324,2.3979500816253386e-05
1.35,0.01,61.75259506025166,0.655810320634509,0.6593636114778985,1.914857841398935e-05
1.35,0.01,62.05463186821844,0.6517415298910592,0.6565754237409598,3.558849281773599e-05
1.35,0.01,62.35957187920581,0.6539437344497396,0.6537565388660874,5.36012788486538e-08
1.35,0.01,62.667452379587495,0.64877232282721,0.6509066186806368,6.998267737987132e-06
1.35,0.01,62.97832088290375,0.6506643361572174,0.6480252340132802,1.0747822400371965e-05
1.35,0.01,88.09983102896119,0.34253304591455064,0.41348674918146466,0.012175548593166293
1.35,0.01,88.4826568778096,0.34551447737255125,0.41004512417976613,0.01015547834079817
1.35,0.01,88.86873548969838,0.33625359673220884,0.40658272467711215,0.012165264132701643
1.35,0.01,89.2581144389511,0.33336545025930164,0.40309952067998517,0.01206362282255698
1.35,0.01,89.65083017471932,0.3209691855941811,0.3995955951823849,0.015470922000304652
1.35,0.01,90.0469257421942,0.3166577447394696,0.39607098570924537,0.015922556988189052
1.35,0.01,90.44644493013783,0.32441410419243366,0.3925257372937135,0.011818828991210856
1.35,0.01,90.8494384733228,0.3264509316873424,0.3889598481116683,0.010045676055029654
1.35,0.01,91.25594562110648,0.3256275201676775,0.3853734331140757,0.009262636723434825
1.35,0.01,91.66601879164801,0.3142211494531848,0.38176650635540677,0.011950695420098448
1.35,0.01,92.0796923767164,0.3135638449419451,0.3781392562418105,0.011027640414779317
1.35,0.01,92.49702679029592,0.30617136351656554,0.37449165901476417,0.012463996632771888
1.35,0.01,92.91807081434462,0.299725306170206,0.37082381031406253,0.013631803435741486
1.35,0.01,93.34286757084172,0.2981213582016508,0.3671358721582299,0.012973407116725628
1.35,0.01,93.77146742206418,0.28884487531182196,0.36342796106806213,0.015306022862343593
1.35,0.01,94.20392163548193,0.2917912974862963,0.35970020407565406,0.01282073110303874
1.35,0.01,94.64028911754154,0.28280020923075627,0.3559526815647309,0.015033695448083825
1.35,0.01,95.08061641981554,0.2738162606894829,0.35218559967974294,0.01743896769020439
1.35,0.01,95.52495765276285,0.2715538969998478,0.3483991193523088,0.016949492321844006
1.35,0.01,95.97337482103332,0.2712286446282141,0.34459335516381684,0.015619514048418139
1.35,0.01,96.42591029623857,0.2670842981103467,0.3407686093643202,0.015932740210727065
1.35,0.01,96.88264213885365,0.269134401585968,0.3369249042398071,0.013639692976774632
1.35,0.01,97.34360765556067,0.2648970748559384,0.3330626281908931,0.013950957772414547
1.35,0.01,97.80888028511193,0.25319157171438494,0.32918188876677207,0.01754205952021138
1.35,0.01,98.2785134051894,0.2526929428423619,0.32528298545589107,0.016199169714483923
1.35,0.01,98.75257587515041,0.24953655890576215,0.3213661133235674,0.016054850446119127
1.35,0.01,99.23112324134809,0.24858199921541563,0.317431602770548,0.01493319464201347
1.35,0.01,99.71421941212043,0.24149614473024356,0.31347974045763166,0.01652941924182935
1.35,0.01,100.20192951581326,0.23872149746984384,0.3095108295085685,0.016190482053391554
1.35,0.01,100.69432752975034,0.23576342409562664,0.3055251287084959,0.015928953049019347
1.35,0.01,101.1914736616306,0.23458893976312753,0.301523036584103,0.014858477707026134
1.35,0.01,101.69344463334039,0.22908775957099797,0.29750484713151565,0.015733854138498437
1.35,0.01,105.38377820977804,0.2018652609386952,0.2686910546145522,0.016620153978756068
1.35,0.01,105.84170910336564,0.20493172016511355,0.26520769895713653,0.013699427405852232
1.35,0.01,106.303530906332,0.20058161796792584,0.2617159552174674,0.014280394895432195
1.35,0.01,106.76930052641349,0.19676634585315989,0.2582161110948951,0.0146236949826754
1.35,0.01,107.2390615635724,0.18712660591203864,0.2547085736949426,0.01793156116872463
1.35,0.01,107.71286550786064,0.1888525457911125,0.2511937098444859,0.015471807546198917
1.35,0.01,108.19076473877928,0.1897045255800644,0.24767189963595876,0.013567209117687547
1.35,0.01,108.6728199445494,0.18035730673646533,0.24414348276207332,0.016665102856482636
1.35,0.01,109.15907807469995,0.17872154837851503,0.24060892056109187,0.015918141466797014
1.35,0.01,109.6496018310954,0.1786655397494411,0.23706858065581143,0.014387883783145903
1.35,0.01,110.14443235268583,0.1733248845223492,0.23352300765249726,0.015518017110267008
1.35,0.01,110.64364190582917,0.17414418135899642,0.22997254432399478,0.013552948768356082
1.35,0.01,111.14728884281722,0.16580913398715286,0.22641765684187787,0.016223968986646183
1.35,0.01,111.65542474555474,0.1647992888985957,0.22285888144146399,0.015125788411216127
1.35,0.01,112.16810985668876,0.15529591997541575,0.21929671594884698,0.01867835488329075
1.35,0.01,112.68540550164545,0.15763654782897682,0.21573167438303567,0.01564463697314869
1.35,0.01,113.20738214348727,0.14894331526977217,0.21216423263900444,0.01883863431310761
1.35,0.01,113.73409546655026,0.1455864102703329,0.20859499270856058,0.019032486874801212
1.35,0.01,114.265610197004,0.14254584278505547,0.20502451922939963,0.019039600848273996
1.35,0.01,114.80200050393816,0.14468900618483307,0.20145333964306789,0.01599471896900148
1.35,0.01,115.34331707167834,0.1358888769332171,0.19788216345340748,0.01942149563408889
1.35,0.01,115.8896532750664,0.1387128926651753,0.1943114447152064,0.015908476181578746
1.35,0.01,116.4410537398305,0.13541188254079786,0.1907420203706017,0.016050077200172798
1.35,0.01,116.99760631237277,0.128554858135155,0.18717432850773572,0.018358512805455866
1.35,0.01,117.55937484232534,0.12859659912287785,0.18360920780217768,0.016482763309792356
1.35,0.01,118.12644169828253,0.12418176604824206,0.18004726079940436,0.01733407934080865
1.35,0.01,118.69887332401028,0.12482442389270838,0.17648925692328563,0.015124178199909738
1.35,0.01,119.27674616576329,0.12006998969843226,0.17293593057802595,0.016160942932699127
1.35,0.01,119.86013812915239,0.11468608228936346,0.16938803660173443,0.017665378651434714
1.35,0.01,120.44913770481129,0.11428096262476778,0.16584629620737135,0.016032818870796103
1.35,0.01,121.04381691234232,0.112120020933869,0.16231156051974543,0.015520709910826953
1.35,0.01,121.6442675253863,0.10992219123461591,0.15878459329173922,0.015036309791122408
1.35,0.01,90.31819625852626,0.3314699564872431,0.39366270175670126,0.009825511908776785
1.35,0.01,90.71066171215192,0.33160161455604237,0.39018664722367596,0.008796318574941318
1.35,0.01,91.10646183381535,0.32977859223132205,0.38669101004624634,0.008376257056384994
1.35,0.01,91.50564539576773,0.32421952063508475,0.383175798506547,0.009071143621294442
1.35,0.01,91.90824976495509,0.3159035356872633,0.3796411357712549,0.010700846883238207
1.35,0.01,92.31431907045203,0.3078350770427363,0.3760870999360125,0.01238632920357244
1.35,0.01,92.72389820362743,0.31249782780353086,0.3725137775342241,0.009669210749516984
1.35,0.01,93.13703917676203,0.31541053797232366,0.3689212087895422,0.007761526914388376
1.35,0.01,93.55378222751713,0.3057228049233897,0.36530955249813474,0.00971937487606353
1.35,0.01,93.974181093948,0.3096997702217254,0.3616788667423725,0.007470235956659542
1.35,0.01,94.39827103381283,0.2995759551861354,0.35802938602329776,0.009543360712890159
1.35,0.01,94.82611398232794,0.2910697011675009,0.3543611322740286,0.011304301986524408
1.35,0.01,95.25775994978738,0.2884211902121935,0.3506742485958206,0.011051405381585448
1.35,0.01,95.69325314398748,0.27093553501448064,0.346968945755527,0.01666166272122229
1.35,0.01,96.13264519533385,0.27036396918512545,0.3432453897370062,0.015474938980913674
1.35,0.01,96.57598866221807,0.2800205096290196,0.339503758090932,0.010421848840429987
1.35,0.01,97.02334393435862,0.2689298254558203,0.33574418261696537,0.01329630877908615
1.35,0.01,97.47475873550275,0.27139140715922616,0.331966922353825,0.011053489953375765
1.35,0.01,97.93028853861777,0.2696765797988636,0.32817219199186626,0.010426650183446887
1.35,0.01,98.38999690963874,0.26880118148622395,0.32436016089160025,0.009516582382010296
1.35,0.01,98.85392728709994,0.26090193797948985,0.3205311874661951,0.01109298418807603
1.35,0.01,99.32215969704936,0.26108825299294763,0.3166853509474564,0.009760594519814406
1.35,0.01,99.79473238555623,0.25321220326195915,0.31282309810264874,0.011359323545033537
1.35,0.01,100.27172064057021,0.24373259379285825,0.30894459583816375,0.013764944485336121
1.35,0.01,100.75317918383026,0.24407603015356677,0.30505020415648376,0.012187665652014533
1.35,0.01,101.23917860858134,0.23894457880024247,0.30114017988920494,0.012845488756234938
1.35,0.01,101.72977585984091,0.24165989364335275,0.29721491618006446,0.010384271989850966
1.35,0.01,102.22503645516733,0.23520630536990564,0.29327476363531746,0.011497565639554435
1.35,0.01,102.72502716284662,0.22792895143183797,0.2893200904756491,0.013026651370461127
1.35,0.01,103.22982382296117,0.22567357594174622,0.28535122201239216,0.012480834725069506
1.35,0.01,103.73948815924768,0.2274213292567919,0.2813686239714388,0.010343408465203959
1.35,0.01,104.25409882545955,0.22557068196441923,0.277372659253096,0.009674511028745643
1.35,0.01,117.81327779566458,0.12389975472064799,0.18200977423585765,0.018552708953323848
1.35,0.01,118.32521939136312,0.12016430718638846,0.17880744571483206,0.01923307881681216
1.35,0.01,118.84151081011129,0.11497332073427122,0.17560858179682218,0.02093653309254298
1.35,0.01,119.3622156716338,0.11242856167139516,0.1724136722290478,0.020869652865079413
1.35,0.01,119.88738271829457,0.10851850611137016,0.16922331774103827,0.02177639703668227
1.35,0.01,120.4170695131445,0.10787753799587232,0.1660380837214816,0.020372730179028492
1.35,0.01,120.95133461358978,0.10712736989904374,0.16285854923585208,0.01907154622735481
1.35,0.01,121.49024586572945,0.10811282563672932,0.15968525873157016,0.016655988639457317
1.35,0.01,122.03385575655906,0.10179030910338835,0.15651886773949408,0.019136447724441896
1.35,0.01,122.58223438332028,0.09887897991731034,0.15335994905214426,0.019354310015201617
1.35,0.01,123.1354277371006,0.09664239990606067,0.15020923457165666,0.01910272550335418
1.35,0.01,123.69351660772026,0.09317571855441399,0.14706727763360394,0.01974810567461138
1.35,0.01,124.25656622983755,0.09204271709958937,0.1439347428418819,0.01870835548438003
1.35,0.01,124.82463426918984,0.08874629743870918,0.1408123571801042,0.019251680969499054
1.35,0.01,125.39778807374881,0.08584874356975597,0.1377008142125444,0.019525209384708125
1.35,0.01,125.97609620197376,0.08390050569276927,0.1346008222913155,0.01909737295385508
1.35,0.01,126.55963742769964,0.08106537250143289,0.13151305743275551,0.019351454255645106
1.35,0.01,127.14847400295673,0.07656364499031974,0.1284383053391655,0.020951540735468836
1.35,0.01,127.74267828804871,0.07342454153921327,0.12537731911824523,0.02152774614386844
1.35,0.01,128.3423331999455,0.07174168543140332,0.12233082027836381,0.020920815856056183
1.35,0.01,128.94749540094026,0.06915836952084377,0.11929968526244297,0.021074251275415814
1.35,0.01,129.55826927897922,0.06706379368842036,0.11628457310445559,0.020834106035249905
1.35,0.01,130.1747047231763,0.06367124157292962,0.11328643583826406,0.021729587340017745
1.35,0.01,130.79689994098575,0.06138382840024447,0.11030600941848873,0.021697637401618272
1.35,0.01,131.42492631279052,0.059164684756347355,0.10734418266081325,0.021624497581402956
1.35,0.01,132.0588759221565,0.05726588519912262,0.10440176797077103,0.021281166859977007
1.35,0.01,132.69882304956582,0.05663244227884962,0.10147968293734078,0.019819484417609935
1.35,0.01,133.3448531577338,0.054838895930076174,0.09857881397533762,0.019407622727991288
1.35,0.01,133.99705334085593,0.05126570834042624,0.09570006171415679,0.020631248552784236
1.35,0.01,134.65552252660194,0.05056422733855037,0.09284429709226263,0.01925378676304016
1.35,0.01,135.3203412289329,0.04735050612680241,0.09001249288443566,0.02021991676694452
1.35,0.01,135.9916120457403,0.045872533720142106,0.08720554800269055,0.019590703903708557
1.35,0.01,132.15722408358184,0.058013328430843475,0.10394955203027281,0.020299622243318976
1.35,0.01,132.73149534948942,0.05725910072538716,0.10133179359019677,0.019168734585033098
1.35,0.01,133.3106460360383,0.05452612352554638,0.09873118171333216,0.01979199616043547
1.35,0.01,133.8947475087517,0.051543976294978436,0.0961483248463298,0.020692486456423024
1.35,0.01,134.4838544444507,0.049848655006429814,0.09358391955508388,0.020439124309330634
1.35,0.01,135.0780314145755,0.04976304664962753,0.09103863138724828,0.018713746784984553
1.35,0.01,135.67734410598572,0.04866504100355784,0.08851313453425896,0.01793937777016495
1.35,0.01,136.28186862514656,0.04516712814336009,0.08600807351683602,0.019393328449250045
1.35,0.01,136.89166384942533,0.04316924284595671,0.08352417800545742,0.019497597349848805
1.35,0.01,137.50680841050973,0.041936136715577346,0.08106210948087753,0.01888480024310415
1.35,0.01,138.12735389897236,0.04020704095597318,0.07862264997309626,0.018770151052673184
1.35,0.01,138.75339094091728,0.03882870096791359,0.07620643912470182,0.01833303492151444
1.35,0.01,139.384992713422,0.036520960778678634,0.07381419946428629,0.01884170880068422
1.35,0.01,140.02222390311533,0.03564238221568966,0.07144669650739502,0.017942731918564346
1.35,0.01,140.66516005768722,0.03263337567418117,0.06910466515952501,0.019248410417055776
1.35,0.01,141.31387808269406,0.03159605476462102,0.06678884647075334,0.018544003280750863
1.35,0.01,141.96846634280527,0.029667320815660727,0.06449995237978523,0.01881105608478408
1.35,0.01,142.6289946693308,0.02784736907853604,0.062238770652061626,0.019003725327475116
1.35,0.01,143.29554423255172,0.026178089781263597,0.06000605821578983,0.019070265277084754
1.35,0.01,143.96820804470553,0.02527309983355092,0.05780254276502389,0.01830654166432707
1.35,0.01,144.64704966680594,0.023218655075310717,0.055629056844107766,0.01888283214577104
1.35,0.01,145.33218619619095,0.022322634335713534,0.05348626941855303,0.018157410530477373
1.35,0.01,146.02367359605017,0.02104770178699371,0.051375050525013434,0.017902621449095425
1.35,0.01,146.72162203074524,0.019385033036168876,0.04929610812529728,0.01814894617468511
1.35,0.01,147.42611157132953,0.018613916479441855,0.04725024875595824,0.0173552425191761
1.35,0.01,148.13724551268365,0.017441800720988457,0.04523821618007589,0.017079380612591136
1.35,0.01,148.85510717905169,0.01665159451338531,0.04326081611402009,0.016367020731313058
1.35,0.01,149.579792438365,0.015332631113667198,0.04131882146290863,0.016343207888279202
1.35,0.01,150.3113989886701,0.014680235253005318,0.03941300307338098,0.015520507354329223
1.35,0.01,151.0500378022315,0.013412762857910356,0.03754410037832792,0.015510331707413977
1.35,0.01,151.79579919570781,0.011742756282339615,0.035712906824781336,0.01608852843724902
1.35,0.01,152.54879825844037,0.010905405768283742,0.03392015404527482,0.015615454975418944
1.35,0.01,140.44670106294924,0.033865856288310674,0.06989520473059206,0.01857228910307719
1.35,0.01,141.05699312508392,0.03295292145360488,0.06770022102000856,0.017834134201726783
1.35,0.01,141.67247066638492,0.031080426626786877,0.06552901797891038,0.018109617429754903
1.35,0.01,142.29320952873215,0.02857762030597082,0.06338219269799954,0.019111965172359847
1.35,0.01,142.91926781851512,0.02700207543590401,0.061260412165599576,0.01915810870342553
1.35,0.01,143.55071415737606,0.024654113674139718,0.059164313626198256,0.020129598870284208
1.35,0.01,144.1876183523408,0.024459851081155885,0.05709453751105953,0.018653671696208
1.35,0.01,144.83006128360356,0.023501894811688778,0.055051696004344626,0.018081004356660574
1.35,0.01,145.47810552157668,0.02225874103592167,0.05303646648089271,0.01786069937195547
1.35,0.01,146.1318346300701,0.0206438980108264,0.05104946617506471,0.018109857842974208
1.35,0.01,146.79130343564177,0.01924953238668422,0.049091404601313594,0.01814039228469009
1.35,0.01,147.45660824886005,0.017499902586475952,0.04716287145091915,0.01865644933787802
1.35,0.01,148.12782683678753,0.017071961095296052,0.04526451791740446,0.017559454882920527
1.35,0.01,148.80502794348033,0.014986852948893155,0.04339702325591336,0.01859892030184145
1.35,0.01,149.48829185530866,0.01416316908601613,0.041561036027859655,0.018061222354028492
1.35,0.01,150.17770030168052,0.013336702810984723,0.03975720316386988,0.017557644485695727
1.35,0.01,150.87334718988248,0.012415492450656311,0.03798614239705154,0.01721307027827691
1.35,0.01,151.57530673134858,0.0116161329967387,0.036248523162593776,0.016738741122260314
1.35,0.01,152.28366518771355,0.011159384818344836,0.03454498320282337,0.015831132659385048
1.35,0.01,152.9985214053478,0.010221305036464309,0.032876130312969765,0.015611360078668224
1.35,0.01,153.71994293208877,0.008848898924330302,0.031242643262231518,0.016051131822047517
1.35,0.01,154.4480542101297,0.007935682608411692,0.029645069015955462,0.015898005092799285
1.35,0.01,155.18291471291542,0.007476843329368652,0.02808409582878056,0.015120973029130898
1.35,0.01,155.9246415147963,0.006637396720732297,0.02656028151794865,0.014944169111119055
1.35,0.01,156.67331970923118,0.005930452127060844,0.02507424669478014,0.014615987268217005
1.35,0.01,157.42905907020557,0.004981861393074917,0.02362655546715577,0.014713300785605956
1.35,0.01,158.19194814842334,0.004180482085739772,0.022217805498650756,0.014643437036196232
1.35,0.01,158.9620888250702,0.004373846507430758,0.02084855873089856,0.013018460717086776
1.35,0.01,159.7395849262399,0.003222205669577719,0.01951936326513869,0.013606865248975813
1.35,0.01,160.52455438486095,0.0031863120603167743,0.01823073262897,0.01241500244959183
1.35,0.01,161.31709318264637,0.0029281596956232062,0.01698320417339118,0.0116317435305608
1.35,0.01,162.11732362784244,0.002745010102920894,0.01577725857091786,0.010764829603837107
1.35,0.01,137.0575082211677,0.03948903620649381,0.08285609192438806,0.02269840971204887
1.35,0.01,137.6530730061735,0.03912328136996715,0.08048312608874154,0.02125460128468375
1.35,0.01,138.25369813683432,0.036991302600712934,0.0781313987736505,0.021662321930544307
1.35,0.01,138.85945762484977,0.03561068797347518,0.07580151945814784,0.02130963794625792
1.35,0.01,139.47040817441373,0.032673353925705036,0.07349417530850985,0.022673081932982928
1.35,0.01,140.08661675122374,0.031291866031447096,0.07121002334050182,0.022376895950884122
1.35,0.01,140.7081514777557,0.030648640381101388,0.06894972617959876,0.021275982583639514
1.35,0.01,141.33509128244157,0.029949949633604332,0.06671391775478051,0.020259481042364774
1.35,0.01,141.96749722577425,0.02798018551194328,0.06450330566316106,0.020680154169867997
1.35,0.01,142.60545085504174,0.026937026829890572,0.062318534143557036,0.02008794136433421
1.35,0.01,143.24900567375363,0.02498503107007263,0.060160351623608666,0.020566754393078725
1.35,0.01,143.89825566835742,0.023683069450095667,0.05802937746217672,0.020328821808051373
1.35,0.01,144.55327672927817,0.021890260604879613,0.05592630156271656,0.0207139047588271
1.35,0.01,145.21413594167313,0.01948177701309047,0.053851848214668714,0.021936142092887037
1.35,0.01,145.88091165448012,0.019498576431581,0.05180671118107003,0.02014826934956154
1.35,0.01,146.553683624852,0.019003978355376976,0.04979158595141966,0.01903688672244189
1.35,0.01,147.23254349394952,0.01705937772712902,0.04780713900390209,0.019775808451040305
1.35,0.01,147.91756368237174,0.01610257989343407,0.045854098607742394,0.01930368042734531
1.35,0.01,148.60882837012872,0.014916432080260916,0.04393316182092472,0.019164807856868277
1.35,0.01,149.30643401827734,0.013833455843738074,0.04204499619540427,0.018929506030034675
1.35,0.01,150.0104465446229,0.012789320102764727,0.04019035428895865,0.018681514203004606
1.35,0.01,150.72098738837897,0.012435066507214555,0.03836984397666681,0.017529721590711513
1.35,0.01,151.43811458780547,0.010947836979457932,0.03658423901793491,0.01796470630853442
1.35,0.01,152.16194239207042,0.010699479193343417,0.03483416992608928,0.016721606916461483
1.35,0.01,152.89255384119784,0.009569474186394644,0.033120344739214325,0.016746308293674673
1.35,0.01,153.63005606015977,0.008414748748897957,0.03144341255930151,0.01686583337264748
1.35,0.01,154.3745354627967,0.007845404446268004,0.02980406770482287,0.016178425605461264
1.35,0.01,155.12609147174612,0.007055518376988248,0.02820297005171197,0.015857007666737862
1.35,0.01,155.88482540761999,0.006564575365804224,0.02664077051274179,0.015129202490038582
1.35,0.01,156.6508523574456,0.005824033817063629,0.02511808681492129,0.014820415417268189
1.35,0.01,157.424265986751,0.005224439413181574,0.02363557278669064,0.014341511210932687
1.35,0.01,158.2051856522982,0.004915224553816023,0.02219382358952132,0.013451940060370425
1.35,0.01,152.82502097596785,0.009439771120893708,0.033276556067003776,0.01707485340198727
1.35,0.01,153.48910134589693,0.00898478335322368,0.03175982273230673,0.016332031292830517
1.35,0.01,154.15882421904158,0.007735727719680863,0.030273574972648442,0.016778809878153632
1.35,0.01,154.8342721216327,0.007300821242422177,0.02881827397770551,0.01606622147368508
1.35,0.01,155.51550828128714,0.006100888012045471,0.027394420090196804,0.016551345378744333
1.35,0.01,156.20260736763996,0.0055978158690020005,0.026002484290342787,0.01601195057887191
1.35,0.01,156.895645340184,0.004909709513718613,0.024642930420535496,0.015801692441282846
1.35,0.01,157.59471020751818,0.0045850344086179416,0.023316194436690994,0.015047753909838936
1.35,0.01,158.29987005472037,0.004288000928304518,0.022022744747724612,0.014281650264005151
1.35,0.01,159.01121581052652,0.0037997175813943023,0.02076300034553211,0.01385892969933967
1.35,0.01,159.72880713365288,0.0029467623710696575,0.019537427547863452,0.014088352744196293
1.35,0.01,160.45274882303383,0.0026515501088741557,0.018346405627880803,0.013426525868813838
1.35,0.01,161.18312549975977,0.002212277456605362,0.017190341017016518,0.01305049084236564
1.35,0.01,161.92001196666854,0.0018716716975542412,0.016069644246151506,0.012544299139602805
1.35,0.01,162.66349558619828,0.0016284717403168435,0.014984693612835099,0.011904725402936281
1.35,0.01,163.41366529100722,0.0012489081953248843,0.013935852699294659,0.011549961406735844
1.35,0.01,164.1706232649342,0.0012382564620712873,0.012923454152579172,0.010565584359580858
1.35,0.01,164.9344502600642,0.001015680059028527,0.011947845455942251,0.01000282776557329
1.35,0.01,165.70524014073192,0.000588022509213741,0.011009339961449878,0.009864701954937076
1.35,0.01,166.48310046516764,0.00045454794651187563,0.010108218610854614,0.009219562900580403
1.35,0.01,167.26810473456155,0.0004496981412960741,0.00924478347964096,0.008367262065046586
1.35,0.01,168.06038835886378,0.000349926778841701,0.00841924903313303,0.007733939379551839
1.35,0.01,168.86001605323233,0.00015605631353342498,0.007631885064213002,0.007322963466988548
1.35,0.01,169.6671152104071,0.00013837641574960708,0.006882874824457956,0.00660890397475037
1.35,0.01,170.48177842358913,0.00023885032270449394,0.006172413273011463,0.005703955281023867
1.35,0.01,171.3041251417332,0.00012196314549128387,0.005500646909339419,0.005259424847350876
1.35,0.01,172.1342517199909,0.000256238787906039,0.004867716061089083,0.00436872701164205
1.35,0.01,172.97226901888246,0.00032798994720066794,0.004273721146689064,0.003642913087737975
1.35,0.01,173.8182900152513,0.00025623539017537807,0.0037187325149122727,0.003223917367203833
1.35,0.01,174.6724430360865,0.0004786783546984939,0.0032027814404813277,0.0023169665991496246
1.35,0.01,175.53483252248347,0.0005037341412467125,0.0027258827942428284,0.0018115029180423988
1.35,0.01,176.4055915623692,0.0007043334018214194,0.0022880019216260173,0.0010961555394314172
1.35,0.01,17.582631500544895,0.9661395994385934,0.9678452480955034,3.0058910208462557e-06
1.35,0.01,17.65903443742422,0.985854247091283,0.9675690239578622,0.0003455561068618397
1.35,0.01,17.7360865484646,0.9575739935737813,0.9672893067443755,9.757919305487164e-05
1.35,0.01,17.81379732836983,0.9662361467201895,0.9670060335601951,6.129493776078431e-07
1.35,0.01,17.892174051523913,0.9448244083186701,0.9667191488814256,0.0004958830751051684
1.35,0.01,17.971225308723493,0.9604880057812293,0.9664285916885005,3.6516470254683915e-05
1.35,0.01,18.050959839164314,0.9859429812837351,0.9661342996775276,0.00040613801529153096
1.35,0.01,18.131387768300648,0.9743787493717959,0.96583620464237,7.555636256280566e-05
1.35,0.01,18.21251692937098,0.9778511983319018,0.9655342460769122,0.00015712266392217596
1.35,0.01,18.294357783793522,0.9692498528138384,0.9652283529153975,1.6755062555209596e-05
1.35,0.01,18.376917195347627,0.9767775879961115,0.9649184667334453,0.00014575195933261406
1.35,0.01,18.460207221228067,0.9923276311547946,0.9646045088169142,0.0007967737089511813
1.35,0.01,18.54423759715377,0.9604038606075825,0.9642864082441462,1.5632467720492645e-05
1.35,0.01,18.62901692924648,0.9646649436794781,0.963964097520328,5.095473369381476e-07
1.35,0.01,18.714555268619176,0.9573912496740138,0.9636375028082206,4.048792009743203e-05
1.35,0.01,18.800862847039873,0.9731296589119935,0.9633065486579336,0.00010016904296752722
1.35,0.01,18.88795142083467,0.9545268084623847,0.9629711527936619,7.404889645791072e-05
1.35,0.01,18.975830280590575,0.9377752532066826,0.9626312414417072,0.0006418035531595527
1.35,0.01,19.064510225468585,0.9428785049653119,0.9622867340524325,0.00039144190911981266
1.35,0.01,19.154003630122514,0.9431355007336434,0.961937542899133,0.00036750493023424857
1.35,0.01,19.244318950918554,0.9539640677923776,0.9615835945072851,6.0376640877424384e-05
1.35,0.01,19.33547176687147,0.9604422109329365,0.9612247864232379,6.371292195860363e-07
1.35,0.01,19.427469523507956,0.9544170096304724,0.9608610470339262,4.3217089698137376e-05
1.35,0.01,19.520326877456796,0.9517620203103928,0.9604922751907923,7.935238236205378e-05
1.35,0.01,19.614054481634135,0.9498478980152592,0.9601183843965889,0.00010986446278223668
1.35,0.01,19.708666078730424,0.954609904674185,0.9597392746588694,2.7414150003533915e-05
1.35,0.01,19.804172754476987,0.9731477265627554,0.9593548553801959,0.0001983033643826036
1.35,0.01,19.900587263458533,0.9680428520238489,0.9589650280533825,8.593315254264653e-05
1.35,0.01,19.99792260374431,0.9523788920974117,0.9585696918965478,3.9982488990608236e-05
1.35,0.01,20.096193539449168,0.9572112689902147,0.9581687375878399,9.567689692593512e-07
1.35,0.01,20.195412086598235,0.962875823837739,0.9577620656278333,2.730377822203205e-05
1.35,0.01,20.295593557055792,0.9538060223089726,0.9573495616361309,1.3116077414458898e-05
1.35,0.01,152.40880154766396,0.009856167379765312,0.03424921431486892,0.017373266823228876
1.35,0.01,153.07107329260376,0.0089140409836876,0.03270955994742372,0.01731074106969521
1.35,0.01,153.73897217338381,0.008459517717005564,0.03120024028873551,0.0165748871899264
1.35,0.01,154.41258049147447,0.007780808057369626,0.02972172330114637,0.016197033962563903
1.35,0.01,155.09196130229205,0.0071355938589511255,0.02827451715726065,0.015804127643504782
1.35,0.01,155.7771890721086,0.006282776445340563,0.02685910067474047,0.015763190432938078
1.35,0.01,156.46833955354103,0.005627242039288042,0.025475945900261112,0.01546443246908329
1.35,0.01,157.16550051549655,0.004998318664681054,0.024125497005773655,0.015164410963405553
1.35,0.01,157.8687398576231,0.00452771661409891,0.022808231722607424,0.014651606345316674
1.35,0.01,158.57814826101202,0.004297926246746126,0.021524578030103006,0.013786915183656805
1.35,0.01,159.2937852218987,0.0036010661526816633,0.02027501272968455,0.01371246953870948
1.35,0.01,160.01575525379744,0.0031560021853294863,0.01905992451966436,0.01327050090652771
1.35,0.01,160.74414274733272,0.0024938210731325684,0.01787973040078649,0.013239920319401174
1.35,0.01,161.47902230161674,0.002445112954632906,0.016734852265271206,0.012201879426791122
1.35,0.01,162.2204810411556,0.001981940151653585,0.015625679831788808,0.011913186143785592
1.35,0.01,162.9686076563993,0.0014224116212161804,0.014552588537394618,0.011846795874640355
1.35,0.01,163.7235040528886,0.001171867675415498,0.013515922951931965,0.01127379175004201
1.35,0.01,164.48525076277994,0.0012067102362941218,0.012516043670040087,0.01021896583996456
1.35,0.01,165.2539413947682,0.0008103061612269378,0.011553277234427988,0.009989496931287707
1.35,0.01,166.02968321414843,0.0005825034005183455,0.010627917861100535,0.009494837371129659
1.35,0.01,166.81254952193015,0.00044435003711783776,0.009740282472788775,0.008871853572006047
1.35,0.01,167.60267535927414,0.0005951380113562142,0.008890598989869353,0.007740161593661686
1.35,0.01,168.40012526508636,0.00018950338683020566,0.008079153348579666,0.007704591537413553
1.35,0.01,169.20502628515214,0.00010578549447869468,0.007306143560307647,0.007096104237235239
1.35,0.01,170.01747076049477,0.00018492296591485124,0.006571780919869037,0.006207138524757875
1.35,0.01,170.8375778147493,0.00017837505588975548,0.005876227995837821,0.0055248925242979705
1.35,0.01,171.66544354064388,0.0001811178865526948,0.005219642383550248,0.004863691272576635
1.35,0.01,172.50117849676963,0.0003256655145587038,0.004602141865924258,0.003973856199262552
1.35,0.01,173.34489535227732,0.00046551707564539146,0.004023814617192545,0.003146636363435291
1.35,0.01,174.19672208465695,0.00047873804575457546,0.0034847098398585654,0.002593003963657273
1.35,0.01,175.05676285055833,0.00042310438941195943,0.0029848614977925846,0.002198627804737991
1.35,0.01,175.92515037544308,0.000937136906774221,0.0025242537656424355,0.0009978948860011403
1.35,0.01,128.64812250328686,0.06664850930438901,0.12079374236510822,0.02427034882600372
1.35,0.01,129.20714544493,0.0656571598078876,0.11801249532162836,0.023227041757619728
1.35,0.01,129.77091824651276,0.06357667301863154,0.1152452219865094,0.023164855830279017
1.35,0.01,130.33951037862704,0.06191811408381341,0.11249251681598375,0.022737247633100626
1.35,0.01,130.91297506628882,0.05856515591112439,0.10975506912725908,0.023875045006231867
1.35,0.01,131.4913751664067,0.05613675207295377,0.10703353639283346,0.024202532602461965
1.35,0.01,132.07477462169155,0.05533846065188463,0.10432858651396715,0.023004552368409387
1.35,0.01,132.6632475177934,0.05567496362454646,0.10164085678454007,0.02078753958631842
1.35,0.01,133.2568511687396,0.05148166047456251,0.09897107715982234,0.02278690665823893
1.35,0.01,133.85566211835192,0.05026077674146367,0.09631990585170136,0.02202497350505947
1.35,0.01,134.45973058734543,0.04846403490474277,0.09368813250464023,0.021830075475394433
1.35,0.01,135.06914479547675,0.04580997515134039,0.09107639500360899,0.02249813210284247
1.35,0.01,135.68397597679066,0.04421325706034209,0.08848542225705812,0.02215081943680244
1.35,0.01,136.3042871003259,0.043493947153507614,0.08591599179544106,0.020946390002538354
1.35,0.01,136.9301517077941,0.039537675586756964,0.08336885021132934,0.02304424091372057
1.35,0.01,137.56164466271863,0.03864023198437052,0.08084475300211258,0.022032618422255377
1.35,0.01,138.19885198346822,0.03651545780183355,0.07834442617739723,0.022332955651523975
1.35,0.01,138.84184164715856,0.034874329165103815,0.07586868101579335,0.022150601027429224
1.35,0.01,139.4906926687987,0.03397421476452654,0.07341829794212831,0.021191388813561824
1.35,0.01,140.14549559092092,0.03175352365452782,0.07099402802421238,0.0216893903056477
1.35,0.01,140.80631228683663,0.028840233619903916,0.06859674077635262,0.023041617479086285
1.35,0.01,141.4732567446595,0.028428140700725683,0.06622712857401039,0.021573689136288723
1.35,0.01,142.14638344161784,0.028233281742106632,0.0638861093008052,0.019896721319266113
1.35,0.01,142.8257996169367,0.02513697414574092,0.06157442521994285,0.021562326177506003
1.35,0.01,143.51158321558478,0.02460194918088477,0.05929293173448125,0.02029692638446602
1.35,0.01,144.20383478970763,0.02370140589233245,0.05704241846405875,0.019487657593066848
1.35,0.01,144.90263545108448,0.022644773119384124,0.05482374858923996,0.01888755309396728
1.35,0.01,145.60807852211553,0.020592571018463568,0.05263775338043422,0.019508691892493605
1.35,0.01,146.32025910672232,0.019640629519219577,0.050485266707843396,0.018844936460443166
1.35,0.01,147.03928523058093,0.01807812486835155,0.04836709200486984,0.01896788688690886
1.35,0.01,147.76524481221898,0.01782907027866486,0.046284099332784746,0.017493884295967585
1.35,0.01,148.49824988507078,0.015853617190507967,0.044237094412668966,0.018211453304451477
1.35,0.01,178.397373536965,0.0016998886603666731,0.001444552362776713,4.513275291843903e-05
1.35,0.01,179.17257509137167,0.0019253404322470353,0.0011733161095613756,0.00048200188960351273
1.35,0.01,179.95436331429246,0.0018880381860963264,0.0009307792310354442,0.000984492000347779
1.35,0.01,180.74283454114908,0.0026325673702202695,0.0007167924854128837,0.005120301180535764
1.35,0.01,181.53806257949412,0.004171283437229361,0.0005311897222273442,0.02494453808036253
1.35,0.01,182.34013459350203,0.0037504673462265617,0.00037377628890628483,0.030504991448094525
1.35,0.01,183.149139253038,0.004037203802550985,0.0002443322464064099,0.05887833003213925
1.35,0.01,183.96517929326149,0.0041910255689203944,0.00014261032355411334,0.11492622406606547
1.35,0.01,184.7883341919896,0.0036881945084403455,6.834008826697221e-05,0.19173732951675698
1.35,0.01,185.6187100931481,0.005175164975662689,2.1221029476954927e-05,1.2517365488451415
1.35,0.01,186.45637663820153,0.005229343704665682,9.265347396312509e-07,29.503854451973435
1.35,0.01,187.30145616218724,0.00446588762731753,7.099202937421276e-06,2.800426243429461
1.35,0.01,188.15404744592115,0.0052408455905203,3.935408107015929e-05,0.687489408649846
1.35,0.01,189.01423780906944,0.007231202483347215,9.7275088851487e-05,0.5231855418568309
1.35,0.01,189.88212923250796,0.005560492121439258,0.00018041541060127218,0.16043654651249162
1.35,0.01,169.31215973182833,3.92656426651334e-05,0.007206688984637459,0.007128371638148899
1.35,0.01,170.04788272371903,0.00015050548964302374,0.00654517375615069,0.00624762363264275
1.35,0.01,170.78985694593595,6.054101897438072e-05,0.005915460510224624,0.005794998071539879
1.35,0.01,171.5381738278425,2.508326431993906e-05,0.005317646801129308,0.005267598589890431
1.35,0.01,172.29290341820612,0.00010352432929699562,0.0047518300319430475,0.004547036775306691
1.35,0.01,173.0541284422057,6.800625627208646e-05,0.004218078036020353,0.004083161959069038
1.35,0.01,173.8219330540307,0.0006087527764073741,0.0037164381001136264,0.0025986462873911344
1.35,0.01,174.59641475686396,0.00018778461110698124,0.0032469291887911537,0.0028822204005805978
1.35,0.01,175.3776489809688,0.0005824603077179446,0.0028095628583209935,0.001765394127493099
1.35,0.01,176.16573646469666,0.0007077196059861732,0.002404313685331523,0.001197194645453593
1.35,0.01,176.96074330289267,0.0009006681364445593,0.0020311505916630326,0.0006291953864978642
1.35,0.01,177.76278560045776,0.0015434678376838682,0.0016899938059158487,1.2704105358944978e-05
1.35,0.01,178.57195710761346,0.0011142926579126898,0.0013807506502451197,5.142120459275171e-05
1.35,0.01,179.38834069711154,0.001504406198720168,0.0011033057565197955,0.0001458177515911907
1.35,0.01,180.2120331562646,0.0017610459152650293,0.0008575107012574689,0.000952029965054127
1.35,0.01,181.04313301200463,0.001974320029044751,0.0006431885588457101,0.002754885743201336
1.35,0.01,181.88175347201394,0.0025184854959903508,0.00046013042595899724,0.009207879669103488
1.35,0.01,182.72798400011104,0.0024190351419560055,0.00030810315417676527,0.01446279856801821
1.35,0.01,183.58192858694548,0.0026234471436353294,0.00018683884476839626,0.03177636861042861
1.35,0.01,184.44370639439379,0.0027944113318018925,9.603631053761957e-05,0.0758174456580227
1.35,0.01,185.3133988531351,0.003695209540117017,3.5365282936329237e-05,0.37874601515088996
1.35,0.01,186.1911559814778,0.003837831005696634,4.456695511563289e-06,3.297231898356085
1.35,0.01,187.07704947621,0.0043021197299194305,2.910920706599594e-06,6.349604901057041
1.35,0.01,187.97122047351343,0.004680397582415656,3.0290552448761555e-05,0.7138692972577864
1.35,0.01,188.87377155577119,0.0049473094622650505,8.6122032180618e-05,0.27439137967449334
1.35,0.01,189.7848350583847,0.00572575992533863,0.0001698958074942949,0.18168562574439476
1.35,0.01,183.82684078418677,0.003200889426064599,0.00015785804230917204,0.05866055265264386
1.35,0.01,184.62563535101395,0.0035140252924313496,8.081149912870256e-05,0.14585742224322962
1.35,0.01,185.43121704951378,0.0036241318189697896,2.9473128699964908e-05,0.4384187111953186
1.35,0.01,186.24368514704577,0.0045144758480202924,3.5465447667494876e-06,5.737551481015557
1.35,0.01,187.06311569747191,0.004454534152604107,2.7110434862153513e-06,7.310369271332962
1.35,0.01,187.88959851778054,0.004948469722836098,2.661888677608099e-05,0.9100536718985659
1.35,0.01,188.723224976476,0.0057399143527326665,7.489572731440855e-05,0.42849488451608614
1.35,0.01,189.56410093542948,0.0057181250262094046,0.00014714135552231847,0.21092546652769303
1.35,0.01,38.260405934745904,0.8530262173305093,0.8552411027659126,5.736063755701259e-06
1.35,0.01,38.42666133169938,0.8190846190505865,0.8540614360612598,0.0014324235664357737
1.35,0.01,38.59432935377234,0.8269853819373166,0.8528679414013526,0.0007854755137221229
1.35,0.01,38.76343066176413,0.8664895939406456,0.8516603913870228,0.00025820767362238686
1.35,0.01,38.933981084982484,0.8317240413415107,0.850438591481917,0.00041182795614612037
1.35,0.01,39.10599931729397,0.8138995472007426,0.8492023251729429,0.0014675962319117043
1.35,0.01,39.279504375486624,0.8370297097946711,0.847951372002079,0.000140671634378146
1.35,0.01,39.45451829289437,0.8714945057613065,0.8466854880213934,0.0007269374164633958
1.35,0.01,39.631058114911355,0.8624632337990615,0.8454044636252297,0.0003442158781558275
1.35,0.01,39.80914660594046,0.8635040347964286,0.8441080460713929,0.0004456827302767973
1.35,0.01,39.98879870179971,0.8503402962332871,0.8427960379189638,6.753215600511424e-05
1.35,0.01,40.17004063935623,0.8372741730273041,0.8414681575780639,2.0903353565556847e-05
1.35,0.01,40.352893603866534,0.849110061991665,0.8401241583770706,9.611253642171941e-05
1.35,0.01,40.53737632254507,0.819710438024437,0.8387638100133106,0.00043281669978182687
1.35,0.01,40.72351066695661,0.8361629264443441,0.8373868573470914,1.7889065747289609e-06
1.35,0.01,40.91131890177735,0.8489855214369092,0.8359930404927974,0.0002019210123849848
1.35,0.01,41.10082660917392,0.839269056465154,0.8345820729778515,2.6321933961346792e-05
1.35,0.01,41.29205400578058,0.8273471297999622,0.8331537063209566,4.046832011712345e-05
1.35,0.01,41.48502459094005,0.8345258644069153,0.8317076657838085,9.549321000662459e-06
1.35,0.01,41.679765292321164,0.8381058853197183,0.8302436488971648,7.445376022597275e-05
1.35,0.01,41.876294511265236,0.8206693902776427,0.828761415371168,7.901051967400785e-05
1.35,0.01,42.07464614823981,0.8506679562434211,0.8272606060745689,0.0006623112933264436
1.35,0.01,42.27483640496496,0.8189945267942131,0.825740993570651,5.5119964153366986e-05
1.35,0.01,42.47689717476491,0.8183928400332023,0.8242022296177451,4.094748367842533e-05
1.35,0.01,42.68085163874859,0.8141953191388013,0.8226440300134125,8.676986988115568e-05
1.35,0.01,42.88672970147921,0.8030433590716402,0.8210660571942484,0.00039560476866944914
1.35,0.01,43.0945554858863,0.8134693609564031,0.8194680157449541,4.3911243124594574e-05
1.35,0.01,43.30435674638129,0.8193318626985093,0.8178495804142555,2.6865096257674823e-06
1.35,0.01,43.51616176720625,0.8048352209566495,0.8162104197401662,0.00015853160439401281
1.35,0.01,43.73000267557873,0.8095787779137551,0.8145501702546043,3.0341583255613342e-05
1.35,0.01,43.94590561877933,0.8200767072382765,0.8128685126728398,6.391940157990084e-05
1.35,0.01,44.16390391594702,0.8227952466505127,0.8111650697485846,0.00016674906232348738
1.35,0.01,55.24641310659571,0.7011284131903464,0.7182737364180359,0.000409261948025433
1.35,0.01,55.48647889044959,0.7098210136509039,0.7161459554923307,5.586136316294595e-05
1.35,0.01,55.72858444541957,0.6943546986391326,0.7139960489158368,0.0005403148116547399
1.35,0.01,55.97275960482885,0.6973777337825667,0.7118237076658623,0.00029317113098292335
1.35,0.01,56.219027225530425,0.67939937685101,0.70962868516717,0.001287731316918495
1.35,0.01,56.467414300679465,0.6746678014322213,0.7074106986369494,0.0015155231881919897
1.35,0.01,56.71794828971617,0.6824187811879083,0.7051694617035199,0.0007339986939778232
1.35,0.01,56.970661007845784,0.6957658807488958,0.7029046495812911,7.250203917805287e-05
1.35,0.01,57.22557706789881,0.6779953288821743,0.7006160026898187,0.0007303499799424247
1.35,0.01,57.48272934071329,0.6807961549101578,0.6983031881671524,0.00043891567252611624
1.35,0.01,57.74213939298072,0.6733833368906287,0.6959659757333726,0.0007327593515824114
1.35,0.01,58.00384510963112,0.6790410863413444,0.6936039891785963,0.00030576257108670126
1.35,0.01,58.267877081281675,0.6828752121605526,0.691216918876612,0.00010066893479667784
1.35,0.01,58.53426234924055,0.6746578996072174,0.688804488538399,0.0002905410486108832
1.35,0.01,58.80303249512512,0.6488309196507251,0.6863663821700646,0.002052709723466097
1.35,0.01,59.07421966818919,0.664074560244383,0.6839022799940238,0.0005748459713772668
1.35,0.01,59.347860808002785,0.656623209913468,0.6814118200902453,0.0009017677363078972
1.35,0.01,59.62398510653345,0.6392876830050537,0.6788947125836465,0.0023106923105491823
1.35,0.01,59.902626495841346,0.6425589101591791,0.6763506262607255,0.0016882960298277732
1.35,0.01,60.183823858344994,0.6544855909517968,0.6737791864656554,0.0005524700604140102
1.35,0.01,60.46760376480544,0.6261726793716336,0.6711801331430373,0.003018073382921994
1.35,0.01,60.75401516606856,0.6378308776022048,0.6685530034226377,0.0014117788867816026
1.35,0.01,61.0430814567351,0.6402360906746384,0.6658975709477627,0.0009889082023091
1.35,0.01,61.33484868942061,0.6215114697828036,0.6632134039253703,0.0026221594752730056
1.35,0.01,61.629350336669056,0.6234015837542825,0.6605001886883368,0.002083733678844513
1.35,0.01,61.92662957940893,0.6390082146252811,0.6577575249617638,0.0005344471553011422
1.35,0.01,62.226721250133465,0.6475873218116532,0.6549850923920832,8.355458803009729e-05
1.35,0.01,62.5296654250426,0.6368120279175056,0.6521825254763021,0.0003622485822238631
1.35,0.01,62.83550294538946,0.630986727646272,0.6493494549847766,0.0005192731782860597
1.35,0.01,63.14428020152168,0.6352208450144367,0.646485463761705,0.00019627917816274706
1.35,0.01,63.45603494901007,0.6290239649582078,0.6435902184686371,0.0003296752114022892
1.35,0.01,63.77081529928658,0.631738250609367,0.6406632936646242,0.00012433425533489928
1.35,0.01,88.36417654634732,0.340963677046904,0.411109383508151,0.011968639812985135
1.35,0.01,88.74815107273461,0.3386248804577417,0.4076632163065889,0.011691738734636449
1.35,0.01,89.13538812215067,0.3309163143799577,0.4041964095801026,0.013285551838822286
1.35,0.01,89.52593541166688,0.33179847641777743,0.4007089378151979,0.011850625833046422
1.35,0.01,89.91982949980135,0.318185783890977,0.3972008887267922,0.015718461285994936
1.35,0.01,90.31711356090325,0.31456300960673644,0.3936723046026355,0.015897182711557926
1.35,0.01,90.71783151512382,0.32281399144459705,0.3901232353508286,0.011613085057992936
1.35,0.01,91.12203424946652,0.3235464981961709,0.3865536840815336,0.010269997769198092
1.35,0.01,91.52976113105723,0.32029481307758517,0.3829637709104914,0.01025527366864296
1.35,0.01,91.94106473533704,0.31217922634201883,0.379353515065687,0.01189493410849083
1.35,0.01,92.35597955726814,0.30877520419705207,0.3757231103979901,0.011929056320070255
1.35,0.01,92.77456619210841,0.30256577873583307,0.37207253851706096,0.012984537032860838
1.35,0.01,93.19687356818716,0.29918995095416356,0.3684019006592577,0.013002902464423278
1.35,0.01,93.62294493687216,0.29819469217352157,0.3647113646037486,0.012131422655274853
1.35,0.01,94.05283081155345,0.2835724951670314,0.3610010527121599,0.016607102606704748
1.35,0.01,94.4865826135302,0.2887966171130586,0.3572710979862215,0.013123800266177635
1.35,0.01,94.92425942599904,0.27626782236829406,0.3535215868809707,0.0168819793553075
1.35,0.01,95.3659079402116,0.2698273478713396,0.3497527318086347,0.018264523523490946
1.35,0.01,95.81158242898637,0.26708174772850524,0.3459647000671264,0.017985997324148503
1.35,0.01,96.26134508301962,0.26473076147449526,0.34215761272087514,0.017520923314424577
1.35,0.01,96.71523840105988,0.2614321588464942,0.33833177869879466,0.017478557752309047
1.35,0.01,97.17334067780445,0.26221130487892164,0.3344872270189155,0.015617364428959321
1.35,0.01,97.63568933187493,0.2580396394098933,0.3306243530422956,0.015935125784348577
1.35,0.01,98.10235802237825,0.2492686493551818,0.32674327135642145,0.018370132089690246
1.35,0.01,98.57340028715734,0.24906562063471296,0.322844288659099,0.01686042481364846
1.35,0.01,99.04888519218359,0.244766940550817,0.31892760736144254,0.01724467990494049
1.35,0.01,99.52886845047814,0.24448835757254073,0.31499356535183765,0.015781224986133928
1.35,0.01,100.01341416213744,0.23781058961155052,0.3110424569194237,0.017241718196648704
1.35,0.01,100.50258765092636,0.2325818651286196,0.3070745929607396,0.01807107011481011
1.35,0.01,100.99646311613925,0.23148295891394755,0.30309024020153136,0.016917742814779174
1.35,0.01,101.49510094612965,0.22774384436554207,0.29908980521751727,0.017019122822289526
1.35,0.01,101.99857809298959,0.22314406965814673,0.29507359024532454,0.017534120649698556
1.35,0.01,105.61961758687983,0.19516403374588598,0.266894484014806,0.019278245913454593
1.35,0.01,106.07857328844578,0.1986804710944008,0.2634141439571352,0.01590821335311979
1.35,0.01,106.54142860689426,0.19358467516638536,0.25992562592514884,0.016932234872617285
1.35,0.01,107.00824057731599,0.19051885907331914,0.2564292219326002,0.016941033083132464
1.35,0.01,107.47905289724605,0.1812658690874017,0.2529253433446001,0.020302750933985095
1.35,0.01,107.95391717196644,0.1900149353505062,0.24941436134074504,0.01414630572595448
1.35,0.01,108.43288589819876,0.18972721061903713,0.24589666041029548,0.012830621955533458
1.35,0.01,108.91601989997895,0.17529607027468158,0.242372584753481,0.018563398163207356
1.35,0.01,109.40336623190471,0.17310185066968203,0.23884260012795328,0.01809495515883633
1.35,0.01,109.89498773616161,0.17300567419678378,0.23530707875145024,0.016495317650788235
1.35,0.01,110.390925643765,0.1687413724333098,0.23176656963928582,0.01713869040316874
1.35,0.01,110.89125238279841,0.16820628278173902,0.22822142031041814,0.015782115139267885
1.35,0.01,111.39602643614076,0.1597430142032466,0.22467210157167786,0.018764173909471372
1.35,0.01,111.90529950113248,0.15885068940579639,0.2211191542326107,0.01753516887917065
1.35,0.01,112.41913195523817,0.1495021664495547,0.21756308079983733,0.021291700986980935
1.35,0.01,112.93758526112482,0.1519719984552907,0.21400439999681758,0.017981026750227804
1.35,0.01,113.46073003954483,0.14305671084551433,0.21044359254738432,0.021578190005853242
1.35,0.01,113.98862209945074,0.14035024325208656,0.20688126509058297,0.02139573568895374
1.35,0.01,114.52132631186345,0.13746413319008105,0.20331798702010648,0.021329790481535153
1.35,0.01,115.0589170118564,0.13945987430255066,0.19975429065985661,0.018199442083867843
1.35,0.01,115.6014449971821,0.13097444666883348,0.19619089005499044,0.021678807240987016
1.35,0.01,116.14900385164684,0.13245363827198092,0.19262824439608667,0.018797779284878465
1.35,0.01,116.7016383008472,0.12961808120160026,0.1890671679142017,0.018692795528445293
1.35,0.01,117.25943638777758,0.12171247874090142,0.1855081854977407,0.021939151578053658
1.35,0.01,117.82246210495981,0.12282107775676933,0.1819520577646583,0.01921645096872605
1.35,0.01,118.39079800532171,0.11885557959730142,0.17839942057423472,0.019873769695406593
1.35,0.01,118.96451068132436,0.1142580523199227,0.17485104746525373,0.020997935751066694
1.35,0.01,119.54367675030225,0.11197488491753693,0.17130767750280246,0.020550043800042467
1.35,0.01,120.12837429221197,0.10893640712451577,0.16777007014492232,0.020631808172987844
1.35,0.01,120.71869199572124,0.10765850603044066,0.16423895134181746,0.019492007014651425
1.35,0.01,121.31470204160578,0.10680971713583481,0.16071517657825923,0.018080424136446775
1.35,0.01,121.91649640888754,0.1034685846475856,0.15719951423411865,0.018365278088158205
1.35,0.01,90.47634200883208,0.32567562239722864,0.39226083910540305,0.011302660480168945
1.35,0.01,90.86949466333425,0.32800273602280733,0.3887826516588659,0.009501962417725981
1.35,0.01,91.26598782482581,0.3241173234460283,0.38528497160102493,0.009710945031844869
1.35,0.01,91.66587035095739,0.3236627771959648,0.38176780999811233,0.008843581749219068
1.35,0.01,92.06917967410396,0.30777252018759216,0.3782312929251578,0.013125404345288413
1.35,0.01,92.47596000060946,0.3030671293470549,0.37467550141844125,0.013685866653414782
1.35,0.01,92.8862563004468,0.3093015184267934,0.3711005250171382,0.010291327977445214
1.35,0.01,93.3001206769695,0.30950289437111206,0.36750640699387666,0.0091546906735568
1.35,0.01,93.7175934382943,0.2976557862245429,0.36389330930987357,0.012056856645153675
1.35,0.01,94.13872841657101,0.305308316903455,0.3602612932349436,0.008382331558777177
1.35,0.01,94.56356093129357,0.29731892905202373,0.35661059658659006,0.009858096962567217
1.35,0.01,94.99215302612589,0.2905474204724877,0.35294124460627696,0.011030134192395222
1.35,0.01,95.42455479892931,0.28572973532241175,0.3492533838168368,0.011553943655301923
1.35,0.01,95.86081053490729,0.27237797959440185,0.34554722849044045,0.015493508680126937
1.35,0.01,96.30097195486948,0.2717446322769806,0.3418229481706775,0.014367000181756807
1.35,0.01,96.74509170923636,0.27586313222059905,0.3380807240408031,0.011450013137804105
1.35,0.01,97.19323029346792,0.26280458819995767,0.33432069160066763,0.01529834429670947
1.35,0.01,97.64543551487489,0.26641684224381024,0.3305431136795816,0.012440672693125437
1.35,0.01,98.10176294355692,0.266292185022427,0.32674820882318445,0.011185771536319477
1.35,0.01,98.56227625675197,0.26521031133099443,0.3229361503233315,0.010318672852304926
1.35,0.01,99.02701896905458,0.2567506237305515,0.3191073006004942,0.012185102449694382
1.35,0.01,99.49607124663704,0.25841929611503434,0.3152617429785118,0.010248829226473844
1.35,0.01,99.96947140253693,0.24785878773771314,0.31139992837476277,0.012965566737697859
1.35,0.01,100.44729485653184,0.23589907909084162,0.3075220279453495,0.016681233656299536
1.35,0.01,100.92959642617771,0.23609171130709147,0.30362840600053986,0.015022326765131289
1.35,0.01,101.41644682832714,0.2345473454484661,0.29971932377801513,0.01417121427423547
1.35,0.01,101.90790310770743,0.23468696603757033,0.2957951788784693,0.012624322312375657
1.35,0.01,102.40403089659713,0.22868041151615762,0.2918563264524455,0.013675208882913844
1.35,0.01,102.90489708019254,0.22107376237664794,0.28790313934147466,0.015512736803504268
1.35,0.01,103.41057763137084,0.21862115486224712,0.28393594758112206,0.015024593343154527
1.35,0.01,103.921134381946,0.21895649783080354,0.2799552216487282,0.013290855178561926
1.35,0.01,104.43664612339293,0.22002930140482807,0.2759613293257518,0.011336341055431564
1.35,0.01,119.0474704211287,0.11549658659085447,0.17434110424687307,0.019861508122985233
1.35,0.01,119.56477503323677,0.11336574225923475,0.17117933334381283,0.01952578765674703
1.35,0.01,120.08647503642918,0.10770683498210365,0.1680222478061443,0.021651591212681145
1.35,0.01,120.61263471690046,0.10696556150466606,0.16487035342635054,0.02033697907362941
1.35,0.01,121.14330332763151,0.10148992750325786,0.16172426553547245,0.02243432960518403
1.35,0.01,121.67853903469441,0.09957415918639154,0.15858456458098943,0.021958177039710623
1.35,0.01,122.21840100893311,0.09967742533553713,0.15545184449365687,0.020011250703124137
1.35,0.01,122.76295780719131,0.09987233982993302,0.1523266651144219,0.018062866662144683
1.35,0.01,123.31226246630973,0.09405847171937348,0.1492096956757673,0.020385119680813708
1.35,0.01,123.86638581785729,0.09177810740607624,0.1461015238955473,0.02019851333787815
1.35,0.01,124.42537433471657,0.08916444623456707,0.14300289396827245,0.02026936919904589
1.35,0.01,124.98930965304872,0.0855995886817053,0.13991437434330664,0.02108500970906014
1.35,0.01,125.5582576908997,0.08356606338445444,0.13683664285457917,0.020738265554341686
1.35,0.01,126.1322767181037,0.08192362244729036,0.13377043846135606,0.02009481587797084
1.35,0.01,126.71143478815868,0.07925320194103982,0.13071646709247495,0.02026116310329338
1.35,0.01,127.29580117773124,0.07611360152305728,0.1276754490121975,0.02082329952283436
1.35,0.01,127.88545548587804,0.07439734166204395,0.12464807259641117,0.020258122783928818
1.35,0.01,128.4804606167715,0.06993951381289745,0.12163513355376511,0.021970930785479972
1.35,0.01,129.08088968875,0.06773242612380495,0.11863739532516791,0.021842319466718652
1.35,0.01,129.68682648740807,0.06542352814492862,0.11565559014866124,0.021817017663422006
1.35,0.01,130.29832826862375,0.06256735921994602,0.1126906015627652,0.022294134454129123
1.35,0.01,130.91550051389436,0.06107529274674395,0.1097431000622161,0.021582727912307306
1.35,0.01,131.53839363496402,0.058681545885752404,0.10681404225069624,0.02168944417330326
1.35,0.01,132.1671068680922,0.05466570286790099,0.10390417305886672,0.02333329716577472
1.35,0.01,132.80171234143103,0.05295872233450959,0.10101438627349461,0.02286156380106246
1.35,0.01,133.44230310319875,0.05157001983889849,0.0981455005680729,0.022102647524316267
1.35,0.01,134.08895421202777,0.05139471702255252,0.09529843662094924,0.02022631916031787
1.35,0.01,134.74175202592681,0.04993531931676531,0.09247408402814886,0.019568147359206384
1.35,0.01,135.40078455147582,0.04684696226279918,0.08967334553976368,0.02045311339223062
1.35,0.01,136.06615175269474,0.04534353990804237,0.08689709432644145,0.01987060555001142
1.35,0.01,136.73793498699558,0.04326542889507965,0.08414630179151751,0.01986119096375047
1.35,0.01,137.41623792706866,0.04080631346235848,0.08142186669134333,0.02026019828739553
1.35,0.01,133.29819350053324,0.0526264913741248,0.09878668285559954,0.021569337242764143
1.35,0.01,133.87742269406058,0.05133344354691991,0.09622435693234113,0.020942661180831244
1.35,0.01,134.46157343433896,0.04981830645505625,0.0936801691614698,0.020536502199950634
1.35,0.01,135.05071770302047,0.04728979588547572,0.09115473019415421,0.021108421447865514
1.35,0.01,135.64491064897436,0.044804712988582726,0.0886487364710085,0.021684442121249717
1.35,0.01,136.24421740111347,0.046453326733070545,0.08616285364647454,0.01830076954224548
1.35,0.01,136.84870421340005,0.04575071369104199,0.08369775536637587,0.017204499279654666
1.35,0.01,137.4584478493587,0.04108227641629367,0.08125408586756931,0.019860838471800465
1.35,0.01,138.07350769466987,0.03948670480906669,0.0788325719585978,0.019637787062961726
1.35,0.01,138.69396305988226,0.03779926355225846,0.07643387339928852,0.019528423873467152
1.35,0.01,139.3198659809716,0.036393631123058226,0.07405876679886758,0.019155901546808084
1.35,0.01,139.95130786645566,0.034792760633729373,0.07170788946397116,0.019003860617568945
1.35,0.01,140.58836252518066,0.03237437420286344,0.0693819588063189,0.019739444399444972
1.35,0.01,141.23109520224264,0.03160272054109006,0.06708173329115755,0.018764576941624377
1.35,0.01,141.87958209756675,0.029809953995925825,0.06480794083074369,0.018899830279888077
1.35,0.01,142.53390078066766,0.028175237988213368,0.06256131450735294,0.018899894730331355
1.35,0.01,143.1941403791046,0.0269005032451067,0.060342558357868614,0.01853370292211302
1.35,0.01,143.86037132707077,0.024299228598878564,0.05815244905488912,0.019707519698121796
1.35,0.01,144.53267549562477,0.02331937817021708,0.05599173238563512,0.019065006287457036
1.35,0.01,145.21114670001825,0.022878100831312947,0.053861124883572684,0.01782264632418926
1.35,0.01,145.89584905001408,0.02051229769392629,0.051761443384904585,0.01886556947715973
1.35,0.01,146.58690065390135,0.01941589118791612,0.04969334556132955,0.018447625793331774
1.35,0.01,147.2843579580236,0.018483165671876623,0.047657682045699645,0.01785971052537312
1.35,0.01,147.98833207783815,0.01647696274477759,0.04565514579909787,0.018647763608023477
1.35,0.01,148.69890377568586,0.01620278126375089,0.043686523511649616,0.01729036845304267
1.35,0.01,149.41617723823578,0.01486443157955727,0.04175254003048763,0.01731560224937408
1.35,0.01,150.14023650910565,0.014183655886955991,0.039853978297829724,0.016534496198942594
1.35,0.01,150.87117828389532,0.013030739438972672,0.03799158809797266,0.016399524130731164
1.35,0.01,151.60910110412001,0.011744069561557309,0.036166115580873466,0.016491578434401254
1.35,0.01,152.35411690011497,0.010983061945786403,0.03437827510619912,0.015920984899049
1.35,0.01,153.10631676828083,0.009931729737108366,0.03262883088943016,0.015788441898652538
1.35,0.01,153.865816791574,0.009042710176270289,0.030918486100324924,0.015477781503487628
1.35,0.01,141.20275512850156,0.0316517004120065,0.06718217765650789,0.018790918324746227
1.35,0.01,141.8163325208808,0.029773095675591457,0.06502764128999988,0.019113148836747643
1.35,0.01,142.43512330694895,0.028878898418724437,0.06289741606250038,0.018399158743340756
1.35,0.01,143.05920373685862,0.026466936016479207,0.06079209482039463,0.019381081214505914
1.35,0.01,143.6886322297982,0.026434300953361526,0.05871233851709915,0.017745362138192233
1.35,0.01,144.3234777768147,0.023579056676223176,0.056658778432298586,0.01931330010524153
1.35,0.01,144.96381056071976,0.023339496751177666,0.05463204846048638,0.017923980888031335
1.35,0.01,145.60971189710267,0.021360063784690554,0.052632754325436626,0.018581227340113287
1.35,0.01,146.26124469320547,0.0199250097209649,0.0506615650036301,0.01864797959906371
1.35,0.01,146.91849296267955,0.02004502106062349,0.04871909003305838,0.016876387282234694
1.35,0.01,147.58151182722582,0.017927549202625178,0.046806028527118085,0.017817503307549106
1.35,0.01,148.2503981158726,0.017255724270739545,0.044922961832712924,0.01703974989808554
1.35,0.01,148.92523001431883,0.01667722843793001,0.04307053074008841,0.016173620209530993
1.35,0.01,149.60607663668435,0.014971736106893316,0.041249402659951306,0.016740018398960197
1.35,0.01,150.29301870153782,0.01384336852275492,0.03946021425044838,0.016629985353639843
1.35,0.01,150.98613837825368,0.01264495537076649,0.03770359976452523,0.01665452802317491
1.35,0.01,151.6855300796413,0.011651438348364164,0.03598016419169968,0.01645036687455486
1.35,0.01,152.39126841663025,0.010777291646235287,0.03429056194835322,0.01612320851239396
1.35,0.01,153.10344011521988,0.010662904698836637,0.03263541563093105,0.014793475962458124
1.35,0.01,153.82214455389123,0.00939222405042508,0.031015317767598444,0.015075073078571456
1.35,0.01,154.54744964410602,0.008410335368401387,0.029430928720705633,0.015013639191483295
1.35,0.01,155.27948049795597,0.0071968345848290125,0.027882779888203004,0.015346688343482755
1.35,0.01,156.01829690904384,0.006445210532716814,0.02637153848208974,0.015056328466222148
1.35,0.01,156.76401658195584,0.005522796582744521,0.02489774409895963,0.015077213010305455
1.35,0.01,157.51672506822675,0.0053055086194253535,0.02346199585167365,0.014050724017636351
1.35,0.01,158.27653273277852,0.004764672722689979,0.022064836871454198,0.013564373093616328
1.35,0.01,159.043528603002,0.003471198570213173,0.02070684125866755,0.014346339703537506
1.35,0.01,159.8178151085307,0.003926110569351102,0.019388547099517,0.012331349132156732
1.35,0.01,160.599496634376,0.0025206275139051477,0.01811047755610289,0.013420045031132371
1.35,0.01,161.38869174832422,0.002190478690267453,0.016873120900355372,0.012776532779120608
1.35,0.01,162.18549694877794,0.0022699778833628645,0.01567698652837057,0.0114657163532049
1.35,0.01,162.9900352023945,0.0005418847497736236,0.014522527587815933,0.0134589776457983
1.35,0.01,17.57720648015204,0.9739268259059912,0.9678648184481499,3.796804441951401e-05
1.35,0.01,17.653585843342142,0.9960275385820737,0.9675887600705436,0.0008358552275544226
1.35,0.01,17.730614180394333,0.9642463950329431,0.9673092106718143,9.697870685216585e-06
1.35,0.01,17.80830098308286,0.9758389643180051,0.9670261073932632,8.031473667792712e-05
1.35,0.01,17.886653523547256,0.9440814742897489,0.9667393947426608,0.0005310442111311117
1.35,0.01,17.96568038993353,1.0121762802646301,0.9664490117353308,0.0021635731029370424
1.35,0.01,18.04539031874099,1.022487824434047,0.9661548961030064,0.00328456526707061
1.35,0.01,18.125793432299762,0.9724904297615348,0.9658569796786314,4.555815294414704e-05
1.35,0.01,18.206897561431433,0.9858551646751085,0.9655552019905013,0.0004267891510986848
1.35,0.01,18.2887131643264,0.9794402633593599,0.9652494920135214,0.00020862791750326967
1.35,0.01,18.37124710264623,0.98291175797946,0.9649397913563332,0.0003347271894019204
1.35,0.01,18.45451142986553,1.001430969847321,0.9646260213499086,0.0014042791754689825
1.35,0.01,18.53851587869932,0.9752143552135023,0.9643081111129468,0.00012334870878937386
1.35,0.01,18.623269052613967,0.9742367990460753,0.9639859931888674,0.00010900471735545362
1.35,0.01,18.708780999621254,0.9710970606273144,0.9636595937823802,5.740192224142067e-05
1.35,0.01,18.795061948332236,0.9845085319145993,0.9633288374864198,0.00046565558780687895
1.35,0.01,18.882123651445653,0.9605907635200776,0.9629936420720194,5.995704522990496e-06
1.35,0.01,18.969975396681964,0.9454346085380259,0.9626539338071239,0.00030800805181398363
1.35,0.01,19.05862797987015,0.9514357649845151,0.962309632187711,0.00012287208191393836
1.35,0.01,19.148093771845893,0.953196220977555,0.961960649536881,7.98527549006406e-05
1.35,0.01,19.23838122636623,0.9627377495571341,0.9616069124212988,1.3298496623367474e-06
1.35,0.01,19.329505917639093,0.9695001340186048,0.9612483184457079,7.083753380105349e-05
1.35,0.01,19.42147528889391,0.9609420106860944,0.9608847960369082,3.4067726901275235e-09
1.35,0.01,19.51430399223725,0.9587148780857014,0.9605162441037417,3.3783078119392634e-06
1.35,0.01,19.60800267729836,0.9536144355038676,0.9601425761974943,4.438572142541809e-05
1.35,0.01,19.702585082527452,0.9627358898190796,0.9597636923821729,9.204304845111504e-06
1.35,0.01,19.79806229023542,0.9441342643468946,0.9593795021110705,0.00024225791146759978
1.35,0.01,19.894447051071626,0.9508158559692631,0.9589899069323409,6.967237993225995e-05
1.35,0.01,19.99175235909483,0.9588227389231123,0.958594806120638,5.419741700256327e-08
1.35,0.01,20.089992973864494,0.9615619949116805,0.9581940904155979,1.183766504948247e-05
1.35,0.01,20.18918090769828,0.9643255448939542,0.9577876603732951,4.4627776879913114e-05
1.35,0.01,20.289331467736073,0.9544076266497483,0.9573754016775361,9.199827570384306e-06
1.35,0.01,136.64355836360417,0.04094340051944267,0.08452959003849984,0.022474448485150667
1.35,0.01,137.23732438573214,0.040998301700973946,0.0821353163792438,0.020603244149283325
1.35,0.01,137.83613546993524,0.03872482925835652,0.07976195345121743,0.021113394157908333
1.35,0.01,138.44006540437834,0.03789935794475226,0.07741011150548831,0.020166611526280208
1.35,0.01,139.0491707219937,0.034087012810556414,0.07508047940228793,0.022382173323685504
1.35,0.01,139.66351818622468,0.032558089189952136,0.07277371579099348,0.02222363672564514
1.35,0.01,140.28317571379935,0.0323729178526601,0.07049048520953913,0.0206119866658201
1.35,0.01,140.90822199476497,0.03130483514942123,0.06823142343211272,0.0199845299073396
1.35,0.01,141.53871790519574,0.02929834848150428,0.06599724090955068,0.020407045611060087
1.35,0.01,142.17474474608514,0.02803556591692986,0.06378858433385097,0.020039296047558625
1.35,0.01,142.8163558593481,0.02607504059485195,0.061606206011515584,0.020492476287702757
1.35,0.01,143.46364494756838,0.024847490808980924,0.059450728050448744,0.02014077988369173
1.35,0.01,144.1166876719617,0.02275288742411439,0.05732284418276418,0.020848266120302755
1.35,0.01,144.77555091507054,0.020981376124953894,0.05522328328075491,0.021232134998302628
1.35,0.01,145.44031278919826,0.02081679209394527,0.05315274369893666,0.019671868156474173
1.35,0.01,146.11105281061,0.019914351154588016,0.05111192591337886,0.019042300861051673
1.35,0.01,146.78786234368607,0.01779005613856176,0.04910150139819267,0.019966937391510186
1.35,0.01,147.47081359029613,0.017015974765524033,0.04712220463379692,0.019234776554389186
1.35,0.01,148.15999047620446,0.015632639923414043,0.04517473893690628,0.019319106975734676
1.35,0.01,148.85548917113007,0.015198876075985307,0.04325977815914833,0.01820199407458924
1.35,0.01,149.55737539378904,0.014674534954971332,0.041378082860685506,0.017233265087549257
1.35,0.01,150.26577021661652,0.012552410058140045,0.03953026733209764,0.01841132965228056
1.35,0.01,150.9807315025815,0.012235612981353974,0.03771711474779603,0.0172151803396131
1.35,0.01,151.7023731557894,0.011253733022664966,0.035939263456675974,0.016955701208041532
1.35,0.01,152.43077796546137,0.009724864471249333,0.034197431128733524,0.017513201987320943
1.35,0.01,153.16605273302386,0.00938194184127654,0.03249227618917664,0.016437369624773743
1.35,0.01,153.9082836113247,0.00801952287425375,0.03082450370513631,0.016871874261847785
1.35,0.01,154.65756972271873,0.007717224098332619,0.029194784451402934,0.015800274171834522
1.35,0.01,155.41401208180298,0.006482245211950895,0.027603780833419637,0.016161527643664686
1.35,0.01,156.1777254280115,0.005697595646454765,0.02605212223396623,0.015902994346523768
1.35,0.01,156.94880314397773,0.0051036756391041925,0.024540475649883122,0.015394534321538918
1.35,0.01,157.72736422597472,0.0052911950227944845,0.02306944915935602,0.013700644430687843
1.35,0.01,62.304476135849036,0.5615477073736105,0.654266131994746,0.013139463964022258
1.35,0.01,62.575211773876774,0.5684450160214684,0.6517608502186815,0.010650422199566691
1.35,0.01,62.84824777610337,0.5391920765248474,0.6492313157994354,0.018650724149404264
1.35,0.01,63.123617787239276,0.5525510907660538,0.6466772264378366,0.013700388778658397
1.35,0.01,63.40134758423856,0.5366232764429535,0.6440983551633341,0.017933429659237176
1.35,0.01,63.681467608795046,0.5346456621133153,0.6414944343292509,0.017796974553629906
1.35,0.01,63.96400882845827,0.5517052478792605,0.638865194065282,0.011891172487906563
1.35,0.01,64.24900712301819,0.5467179620058059,0.6362103215324645,0.012588419493662744
1.35,0.01,64.53649024974305,0.5376085580032162,0.6335295824697241,0.014523146494337728
1.35,0.01,64.82649527891908,0.5312772430253506,0.630822658925052,0.015708519163738274
1.35,0.01,65.11904653251288,0.537047748969131,0.6280893552305732,0.013196488686901429
1.35,0.01,65.41418673548316,0.5445770354259314,0.6253293072975699,0.010427992637370436
1.35,0.01,65.71195038658324,0.5507320152929476,0.6225422313871909,0.008283304931797795
1.35,0.01,66.01236798181176,0.5440277379198858,0.6197278850823534,0.00924682012599409
1.35,0.01,66.31547513752855,0.5123827187615334,0.6168859820786602,0.017703323403669417
1.35,0.01,66.62130811024875,0.5282944650258664,0.6140162342561821,0.01196747139573129
1.35,0.01,66.92990855879565,0.5258290738734841,0.6111183071466025,0.011903183438049707
1.35,0.01,67.24130940458699,0.5185926974630205,0.6081919529097627,0.013199823736901163
1.35,0.01,67.55554891470861,0.5111106638476344,0.605236878389177,0.01463847392693666
1.35,0.01,67.87267093904289,0.5163525927886038,0.6022527429557393,0.01225205843400984
1.35,0.01,68.19270544292614,0.5054571092712834,0.5992393419676019,0.014677119063357384
1.35,0.01,68.51570763097051,0.5159658210548012,0.5961962387251198,0.010796646307796599
1.35,0.01,68.84170388657832,0.5073582136696633,0.5931232738242169,0.01240154596512122
1.35,0.01,69.17074614586495,0.4900780590628493,0.5900200532281309,0.016928919861425747
1.35,0.01,69.5028721576941,0.4891147580624118,0.5868863230298217,0.01628812691838913
1.35,0.01,69.83813061961871,0.4947451136073053,0.583721732757903,0.013562693165570374
1.35,0.01,70.1765608141935,0.4979085394577456,0.5805260278246555,0.011757697427682146
1.35,0.01,70.51820793759502,0.48142383290170315,0.577298905207948,0.01592247864460549
1.35,0.01,70.86311804879323,0.47297766627713994,0.5740400614375911,0.01779249986488547
1.35,0.01,71.21134346478293,0.47567592077951515,0.5707491419582852,0.01583693556558682
1.35,0.01,71.56292676463717,0.47006643471687565,0.5674258926702749,0.016705025582059187
1.35,0.01,71.91792220631402,0.4717521643061201,0.5640699579224545,0.015109074501286866
1.35,0.01,94.24448475873768,0.2757144112490895,0.3593512532228623,0.01946597172713243
1.35,0.01,94.65401136572044,0.27833339158824905,0.3558350649202746,0.016880037864199164
1.35,0.01,95.06701760453905,0.2683737058764588,0.35230172066772675,0.019993974634732917
1.35,0.01,95.483554367659,0.26652256473799557,0.34875129963478757,0.019387927298930813
1.35,0.01,95.90366064643221,0.2561255486863015,0.3451839985080085,0.022977332434085854
1.35,0.01,96.32738248830069,0.2547645036976423,0.3415999698449908,0.02207376711552095
1.35,0.01,96.75476673613878,0.26558605183545403,0.33799937619662207,0.015513903025623802
1.35,0.01,97.1858676632913,0.26505791145462243,0.33438233502592873,0.014372397103816
1.35,0.01,97.6207272566204,0.26606952788831284,0.33074908475414194,0.012648395019655853
1.35,0.01,98.05940159026768,0.251014785721245,0.32709976399861196,0.01769773187452365
1.35,0.01,98.50192745470723,0.25308145788561764,0.32343469025407673,0.015303173882808361
1.35,0.01,98.94836947758652,0.24741936206528645,0.3197539690437936,0.01636350404775892
1.35,0.01,99.39877984323377,0.24941377538888262,0.316057829338559,0.014052586313531087
1.35,0.01,99.85320468123477,0.23459369442243955,0.3123465695179651,0.01935513360992005
1.35,0.01,100.3116978664584,0.22474042435839994,0.3086204446457808,0.022797769640591485
1.35,0.01,100.77431424210053,0.23341860332401715,0.30487972304556504,0.016749856569156597
1.35,0.01,101.24111682312542,0.2182812760270564,0.3011246290888783,0.02279129796619866
1.35,0.01,101.71215540791427,0.21366246217091905,0.29735551601779797,0.023556069704109082
1.35,0.01,102.1874878809404,0.21206492246098765,0.2935726944301459,0.022629886966402075
1.35,0.01,102.66718057146022,0.21716300146375486,0.28977643158721156,0.018195787025927418
1.35,0.01,103.15127880635637,0.21261878643535867,0.2859671847733564,0.01881330385167622
1.35,0.01,103.63986609054783,0.21650277547808125,0.28214513530264085,0.015271996090646845
1.35,0.01,104.13298233272674,0.20065543921790324,0.27831083174782834,0.021667715737491416
1.35,0.01,104.63070609374039,0.19352373516335836,0.2744645463997271,0.023869803985758043
1.35,0.01,105.13309447417654,0.19166212116760026,0.2706067451045355,0.023030666312979755
1.35,0.01,105.64022113609084,0.19241042912108125,0.26673779330079983,0.02071156470757212
1.35,0.01,106.15214549999939,0.1876414460529499,0.2628581932402307,0.02152323649377278
1.35,0.01,106.66893593162226,0.1837745480707754,0.25896840683694045,0.02183322848221441
1.35,0.01,107.1906621017786,0.17404963931448966,0.25506891527201286,0.025734704166837135
1.35,0.01,107.71740314745064,0.1717309299301621,0.2511601594078828,0.025119439764244716
1.35,0.01,108.24922347561284,0.17427666854027296,0.2472427203563811,0.021533676340224624
1.35,0.01,108.78620515923355,0.17221066860730658,0.24331707990388468,0.02077997043806133
1.35,0.01,151.3006652667614,0.010811711006757254,0.0369224742853333,0.01846495859733472
1.35,0.01,151.95812175601432,0.010855472617407828,0.0353216919138482,0.016946976609204446
1.35,0.01,152.62116446724082,0.009156131870683927,0.03375081559132691,0.01792248444135093
1.35,0.01,153.28987510351251,0.008638809437642659,0.032210330607670104,0.01724964009331669
1.35,0.01,153.96431626178133,0.007957532585058515,0.030700765278586145,0.01684826513796157
1.35,0.01,154.64456186688886,0.007349385174482457,0.02922261858040428,0.016372192598467523
1.35,0.01,155.3306871206687,0.007156205440968583,0.02777638369322036,0.01530767128834045
1.35,0.01,156.02277915387648,0.005603642304816419,0.026362525948233243,0.01634635660357875
1.35,0.01,156.72090537247436,0.0052743303567995585,0.024981547189545233,0.015546450840138074
1.35,0.01,157.42515579822822,0.004880492664132378,0.023633898609529986,0.014880754138932499
1.35,0.01,158.13558949478724,0.004377847563095663,0.022320084224135388,0.014423057420753447
1.35,0.01,158.85231021576726,0.0035338154899973227,0.021040517109603692,0.014566400626058617
1.35,0.01,159.57540173820414,0.0029442004697180215,0.019795641705264197,0.01434513091028266
1.35,0.01,160.3049381188136,0.002758322989507229,0.018585909464081184,0.013478624443654618
1.35,0.01,161.04100584863562,0.002448524869335578,0.01741173982616159,0.012859013750467913
1.35,0.01,161.7836929732683,0.002230130606891661,0.016273539113716057,0.012118895657019338
1.35,0.01,162.5331006573159,0.0013723449578217429,0.015171682964156354,0.012551127641076408
1.35,0.01,163.28930884740055,0.0015863208213497608,0.01410656623383201,0.01111231057866024
1.35,0.01,164.05241047160547,0.0010444200037992475,0.013078549944357748,0.011073114683384594
1.35,0.01,164.82251201531963,0.0007592052114719992,0.012087963018473154,0.01061723577856383
1.35,0.01,165.59968624659436,0.00048223245324182057,0.011135161324146608,0.010191580546072975
1.35,0.01,166.38406722473107,0.0002551387405329695,0.010220407984754461,0.009716499699225318
1.35,0.01,167.17571901938527,0.00021409777649487906,0.009344031389083105,0.008920741412283257
1.35,0.01,167.97476775261583,0.0006104428361877256,0.008506268282887948,0.007329190358382682
1.35,0.01,168.78130509405145,0.0005782256335553234,0.007707372955831393,0.006594301564745493
1.35,0.01,169.59544930120128,-0.00011997123897626284,0.0069475502650391445,0.0071895644225956215
1.35,0.01,170.41729576812088,9.895764713712799e-05,0.006227003346862331,0.006030660657480258
1.35,0.01,171.24695424955036,-2.072139923322216e-06,0.005545895805593798,0.005550040859664124
1.35,0.01,172.0845365954437,0.00040246136521439557,0.004904362903308726,0.004132466919408206
1.35,0.01,172.93016985279036,8.758176555249241e-05,0.0043025012277422454,0.0041291205120860585
1.35,0.01,173.78395742093628,0.0004020906360615033,0.0037403953095846,0.002979438580919354
1.35,0.01,174.64603106032072,0.0007241437457317404,0.0032180792023487705,0.001932741138636995
1.35,0.01,144.87045310233378,0.020359205654851595,0.05492475920026569,0.021752985525972216
1.35,0.01,145.4999679780629,0.020294899309158537,0.05296927243894561,0.020155358196681378
1.35,0.01,146.1348316637726,0.018527743482046007,0.0510404624106383,0.020710566523184915
1.35,0.01,146.77512239018958,0.01662424462696672,0.04913889372611822,0.021514574828106703
1.35,0.01,147.42090009392274,0.015379537096245677,0.04726519019697176,0.02151043652681591
1.35,0.01,148.07223555804015,0.014744814775173098,0.04541994620235468,0.020716970554801786
1.35,0.01,148.72920078833036,0.01438385659608863,0.043603755823635675,0.019580939640185667
1.35,0.01,149.39187921252991,0.013916470014775665,0.041817185227651814,0.01861555016561145
1.35,0.01,150.06033537187713,0.012754652322561021,0.04006085425218527,0.018612400502686286
1.35,0.01,150.73465546225205,0.011624491617507563,0.0383353266150632,0.01861125935956674
1.35,0.01,151.4148960371247,0.01065402536751581,0.03664124232421594,0.018431019319131502
1.35,0.01,152.10115644062748,0.010283825760205968,0.03497913352995597,0.01743491517079447
1.35,0.01,152.79351688930885,0.009641910390312711,0.033349581691812125,0.016853395156015777
1.35,0.01,153.49204829250652,0.007948238666685117,0.03175318779713143,0.017846258672470357
1.35,0.01,154.196833465429,0.007476007834646706,0.030190521704590394,0.01708977226019302
1.35,0.01,154.90795671177497,0.006597574224187205,0.02866214701963954,0.01698565610985893
1.35,0.01,155.6255148966972,0.005950630325903076,0.027168597661626933,0.016570679998537882
1.35,0.01,156.3495845691214,0.005966130890011351,0.02571044589570258,0.015162629875241645
1.35,0.01,157.0802547077277,0.005587086464898305,0.024288231477048693,0.014399270901875231
1.35,0.01,157.81762727232268,0.004445971490136067,0.022902463415944034,0.014873600626309458
1.35,0.01,158.56177193834722,0.004055784947271562,0.021553703388020623,0.014205315172392919
1.35,0.01,159.31281706764105,0.003599366131473731,0.02024239765822219,0.013683680316784673
1.35,0.01,160.07082400692727,0.0028816441831653484,0.018969101982550408,0.013643571460845636
1.35,0.01,160.83591351813246,0.0025552566183476553,0.017734257965178895,0.01299192119227642
1.35,0.01,161.608173374966,0.0022755089641748037,0.016538350992279394,0.012300419964096383
1.35,0.01,162.38771680904463,0.001932565316225473,0.015381812914491514,0.011759489077457967
1.35,0.01,163.17463516021826,0.0013179474494587112,0.014265094189677972,0.011750964030371703
1.35,0.01,163.9690335186985,0.0011644314978666924,0.013188607857935542,0.010962553341143186
1.35,0.01,164.77101898086516,0.0005852332622397459,0.012152746873344953,0.01101046311073825
1.35,0.01,165.5807131942661,0.0003350735952478014,0.011157867782854476,0.010497782937281513
1.35,0.01,166.3982151638203,0.0009379591085319561,0.010204335490878583,0.008414632323296771
1.35,0.01,167.22365105020594,0.001205821457810518,0.009292460708455906,0.0070372893060039465
1.35,0.01,127.5354759213719,0.07042172061800098,0.1264399343300676,0.024818426900626266
1.35,0.01,128.08966400842775,0.06952652702337492,0.1236092733898619,0.02366281569600794
1.35,0.01,128.64856087503028,0.06734840711890631,0.12079154682889164,0.023645439246729263
1.35,0.01,129.2122353909369,0.06496849186955002,0.1179873424681526,0.02382457694185028
1.35,0.01,129.78074032083342,0.062580552065528,0.11519734498460592,0.024032905423810706
1.35,0.01,130.35413797799407,0.0599783045644226,0.11242220691390006,0.024464587283435264
1.35,0.01,130.93249175210474,0.0592390251604272,0.10966259171392799,0.023185080930860417
1.35,0.01,131.51587508806642,0.05806909607374751,0.10691913189769714,0.022318980313873645
1.35,0.01,132.10434480421134,0.057016360995734455,0.10419255487893717,0.02136038675595854
1.35,0.01,132.69797678235224,0.05452184279215494,0.10148351519151716,0.021731595228870873
1.35,0.01,133.29682080885726,0.051738762203561946,0.09879280208041101,0.02241137635644731
1.35,0.01,133.90096434049167,0.049508891772607345,0.09612105010803405,0.02260372002017163
1.35,0.01,134.51047799521422,0.046383989010679784,0.0934689872969957,0.023719065839216933
1.35,0.01,135.12542419745952,0.043327354413084884,0.09083739197112825,0.024848838344941927
1.35,0.01,135.74587585289476,0.04206910030869449,0.0882270113632874,0.024148531385142953
1.35,0.01,136.37190717756673,0.04235858643321095,0.08563860240588748,0.021872843904168618
1.35,0.01,137.00360344589203,0.03964156577046637,0.08307289236811605,0.022706325448175677
1.35,0.01,137.64103204706865,0.03745748746526897,0.08053069664889094,0.023038436603436577
1.35,0.01,138.28427131272394,0.035502197409522034,0.07801279973366547,0.02316480521313242
1.35,0.01,138.93341100230958,0.034079037534671106,0.07551995665161655,0.022740343789914682
1.35,0.01,139.5885124540097,0.033404831597723075,0.07305304504328947,0.021518347777203177
1.35,0.01,140.24968867008224,0.031392921269691836,0.0706127611327635,0.021783539040385727
1.35,0.01,140.91699365659517,0.028981090094100884,0.06820003420108355,0.022553149641121335
1.35,0.01,141.59053372528723,0.027877349090686166,0.06581561362886909,0.021868852036924784
1.35,0.01,142.27038614699993,0.02628909198692349,0.06346036642188493,0.021772701940194348
1.35,0.01,142.9566506042276,0.024486590958241898,0.06113509280103384,0.021969586137577782
1.35,0.01,143.6494075072332,0.023583262542827686,0.05884067012420319,0.02112628538620112
1.35,0.01,144.34874937129408,0.022483133586012175,0.056577944065598774,0.020546100089659125
1.35,0.01,145.05477047780087,0.020687520208229986,0.05434776430347603,0.020847445098658445
1.35,0.01,145.76757791814157,0.01965592389091982,0.0521509503237697,0.020247507213503935
1.35,0.01,146.48725885045772,0.018544110103881604,0.049988392157706896,0.019779449412198814
1.35,0.01,147.2139243392335,0.017322953646965136,0.04786091464075882,0.019484940241076824
1.35,0.01,143.2399164312155,0.023900170799144742,0.060190513887374036,0.02188034154228499
1.35,0.01,143.8623460313214,0.02320797779418555,0.05814603011455898,0.02099313568847605
1.35,0.01,144.4900642398234,0.022099507102186246,0.056127215196582286,0.020629652016441603
1.35,0.01,145.12314840695078,0.021268372452794906,0.05413464785688133,0.019953802263441667
1.35,0.01,145.76165779471765,0.01929427021924689,0.05216897002005568,0.020716258852298955
1.35,0.01,146.40566238951902,0.019093848040044,0.050230794090517755,0.019301096606257534
1.35,0.01,147.05523338670855,0.0183213038190719,0.048320733496014255,0.018624836914283256
1.35,0.01,147.71045327503228,0.016332110369047474,0.046439373658471034,0.019518939024564686
1.35,0.01,148.37138586930803,0.015506141202737371,0.0445873579627762,0.018967644796321216
1.35,0.01,149.03811639526944,0.014687240324172554,0.04276527221655441,0.01843495514204708
1.35,0.01,149.71070076986965,0.013357662278450267,0.040973784451144454,0.018613125784525123
1.35,0.01,150.38923721910928,0.012558882007152055,0.039213450451712956,0.018117916449118456
1.35,0.01,151.07380505668854,0.011373240223691457,0.03748487984262591,0.01818913989991716
1.35,0.01,151.764474393851,0.010652685379808936,0.035788704945799346,0.017654158779389185
1.35,0.01,152.4613271137087,0.009627430507670027,0.03412552713860495,0.01758673898577496
1.35,0.01,153.16444657111066,0.009004629989908051,0.032495943271462956,0.01698186740056166
1.35,0.01,153.87392854097928,0.007920666911863808,0.030900520715820026,0.017089475148580426
1.35,0.01,154.58984871067148,0.00741026709184519,0.029339870117944606,0.016390920851015633
1.35,0.01,155.3122950574005,0.006769626852027206,0.027814569933765163,0.015922936445476002
1.35,0.01,156.0413683934012,0.005934420735658648,0.026325168190984686,0.01579410922545498
1.35,0.01,156.77713760990804,0.005252094020972688,0.024872272305158243,0.015477130162465762
1.35,0.01,157.51972962403065,0.004790302808001338,0.02345636830398987,0.014854047164721055
1.35,0.01,158.2692050920265,0.004223345370498749,0.022078063346823603,0.014439262584141589
1.35,0.01,159.02568341663016,0.003530722947104276,0.020737844504901758,0.014277522055623179
1.35,0.01,159.78925138364605,0.0033807809693125472,0.019436249583205667,0.013262747594805845
1.35,0.01,160.5600209502536,0.0029199068550158453,0.018173761779317982,0.012803078024080298
1.35,0.01,161.3380824282603,0.0023474641988114513,0.016950888347709362,0.01258105135837517
1.35,0.01,162.12353972507307,0.002170908932797643,0.015768099742488717,0.011725166693165956
1.35,0.01,162.91649873168745,0.0018766360405165852,0.014625848601643569,0.01111336684495233
1.35,0.01,163.7170797264916,0.0013974341190393302,0.013524551822520955,0.010874074477588447
1.35,0.01,164.52538060009059,0.0010559836454259715,0.012464640259671804,0.010442134151507574
1.35,0.01,165.341526093207,0.0009550961732197584,0.011446489664048999,0.009615990632055402
1.35,0.01,17.938482005197834,0.9906694388902934,0.9665490880534042,0.0006019263084364656
1.35,0.01,18.01643124210879,1.0039325337610379,0.966261891972014,0.0014686259124850754
1.35,0.01,18.095042791655146,0.9899254484330101,0.9659710669234579,0.0005940264808683391
1.35,0.01,18.174326340701636,1.020128336948559,0.9656765476248892,0.0030703835231805305
1.35,0.01,18.25428931085672,0.991745975528869,0.9653782764610078,0.0007201897650753376
1.35,0.01,18.334940466784033,1.0675464447446301,0.9650761901066285,0.010880128629447136
1.35,0.01,18.416288724549727,1.066874227040093,0.9647702239054788,0.010805917510504238
1.35,0.01,18.49834441453463,1.0053426078154764,0.9644603070692872,0.0017329510629427972
1.35,0.01,18.581115528512182,1.0249818270083146,0.9641463768197116,0.003838578963349724
1.35,0.01,18.66461273962665,1.0110432584413562,0.9638283594046851,0.0023129083817578816
1.35,0.01,18.748843050571686,1.0082755632914548,0.9635061942193345,0.0020802112317914855
1.35,0.01,18.833818762564654,1.037012193994866,0.9631797995699366,0.005659610457935617
1.35,0.01,18.919549808363268,1.0099081912033303,0.962849101869327,0.0023000051458180086
1.35,0.01,19.006044968266405,0.9822514662900221,0.9625140310981488,0.0004047383574335394
1.35,0.01,19.093314496809054,0.9696454447769876,0.9621745106488996,5.800907852837162e-05
1.35,0.01,19.18136883283742,0.9999817716959194,0.9618304622432993,0.001513283754347761
1.35,0.01,19.27021997061096,0.9888404153249561,0.9614818005131224,0.0007784794304196242
1.35,0.01,19.359877388746565,0.975132873053027,0.9611284489347048,0.00020405586277590963
1.35,0.01,19.45035210496676,0.9744490976716567,0.9607703239467232,0.00019474878225766746
1.35,0.01,19.541656744372904,0.983562715309093,0.9604073345338052,0.0005582752646394896
1.35,0.01,19.63379993447749,1.007778428727305,0.9600394045026952,0.0023738759297056416
1.35,0.01,19.726797569595064,1.011762139199961,0.9596664275433564,0.002828027630346034
1.35,0.01,19.8206572459405,0.9814327325035799,0.9592883294117398,0.0005111858168801097
1.35,0.01,19.915393916774434,0.9868640692216016,0.9589050051696808,0.0008152103268259471
1.35,0.01,20.011018450614745,0.999513944903275,0.9585163651166707,0.0017535449675440875
1.35,0.01,20.10754486828676,1.006611889831064,0.9581223055327436,0.0024540079819105913
1.35,0.01,20.204984479883176,0.9628285272291411,0.9577227324720475,2.7219924115485508e-05
1.35,0.01,20.30335029812556,0.982477379886834,0.9573175437758047,0.0006612407317191121
1.35,0.01,20.40265558414786,0.9956327397647559,0.956906634930069,0.001567249239291518
1.35,0.01,20.502915400872155,0.9881947858991623,0.9564898925541794,0.0010509261727089346
1.35,0.01,20.604142007512937,1.0091757307766378,0.9560672134866545,0.0029501216744525775
1.35,0.01,20.706351025827487,1.0037259512061676,0.9556384791094994,0.002419748705391844
1.35,0.01,111.91579140709909,0.14529446399198062,0.22104625432447317,0.025959877746467613
1.35,0.01,112.40210627677097,0.1496970041064687,0.2176804469014821,0.021231803591227352
1.35,0.01,112.89255322644426,0.14312717472223613,0.21431232708612857,0.023644584452830412
1.35,0.01,113.38719269117327,0.14469760604344503,0.21094229651219235,0.020803599315353506
1.35,0.01,113.88607097338104,0.13596009735154918,0.20757087319666198,0.0247053121575511
1.35,0.01,114.3892427546325,0.1426327563987805,0.2041985375059939,0.018562059501675197
1.35,0.01,114.89676366107254,0.1409906551427492,0.2008257838010786,0.017827604373276715
1.35,0.01,115.4086981425663,0.1288755475197449,0.1974530691396776,0.023817692437110415
1.35,0.01,115.92509605872002,0.13044742614853774,0.19408096816934844,0.020863599910430495
1.35,0.01,116.44602399785407,0.12703811124143652,0.19071000272838604,0.021257981791861433
1.35,0.01,116.97152564883818,0.12506460636180258,0.18734072201447952,0.020701930360265394
1.35,0.01,117.50167775732311,0.12346754233930612,0.18397369819828774,0.019899555929378216
1.35,0.01,118.03654229245653,0.12109890100373158,0.18060947881542935,0.019608654510881555
1.35,0.01,118.57617403334959,0.11698048194200794,0.1772487148710777,0.0204924470286543
1.35,0.01,119.12063695667526,0.10945156858732626,0.17389202158515313,0.02388017543709826
1.35,0.01,119.66999618899972,0.11118040442159517,0.17054003033271078,0.02066122060277213
1.35,0.01,120.2243265609044,0.0983958658270063,0.16719333765087543,0.028309095301628995
1.35,0.01,120.78368720821311,0.0994442539616421,0.1638526592573015,0.025318128442551144
1.35,0.01,121.34814686902398,0.09700143529247529,0.16051867630885291,0.02513377258712229
1.35,0.01,121.91778430965678,0.09821627989347388,0.1571920360266038,0.022126692289205784
1.35,0.01,122.4926533560087,0.09248776148919326,0.15387355569296168,0.024489040453100876
1.35,0.01,123.07285317058368,0.09500192208641514,0.15056381559554197,0.020503757812650413
1.35,0.01,123.65843114515084,0.09084522595943491,0.14726371836742105,0.021614599447016075
1.35,0.01,124.2494805711046,0.08576678582828823,0.1439739307092996,0.02353253605362741
1.35,0.01,124.84606925567513,0.08277153899357861,0.14069528902589407,0.023847001850848527
1.35,0.01,125.44828467291757,0.08076369386928177,0.13742854694045334,0.02336418193353031
1.35,0.01,126.05619738498835,0.075392769529473,0.13417457657036239,0.025752276827051217
1.35,0.01,126.66988857651803,0.07354275027697096,0.13093421778065845,0.025155995110037403
1.35,0.01,127.28944098194862,0.07221782894781503,0.12770832863477544,0.024111156949790952
1.35,0.01,127.9149485768376,0.07017610680947581,0.12449773625013787,0.023701952452853017
1.35,0.01,128.54648784478545,0.06820541211512758,0.12130338489572229,0.023242506512348785
1.35,0.01,129.18415624784768,0.0679225889653876,0.11812613878707776,0.021336483530050347
1.35,0.01,87.0125095098569,0.33633655917653515,0.4233058802933726,0.017868078776230527
1.35,0.01,87.39061055073847,0.344005113641947,0.41988417700754893,0.013712429694957319
1.35,0.01,87.77192420930248,0.34486917677290374,0.4164411644341318,0.012300775848467338
1.35,0.01,88.15649747271374,0.3458427499210754,0.41297679440320767,0.01091339753131153
1.35,0.01,88.54436634027117,0.3197808018714584,0.40949113070047055,0.019653522372615917
1.35,0.01,88.93557332590535,0.31456127236011705,0.4059841914866027,0.02058737831885198
1.35,0.01,89.33016167794075,0.33730787968807124,0.4024560019662221,0.010545942452425188
1.35,0.01,89.72818150498523,0.3380449072269053,0.39890654026026506,0.009285729868130515
1.35,0.01,90.12967157198345,0.33620994469693793,0.3953359002714431,0.008842805877730914
1.35,0.01,90.53468365015365,0.32980564089020226,0.39174407500786096,0.009793050784164547
1.35,0.01,90.94325170680415,0.32606998810729904,0.3881312306442126,0.009923442179164004
1.35,0.01,91.35543541029435,0.310935038382467,0.3844973215869898,0.014073984931617068
1.35,0.01,91.77128294051903,0.31336413912235056,0.3808424206531488,0.01195591202928676
1.35,0.01,92.1908368872492,0.30524647652172865,0.3771666663341057,0.013714132674880598
1.35,0.01,92.6141469911943,0.2976855725832189,0.37347015130893646,0.01537820988506144
1.35,0.01,93.04126388708508,0.3063445022862029,0.3697529782307401,0.010873840261808305
1.35,0.01,93.47224575434907,0.285964312983772,0.36601520270212295,0.01750786551321142
1.35,0.01,93.90713857002282,0.28854792406303076,0.3622570052218941,0.01499771865545014
1.35,0.01,94.345995776738,0.280807206280285,0.3584785206848093,0.016828994579094477
1.35,0.01,94.78887861388772,0.2832759913776225,0.35467983717025114,0.014374962035211882
1.35,0.01,95.23582893013635,0.28003281733605634,0.3508612295343293,0.014298142833241188
1.35,0.01,95.68692382254238,0.2841844321198629,0.34702269256570123,0.011378641974865725
1.35,0.01,96.14220013735167,0.269549588178412,0.34316458606152667,0.01579174580782459
1.35,0.01,96.60173040694089,0.2636298880617505,0.33928698876318014,0.016870664293412024
1.35,0.01,97.0655673502087,0.26652201060492053,0.3353901705545944,0.014141211851889483
1.35,0.01,97.53377897665541,0.2596958367491231,0.3314742963734081,0.015543127543835793
1.35,0.01,98.00642014708517,0.25931065547201354,0.3275396658382759,0.014212623205941893
1.35,0.01,98.48355398108406,0.24855024796183836,0.32358653425824735,0.017400119180061804
1.35,0.01,98.96524480318877,0.23816250829560678,0.31961517279229446,0.020757889857505273
1.35,0.01,99.45156567770043,0.24392973353771,0.3156258075794203,0.01628614298816791
1.35,0.01,99.9425760692391,0.2333683339551023,0.31161880397545283,0.019649443423472343
1.35,0.01,100.43835175279531,0.23901896494390482,0.30759442205349663,0.01528829192153424
1.35,0.01,94.58678219662706,0.2386674933614757,0.35641143663814334,0.038897843203652784
1.35,0.01,94.99779621063078,0.24629819355133215,0.3528930233938373,0.03219802318526385
1.35,0.01,95.41230249454743,0.23666556478127368,0.34935768407437634,0.03635103600030513
1.35,0.01,95.83035212568474,0.23577433510336632,0.3458055041750902,0.03501059995031275
1.35,0.01,96.25198423701181,0.22856599780676745,0.3422366868918745,0.037754647739344525
1.35,0.01,96.67724504321562,0.21773182582859807,0.3386513913867258,0.04317578993221721
1.35,0.01,97.10618155730467,0.2302718798079708,0.33504978694340243,0.03276650292434193
1.35,0.01,97.53884824974537,0.23056702000973076,0.3314319978779644,0.030696323304623435
1.35,0.01,97.97528725989677,0.23049838956635488,0.3277982696224085,0.02888138082555403
1.35,0.01,98.41555486556268,0.21890025617812686,0.3241487479180335,0.03417333889047218
1.35,0.01,98.85968799084073,0.22095720507222927,0.3204837575230513,0.03090807072191095
1.35,0.01,99.30775149810701,0.2165706462834734,0.3168034113538387,0.031712433747848635
1.35,0.01,99.75979776122408,0.2130818480712513,0.31310794591913405,0.03195453957996405
1.35,0.01,100.21587307732106,0.20322459644651505,0.30939766725397305,0.036434408393364294
1.35,0.01,100.67603151694121,0.195050224966139,0.30567283821561086,0.04003418371608937
1.35,0.01,101.14032812247173,0.20010018882571556,0.3019337350558468,0.03434552000585887
1.35,0.01,101.60882613774822,0.18848037021640124,0.2981805902417104,0.0403585567519541
1.35,0.01,102.08157554202037,0.183319528254111,0.294413765191099,0.04192035475175794
1.35,0.01,102.55863442999885,0.18261980298921407,0.29063357883430674,0.04014324779369486
1.35,0.01,103.0400693718489,0.18713415152362198,0.2868403069475673,0.03465802116590662
1.35,0.01,103.52592585908117,0.17898694617137156,0.28303441532316564,0.0382493267630817
1.35,0.01,104.01628769990576,0.18709768360527612,0.2792160941700523,0.030391520195868493
1.35,0.01,104.5111949479638,0.16865794211112856,0.2753859007612619,0.04136325471324532
1.35,0.01,105.01072644943683,0.16317712626008082,0.27154411650659055,0.04324676493148072
1.35,0.01,105.51493951230283,0.16492381810674692,0.2676912163130345,0.03945268836068057
1.35,0.01,106.02390806615917,0.16280091396675933,0.2638275749504727,0.03868582058351618
1.35,0.01,106.53769174733817,0.16218652380659082,0.25995370396903555,0.03676970695541419
1.35,0.01,107.05635916986533,0.1536597670252136,0.25607007477408583,0.04095703546176371
1.35,0.01,107.57998025760524,0.1443303407597036,0.25217717815563057,0.046122097254675046
1.35,0.01,108.1086344349669,0.14561544143712601,0.24827546481091464,0.04244914175121307
1.35,0.01,108.64238634285192,0.146083676063917,0.2443655255878762,0.039528169624632965
1.35,0.01,109.18131835231894,0.1434477471699704,0.2404478523390199,0.039131230789869555
1.35,0.01,17.974341820707135,0.8617210540489147,0.9664171120281967,0.011342167289853778
1.35,0.01,18.052446881575428,0.8749881889884118,0.9661287994909998,0.00859782969637253
1.35,0.01,18.13121557907125,0.8621456964635285,0.9658368441715999,0.011132163965269901
1.35,0.01,18.210657619423802,0.8859563524379077,0.965541180544656,0.006559787394265093
1.35,0.01,18.29078043907766,0.8625500560770913,0.9652417507825571,0.010925329486557018
1.35,0.01,18.371592820217415,0.9280696416495346,0.9649384913260276,0.0014087033408729038
1.35,0.01,18.453103696732825,0.9244371674551383,0.9646313372799659,0.0016748069707776792
1.35,0.01,18.5353234196556,0.8714804700136219,0.9643202175939166,0.0089381292370689
1.35,0.01,18.618259996735098,0.8784215854109574,0.964005069258893,0.007598023019921251
1.35,0.01,18.70192412245166,0.8730015178383091,0.9636858182500925,0.008533530519425361
1.35,0.01,18.786322813497645,0.8726591890329064,0.9633624037413805,0.008539956641966016
1.35,0.01,18.87146839568107,0.889298020049885,0.963034743736486,0.005645802973772973
1.35,0.01,18.95737082161569,0.8611869672917479,0.9627027643776841,0.010704713271135851
1.35,0.01,19.044038889152578,0.8474085984797791,0.9623663953894214,0.013732082846649053
1.35,0.01,19.131482873325986,0.8375435314229129,0.9620255598830205,0.0161074466788879
1.35,0.01,19.21971323384984,0.8565606721357131,0.9616801792931348,0.011490421683788271
1.35,0.01,19.308741988960644,0.8458641232109523,0.9613301679376395,0.01386870809789274
1.35,0.01,19.398578636223466,0.8385086515207901,0.9609754490138407,0.01560717966686352
1.35,0.01,19.489234215385743,0.8366956389714774,0.960615938654786,0.01598582748388017
1.35,0.01,19.580721376786965,0.8397909682262629,0.9602515455113175,0.015111405701640292
1.35,0.01,19.673048765186397,0.8606314990416137,0.9598821931144121,0.010262405474958193
1.35,0.01,19.766232306672038,0.8651687990033569,0.9595077747625594,0.00927542494327133
1.35,0.01,19.860279612643907,0.8289397456683762,0.9591282159449261,0.017671295152390076
1.35,0.01,19.95520566625489,0.8424260749214569,0.9587434113387526,0.014111932964756393
1.35,0.01,20.05102135774949,0.8532952885510433,0.958353270918573,0.011516817434720234
1.35,0.01,20.147740735981298,0.8580150624795692,0.9579576905862158,0.010426899863135988
1.35,0.01,20.24537513365237,0.8145958996109439,0.9575565760561968,0.021343652710171395
1.35,0.01,20.343937589497287,0.8312285080196169,0.957149824799316,0.016566035545018114
1.35,0.01,20.44344139115958,0.8381674943567932,0.9567373319230477,0.014694530997582892
1.35,0.01,20.54390163167279,0.8323521594628338,0.9563189836349776,0.01606971497827446
1.35,0.01,20.645330594758097,0.8520528908146577,0.9558946764022563,0.011280653298128723
1.35,0.01,20.74774393340137,0.8460214392878086,0.9554642911770211,0.012536039222239202
1.35,0.01,127.1124626997637,0.0634623911421247,0.12862516348734115,0.03301210108963167
1.35,0.01,127.66481264032433,0.06181772766876945,0.12577604597359138,0.03252341452393741
1.35,0.01,128.22185574222036,0.05997200104675115,0.12293946411772624,0.032250843405318905
1.35,0.01,128.7836606467801,0.05782023178785371,0.1201160029495053,0.03230846023286561
1.35,0.01,129.35027994367798,0.05602180051138685,0.11730634509416359,0.03201698426204921
1.35,0.01,129.92177573950582,0.05231720451947702,0.11451114091864598,0.033779121348305664
1.35,0.01,130.49821121369678,0.05311887913131795,0.11173105189036099,0.03074692967991539
1.35,0.01,131.07965956754785,0.05224676532836559,0.10896670839855531,0.029524172925537464
1.35,0.01,131.66617743093457,0.050653186159664645,0.10621883656543982,0.02906773981764181
1.35,0.01,132.25784043398278,0.04869308490866524,0.10348808920058955,0.029012928140283983
1.35,0.01,132.85469819792783,0.04635655853010211,0.10077525504767464,0.029386127867110708
1.35,0.01,133.45683788945593,0.04433336750092807,0.09808096706402504,0.029453262394010405
1.35,0.01,134.0643298922982,0.040936924456050475,0.09540595257413234,0.031097378560557547
1.35,0.01,134.67723642383814,0.0396025891367531,0.09275098982758467,0.030455227499395252
1.35,0.01,135.29563014792745,0.03739010679662381,0.09011682591851385,0.030850031401156264
1.35,0.01,135.91958503445105,0.03772192816609217,0.08750421793203556,0.028321793313611766
1.35,0.01,136.5491860749849,0.03548149352753552,0.08491389321616466,0.028776941515987548
1.35,0.01,137.18450043520872,0.0336582928763497,0.08234666831774817,0.0287875387256153
1.35,0.01,137.82560618693728,0.0320277105649815,0.07980332884039312,0.028601685352786108
1.35,0.01,138.47259279190564,0.030476270001841693,0.0772846308858675,0.028350043514924178
1.35,0.01,139.1255213848497,0.030118868619629705,0.07479145472979089,0.026682726749729394
1.35,0.01,139.78450459321834,0.029029700530543767,0.07232449760972148,0.025917075348964785
1.35,0.01,140.4495962439508,0.025657388306456756,0.06988469266057021,0.027989741042890967
1.35,0.01,141.12090229616797,0.023767889001832795,0.06747279149337523,0.028309463111256865
1.35,0.01,141.79849976441736,0.02363403053602899,0.06508966502994458,0.02640311070125333
1.35,0.01,142.48248800056356,0.02251497308868402,0.062736117020595,0.02578642887095528
1.35,0.01,143.17294714816254,0.021500767530247464,0.06041302969655014,0.02506353603692112
1.35,0.01,143.86996941563444,0.02052123656964385,0.05812125368326521,0.024324342600195527
1.35,0.01,144.5736487716547,0.018043383479860696,0.05586164413354362,0.025602913431097666
1.35,0.01,145.28409195240766,0.017416249097990423,0.05363502609175896,0.024457894449051
1.35,0.01,146.0013858269463,0.01670156902084434,0.05144229662368053,0.023461591600459016
1.35,0.01,146.72564109137298,0.016022551119386042,0.0492842872668081,0.022448190952856117
1.35,0.01,142.883767012955,0.023786239641576185,0.06137956570766917,0.023024896778228665
1.35,0.01,143.5046490141408,0.023566811327651187,0.0593157410935793,0.02154547774077458
1.35,0.01,144.13080647421205,0.022262177873416607,0.05727735570559755,0.02140571371557637
1.35,0.01,144.76231655107566,0.021360457787707936,0.05526499101827462,0.020800100613469496
1.35,0.01,145.39923835939769,0.01965724913703811,0.05327929257290637,0.021217282554128074
1.35,0.01,146.0416417115601,0.019216103733546194,0.051320876367372176,0.02008376510353107
1.35,0.01,146.6895976258975,0.01918897524637842,0.04939035970611069,0.018467644874667875
1.35,0.01,147.34318838605728,0.01633315564960815,0.047488331863095604,0.020439652580169224
1.35,0.01,148.00247764818909,0.015540200529504371,0.04561544100647138,0.019829252327497437
1.35,0.01,148.6675504261228,0.015074757028750285,0.04377227740495167,0.018814366639496146
1.35,0.01,149.33846249778043,0.013605729655656339,0.04195951484198428,0.019159829121475402
1.35,0.01,150.01531184493504,0.012764679640068928,0.04017771389241252,0.018703763208938514
1.35,0.01,150.69817758408263,0.01164297270681974,0.038427489955157365,0.01866919658462397
1.35,0.01,151.38712965214324,0.01074109085627716,0.036709481816047676,0.018370112997473403
1.35,0.01,152.08224972863601,0.009828688858187237,0.03502429735320066,0.018125094160553665
1.35,0.01,152.78362096115794,0.009066189095250959,0.03337254029193146,0.01770313866814658
1.35,0.01,153.4913388864981,0.007948409217797856,0.031754784919974674,0.017847500006737467
1.35,0.01,154.20547900382567,0.007468502394453131,0.03017164987671893,0.017083351679724697
1.35,0.01,154.92612907160867,0.006772116496175013,0.02862372167857852,0.01668171086937974
1.35,0.01,155.65338965142413,0.006309202052135983,0.027111556479831173,0.015961383480781417
1.35,0.01,156.3873294632164,0.005568234955988433,0.02563577129651101,0.015708753605279742
1.35,0.01,157.12807510853048,0.00509628455845349,0.024196860440545923,0.015077658522021874
1.35,0.01,157.8756870928091,0.004357459399611096,0.02279544191290964,0.014913472634552234
1.35,0.01,158.6302845219058,0.0036534305544038584,0.02143201231901393,0.014747937097838894
1.35,0.01,159.39195396584213,0.0035482858565907115,0.020107120526801487,0.013636711694739697
1.35,0.01,160.16080710342908,0.002920866834506804,0.01882126055961838,0.01343281550206081
1.35,0.01,160.93693402192423,0.002331152838064301,0.017574951698872392,0.013221851626692272
1.35,0.01,161.7204383703809,0.002255250270888409,0.016368676562352188,0.012168900822606117
1.35,0.01,162.51142577650884,0.00164275241494707,0.015202900453531384,0.012094903560695897
1.35,0.01,163.31001621963804,0.001298782802355898,0.014078053083034385,0.011600307794224668
1.35,0.01,164.11630734697997,0.0011194101716792968,0.012994579359109873,0.010852189927274445
1.35,0.01,164.93042358910384,0.000951555628933183,0.01195286888726377,0.010125509996757447
1.35,0.01,112.24078469006679,0.13915267789670765,0.21879409119987192,0.028989606977691287
1.35,0.01,112.72851177390488,0.13954744811839928,0.21543592664271313,0.026732129884196536
1.35,0.01,113.22038293692906,0.13638502295659893,0.21207576319927315,0.02701434653379391
1.35,0.01,113.71645878969147,0.1414305335835992,0.2087140077896073,0.02169028302975254
1.35,0.01,114.21678576907325,0.12952442377630344,0.20535118348491457,0.0279993394259149
1.35,0.01,114.72141871542956,0.13371167981087667,0.20198777583670963,0.023078749539265683
1.35,0.01,115.23041341643858,0.13712375781774572,0.19862428439874116,0.01904255958021062
1.35,0.01,115.74383450912197,0.12289135053083139,0.19526117157454792,0.02682249090111597
1.35,0.01,116.2617319978738,0.12419037705007892,0.19189901706838608,0.023889960475904706
1.35,0.01,116.78417266438082,0.12041956848082246,0.18853831817975483,0.024611252000889327
1.35,0.01,117.31120032438126,0.11773270540199161,0.18517971883545928,0.024565863096144197
1.35,0.01,117.8428919463883,0.11706540053784495,0.18182370643212906,0.02306430918491406
1.35,0.01,118.37930967950238,0.1122390943485161,0.17847086414774269,0.02457906701850429
1.35,0.01,118.92050846190818,0.11014879092605127,0.1751218477357282,0.024106061955011217
1.35,0.01,119.46655245606112,0.10345333427609929,0.1717772774939813,0.02717566190908997
1.35,0.01,120.01750697764903,0.10482018626746897,0.16843778983404295,0.024027859113690334
1.35,0.01,120.57344707455454,0.09384084844514606,0.16510398648121763,0.030759008010541995
1.35,0.01,121.13443205432648,0.0919779436447302,0.16177658789641042,0.030114683482459024
1.35,0.01,121.70053085467221,0.09021894861514955,0.15845628010390997,0.029385603433663324
1.35,0.01,122.27182247064172,0.09265300977701833,0.15514371533825294,0.02517077970594444
1.35,0.01,122.8483608844377,0.08690673374744981,0.1518397151635054,0.027768045211607476
1.35,0.01,123.43024554652295,0.0890527114998073,0.14854486516473714,0.02382658157699697
1.35,0.01,124.01752398628807,0.08544618404254817,0.14526007182095857,0.02462962551455982
1.35,0.01,124.61028976603714,0.07875719436345324,0.14198600671233078,0.028156878298221562
1.35,0.01,125.2086108899064,0.0786923705758377,0.13872351030008184,0.025977844193794147
1.35,0.01,125.81257508596761,0.07624850371035777,0.13547334061943528,0.025891302974215026
1.35,0.01,126.42225312128342,0.07115093798524245,0.1322363735522805,0.02821788240388724
1.35,0.01,127.03772641623705,0.0661865064171202,0.12901345281433968,0.030595454252971985
1.35,0.01,127.6590779455239,0.06677401155774064,0.1258054401483114,0.02769919613440841
1.35,0.01,128.2864019575979,0.0645341847363752,0.12261316645043799,0.027510651707261163
1.35,0.01,128.9197751581609,0.06333205934082999,0.11943757901308269,0.026355434894981714
1.35,0.01,129.55929529228942,0.06362786994279851,0.1162795454301283,0.023840813286365
1.35,0.01,86.57151005535584,0.3362323668174398,0.4273062503152272,0.01941102487794098
1.35,0.01,86.94769479301029,0.3353415278641883,0.4238931915746558,0.018498521093870197
1.35,0.01,87.32707586606023,0.3383412700604624,0.42045861608250246,0.016037864987835798
1.35,0.01,87.70970002352874,0.3433177051624396,0.41700246841693955,0.013020173133467122
1.35,0.01,88.09560308226196,0.3205290872361447,0.41352480467468183,0.020913385035540355
1.35,0.01,88.48482734072009,0.3085863012770576,0.4100256352718642,0.025095841811176668
1.35,0.01,88.87741582803511,0.3343009883263554,0.4065049774790842,0.012824974695016183
1.35,0.01,89.27341839885291,0.33692773578532575,0.40296280139967566,0.010821420427754172
1.35,0.01,89.6728736216485,0.3312427914186994,0.39939919249546674,0.011630707059553954
1.35,0.01,90.07583300525161,0.3290677426391633,0.3958141353519273,0.011255487215496743
1.35,0.01,90.48233034481643,0.32520179939698846,0.39220778720896754,0.011447509583145863
1.35,0.01,90.89242500628937,0.3071710488054074,0.38858009373660074,0.01705551237295615
1.35,0.01,91.3061649253784,0.31263960274491226,0.38493111859279616,0.013576619325270246
1.35,0.01,91.72359247599972,0.30519109300011216,0.38126099081116566,0.015177606659082977
1.35,0.01,92.14475714676544,0.2926519655700894,0.37756979349260084,0.019098555084011454
1.35,0.01,92.56970931577779,0.3041963094288032,0.37385761949097435,0.01298007012986691
1.35,0.01,92.99850686759756,0.2812322496916673,0.370124514454229,0.02134912556729483
1.35,0.01,93.43119554623905,0.2876907442030652,0.3663706485503668,0.016896897643397017
1.35,0.01,93.8678285234744,0.2786444955351326,0.3625961461913691,0.01943727125049774
1.35,0.01,94.30846672832136,0.27810534305189083,0.3588010847924249,0.018148782183371067
1.35,0.01,94.7531517973456,0.27869143477107433,0.3549857281443993,0.016397333018884686
1.35,0.01,95.20196043685995,0.28686666105081476,0.35115005998198623,0.01176806114843359
1.35,0.01,95.65492930636499,0.26710840832540833,0.3472944285237355,0.018513967709122326
1.35,0.01,96.11213057062663,0.2582948856438461,0.34341890090299015,0.021099881092118116
1.35,0.01,96.57361668135198,0.2627844606478123,0.339523735030247,0.01734463787109899
1.35,0.01,97.03945530335349,0.2533279627357141,0.33560908367536,0.020172823658234293
1.35,0.01,97.50970101938815,0.25766985852380236,0.33167523399163035,0.016512525014974137
1.35,0.01,97.98441662913741,0.24532851448543527,0.32772242859628653,0.020714960253358925
1.35,0.01,98.46366613112639,0.2385723450989938,0.3237509256996109,0.02241040879638338
1.35,0.01,98.94752221934951,0.2391609149962095,0.3197609382201368,0.020316314368658907
1.35,0.01,99.4360440570464,0.23078841897329033,0.31575281804469874,0.02286265932405269
1.35,0.01,99.9293070351625,0.23247149083325375,0.3117268114890855,0.020150354800259587
1.35,0.02,128.48165352845237,0.059113505953769435,0.1225348836145082,0.03282551895213793
1.35,0.02,129.0399531017774,0.05991540008645508,0.11973925638338656,0.029889059697989478
1.35,0.02,129.60299638878593,0.06042083806048116,0.11695728105341932,0.02732937494360723
1.35,0.02,130.1708527701757,0.05658862803021087,0.11418954947387108,0.029055777577245902
1.35,0.02,130.7435754020904,0.052443363480634386,0.11143674891939322,0.03123044739974735
1.35,0.02,131.32122706010247,0.05253623717274203,0.10869953471620651,0.02901867058760678
1.35,0.02,131.9038716041819,0.05143980304376541,0.10597857274542379,0.028066781081451858
1.35,0.02,132.4915830241127,0.05094604792172343,0.10327449816276231,0.02651445180893863
1.35,0.02,133.08441855975875,0.04864665281046467,0.10058803942262147,0.026821356283307802
1.35,0.02,133.68245465589507,0.04719356633090319,0.09791985288295704,0.026278186410642956
1.35,0.02,134.2857414682518,0.042409660145243964,0.09527072727838092,0.02933002086033303
1.35,0.02,134.89436710243038,0.04281447543829382,0.09264129870352952,0.026799195946617758
1.35,0.02,135.50840270029965,0.03995678084257951,0.09003229497205303,0.027851751597684746
1.35,0.02,136.1279111494172,0.04078420750124268,0.08744449299414495,0.02489787713018044
1.35,0.02,136.75296589633274,0.03803888182239996,0.0848786386756685,0.025848232915901413
1.35,0.02,137.3836417076972,0.036313547431573084,0.08233548703990173,0.025724253313594986
1.35,0.02,138.02002449057264,0.03621126381693898,0.07981576354669571,0.023821765428203672
1.35,0.02,138.66218213411327,0.03266518292941444,0.077320279749549,0.025789840368848675
1.35,0.02,139.31019355108378,0.03175933226256694,0.07484981630723149,0.024806872038029296
1.35,0.02,139.96414916685558,0.029477939018634474,0.07240512446668212,0.025450453459810413
1.35,0.02,140.62411077467686,0.02761892454132398,0.06998707513666626,0.02564845268021737
1.35,0.02,141.29019221516216,0.026926453852437287,0.06759636078591656,0.024469384309258234
1.35,0.02,141.962447895047,0.02621358057440966,0.06523390161779628,0.023340401487094077
1.35,0.02,142.64098491479027,0.0243281702773094,0.06290044091063642,0.02365357126708205
1.35,0.02,143.32588111850086,0.02323656905638528,0.060596836396581207,0.02303403376697829
1.35,0.02,144.01723692821125,0.022522074062511898,0.05832387969664765,0.021976749374889543
1.35,0.02,144.71513335074297,0.022126398959505737,0.05608243703744289,0.020559244263592187
1.35,0.02,145.41966358773843,0.02312978718002438,0.05387334277577182,0.017544228035054815
1.35,0.02,146.13092262005586,0.021442554405581737,0.051697434261598625,0.01770605772174565
1.35,0.02,146.84901833358754,0.01735327769846156,0.049555518451153156,0.020925708012044433
1.35,0.02,147.57403853309566,0.016261560732311244,0.04744847008033737,0.020498517929771018
1.35,0.02,148.3060951070448,0.014845900060656841,0.04537709925591589,0.020542391197010245
1.35,0.02,177.5867292661351,8.026119814293619e-05,0.0018858487646987434,0.0017287422626499514
1.35,0.02,178.3584082759753,0.0034491610170227444,0.0015717809294353926,0.002242396460768592
1.35,0.02,179.1366440242641,0.0011378868207475741,0.0012868408764308522,1.7241689404548012e-05
1.35,0.02,179.9215324086713,0.004057148519092265,0.0010309078104192306,0.008883561395374051
1.35,0.02,180.7131469013654,0.006124849760000253,0.0008038458066224502,0.03522203243284477
1.35,0.02,181.5115742704435,0.00801128075522176,0.0006054902606827628,0.09058070197059655
1.35,0.02,182.3169027828517,0.003814527619715109,0.00043565173570159205,0.026206259045845465
1.35,0.02,183.12923470691715,0.003051898172284957,0.0002941132913356988,0.025858666281462234
1.35,0.02,183.94864915930665,0.004851936845519759,0.0001806364624497004,0.1208009001778736
1.35,0.02,184.77525180162417,0.004187247883906565,9.495188247194909e-05,0.1763723491032961
1.35,0.02,185.6091119588808,0.005030301405364127,3.6766203337171726e-05,0.6782150875141345
1.35,0.02,186.45035141021896,0.005058348680807101,5.7532756509110365e-06,4.437249643020833
1.35,0.02,187.29906848759086,0.003539331983399543,1.560882040168123e-06,8.018430633147295
1.35,0.02,188.15535011387894,0.008265089857874594,2.3806476668579247e-05,2.852952694969112
1.35,0.02,189.01929780655414,0.004189675804911285,7.207642113799986e-05,0.23523122288200543
1.35,0.02,189.89101490772512,0.007713612339630155,0.00014592602992797283,0.39245826197232586
1.35,0.02,170.04496800941266,-0.0012989227541881578,0.006787714294340814,0.009634126587968304
1.35,0.02,170.78387532013386,0.0017029307980693227,0.006148533367141756,0.0032143246237810925
1.35,0.02,171.5290609174384,0.0005816308603774901,0.005540994579179767,0.0044387858793056584
1.35,0.02,172.2806166264096,0.0013528569933157959,0.00496518135513334,0.002628078686690811
1.35,0.02,173.03861279899647,0.0002695798242551391,0.004421175981747977,0.0038984538788014696
1.35,0.02,173.80313251842472,0.0001231019276465622,0.003909031208875153,0.0036667040390778857
1.35,0.02,174.57426030311578,0.001947363511934143,0.0034287789386399704,0.0006400504977881415
1.35,0.02,175.3520940782607,-0.0003485679509905643,0.0029804227780019614,0.0037183245798260685
1.35,0.02,176.13670960059636,0.0008003799805024934,0.0025639579882665974,0.0012130492791622958
1.35,0.02,176.9282080444848,0.0019025745329836427,0.002179343214998891,3.514861854583863e-05
1.35,0.02,177.72665579083935,0.001483932780188618,0.0018265302362742166,6.426010070095684e-05
1.35,0.02,178.5321694470804,0.0024781690025993145,0.0015054231329363855,0.0006285505425312692
1.35,0.02,179.34484316919435,2.7124078213221127e-05,0.0012159121979435545,0.0011622691144986656
1.35,0.02,180.16476018861866,0.001468773324753101,0.0009578645069308104,0.00027251017053023073
1.35,0.02,180.9920177115758,0.00273271941899216,0.0007311141729046871,0.005479887696948254
1.35,0.02,181.82671469143705,0.002715485525044613,0.000535466606864285,0.008875404035846166
1.35,0.02,182.66896482586444,0.0027609800688359796,0.0003706953371405827,0.01541282159804821
1.35,0.02,183.5188579658892,0.0026899744626005142,0.0002365489178996602,0.025446309189814012
1.35,0.02,184.37649855224794,0.0030763947837638378,0.00013274130044920617,0.06527806945168572
1.35,0.02,185.2420062625676,0.0038210992946067735,5.895328650023892e-05,0.24008402968771847
1.35,0.02,186.1154628799714,0.004040076627349306,1.4835723744061094e-05,1.0921317093507381
1.35,0.02,186.99701907206932,0.005228141628377298,1.866118144158888e-09,14647.221270138363
1.35,0.02,187.88674684596393,0.0056131143755934875,1.4032867163596567e-05,2.2340205584905384
1.35,0.02,188.7847879486953,0.0055483860015212265,5.647332152912353e-05,0.5340770485600681
1.35,0.02,189.69124540663847,0.004932709478810754,0.00012683097559798446,0.18210431701520116
1.35,0.02,184.55821386176112,0.0014326709391035578,0.00011470818233792471,0.015142998457634643
1.35,0.02,185.3601865109521,0.002342643848922553,5.122719659676328e-05,0.10249614703467262
1.35,0.02,186.16897329508336,0.00415442237634883,1.309723227156858e-05,1.309480781385923
1.35,0.02,186.98467387645934,0.004107056191352296,9.247033112657748e-09,1824.1347681292618
1.35,0.02,187.80736461152975,0.003418221530109188,1.1629469480917023e-05,0.9978846830956628
1.35,0.02,188.63713567462852,0.004658586702824984,4.759730383227274e-05,0.4466896552070512
1.35,0.02,189.47407879777865,0.004908494874253126,0.00010752557057290886,0.21436116202006922
1.35,0.02,38.25674223448957,0.7195259570265732,0.8556071065980008,0.021643204136430578
1.35,0.02,38.42298171133123,0.6931335308715592,0.8544302321731242,0.030449093291791223
1.35,0.02,38.59063367802369,0.6980756848108667,0.8532395591799972,0.02821696163780462
1.35,0.02,38.759718793387876,0.7298445601037821,0.8520348606334013,0.017523308297995432
1.35,0.02,38.93025288521575,0.7056456011978244,0.8508159423290679,0.02476966744002395
1.35,0.02,39.10225464558383,0.7005406634304849,0.849582588133587,0.026146363672547787
1.35,0.02,39.27574308945913,0.7208461024975467,0.8483345779734325,0.019159081571321436
1.35,0.02,39.45074024806574,0.7460478646993901,0.8470716683356805,0.012048341696040958
1.35,0.02,39.6272631651656,0.749364685531938,0.8457936499641315,0.010993869700794719
1.35,0.02,39.80533460298176,0.7576065576879856,0.844500270562359,0.008940811033803581
1.35,0.02,39.98496949590199,0.7388459539324289,0.8431913330005051,0.012912796546562685
1.35,0.02,40.16619407828111,0.724759566961125,0.8418665561915079,0.016290048376129268
1.35,0.02,40.34902953334694,0.7456592161279159,0.8405256938791387,0.010707166558334069
1.35,0.02,40.53349458652071,0.7102689074844298,0.839168516132324,0.019799490555434906
1.35,0.02,40.719611107272804,0.7313660600913342,0.8377947682351546,0.01352010103980883
1.35,0.02,40.90740135814745,0.7458860650548529,0.8364041907307613,0.009796138238763387
1.35,0.02,41.09689091886158,0.7387484047408335,0.8349964976307159,0.011094292504489504
1.35,0.02,41.2881000041136,0.7281807762000267,0.8335714408431225,0.01332482334409036
1.35,0.02,41.481052110995975,0.7317271915755412,0.8321287460733715,0.01211407753084876
1.35,0.02,41.67577416459906,0.7452200764701835,0.8306681113529873,0.008789751966571146
1.35,0.02,41.87228456450208,0.7038593489181497,0.8291892967420693,0.01894331714514698
1.35,0.02,42.07061720792638,0.7451273196586894,0.8276919437259926,0.008236055937294288
1.35,0.02,42.27078829504064,0.7224362510385437,0.8261758251734213,0.013026160913661137
1.35,0.02,42.47282971611503,0.7275768957632791,0.8246405934181728,0.011424809156421266
1.35,0.02,42.676764650038756,0.7194416714628228,0.8230859646777,0.013051054175389565
1.35,0.02,42.882622998511444,0.7119304780846349,0.8215116019222661,0.014616984925618247
1.35,0.02,43.09042888215269,0.7166295712015653,0.819917210164798,0.013011479976685492
1.35,0.02,43.30021005271624,0.7281480182883304,0.8183024646414196,0.00993254273136481
1.35,0.02,43.511994791735766,0.7257943084112362,0.8166670343821222,0.01011165135571746
1.35,0.02,43.725815223352406,0.7082673703366148,0.8150105564735919,0.013980319268468924
1.35,0.02,43.94169749234296,0.7252117292519829,0.8133327120751057,0.009547516653917692
1.35,0.02,44.15967491465589,0.72347882333602,0.8116331245052485,0.009574745756430485
1.35,0.02,54.55985337379823,0.7253741551439242,0.724944933735548,2.5413105028423483e-07
1.35,0.02,54.79693580559089,0.7306173856207016,0.7228591575589068,8.326670836139195e-05
1.35,0.02,55.03603265980036,0.7176459660588054,0.7207515465955954,1.33813524452974e-05
1.35,0.02,55.27717339900436,0.7087914384367745,0.7186217928308015,0.0001344738894314594
1.35,0.02,55.52038059600858,0.6971141567719238,0.7164696493109786,0.0005228903859217034
1.35,0.02,55.76568090851811,0.6923640134894922,0.714294833423577,0.0006733366118246074
1.35,0.02,56.013101454728435,0.7033909867792298,0.7120970588675776,0.00010644011271166115
1.35,0.02,56.26267365447002,0.7135135064685502,0.7098760014944983,1.8639089655652943e-05
1.35,0.02,56.51442181470414,0.6963714928201294,0.7076314009184701,0.0001791688868223148
1.35,0.02,56.76837839777545,0.699204683042905,0.7053629246989958,5.3765145525610826e-05
1.35,0.02,57.02456470236126,0.6950218631774796,0.7030703408207956,9.213586267816679e-05
1.35,0.02,57.283018142586975,0.6987934481827498,0.7007532739328955,5.4811259737363105e-06
1.35,0.02,57.543768928913224,0.7009395788862074,0.6984114137840469,9.151652819005053e-06
1.35,0.02,57.80684376659966,0.6941628673523988,0.6960444826225098,5.086565748463796e-06
1.35,0.02,58.07227384479177,0.6724363019348981,0.6936521635308529,0.0006489027309704178
1.35,0.02,58.34009091321723,0.6812929547010526,0.6912341356554378,0.00014297193045034222
1.35,0.02,58.61033145238965,0.6806286093306549,0.6887900365527176,9.670420703875567e-05
1.35,0.02,58.883024291501364,0.6607720174247209,0.6863195742415376,0.0009509821427281288
1.35,0.02,59.1582029409311,0.662719172505624,0.6838224159305789,0.0006512610184719592
1.35,0.02,59.43590579989672,0.674552068712547,0.6812981859288868,6.679908803007765e-05
1.35,0.02,59.7161591089584,0.6478937039468982,0.6787466207819721,0.0014024415711054593
1.35,0.02,59.999011210638734,0.6613727816954527,0.6761672576574908,0.00032370174171047144
1.35,0.02,60.28448520880842,0.6612645894666471,0.6735598656467807,0.00022444005953442178
1.35,0.02,60.572626583776696,0.6372944326131309,0.6709240118496781,0.0016856582558571439
1.35,0.02,60.86346839211664,0.641184516206208,0.6682593790554253,0.001096951604839549
1.35,0.02,61.15705327813749,0.6557710604423926,0.6655655646927888,0.00014413653379935498
1.35,0.02,61.4534156414612,0.6661061608629762,0.6628422443672664,1.607192507945297e-05
1.35,0.02,61.75259506025166,0.655810320634509,0.6600890490173987,2.773491940488787e-05
1.35,0.02,62.05463186821844,0.6517415298910592,0.6573056055827692,4.709976309365276e-05
1.35,0.02,62.35957187920581,0.6539437344497396,0.6544914935605498,4.5843230420502936e-07
1.35,0.02,62.667452379587495,0.64877232282721,0.6516463744401215,1.2675851501170985e-05
1.35,0.02,62.97832088290375,0.6506643361572174,0.6487698188343118,5.532310200924971e-06
1.35,0.02,88.09983102896119,0.34253304591455064,0.41452384415405963,0.012502718731990546
1.35,0.02,88.4826568778096,0.34551447737255125,0.4110847219558656,0.010458809936452118
1.35,0.02,88.86873548969838,0.33625359673220884,0.40762477621183957,0.01249640737653893
1.35,0.02,89.2581144389511,0.33336545025930164,0.4041439750998022,0.0123955814938482
1.35,0.02,89.65083017471932,0.3209691855941811,0.40064239966241133,0.015844106977471264
1.35,0.02,90.0469257421942,0.3166577447394696,0.3971200854615986,0.01630284770652838
1.35,0.02,90.44644493013783,0.32441410419243366,0.3935770755169862,0.012153951284275
1.35,0.02,90.8494384733228,0.3264509316873424,0.39001336597219505,0.01035908869980688
1.35,0.02,91.25594562110648,0.3256275201676775,0.3864290696257104,0.00956664160923068
1.35,0.02,91.66601879164801,0.3142211494531848,0.38282419839139165,0.01229383707559233
1.35,0.02,92.0796923767164,0.3135638449419451,0.3791989383861723,0.011360700295645995
1.35,0.02,92.49702679029592,0.30617136351656554,0.37555326363014035,0.012818016855555649
1.35,0.02,92.91807081434462,0.299725306170206,0.37188726742071415,0.01400249244249816
1.35,0.02,93.34286757084172,0.2981213582016508,0.3682011093491096,0.013338285508078761
1.35,0.02,93.77146742206418,0.28884487531182196,0.3644949034796241,0.015700978826194145
1.35,0.02,94.20392163548193,0.2917912974862963,0.36076877432763976,0.013188204329117173
1.35,0.02,94.64028911754154,0.28280020923075627,0.35702279972195056,0.015430367314115316
1.35,0.02,95.08061641981554,0.2738162606894829,0.3532571831409739,0.017864775186822845
1.35,0.02,95.52495765276285,0.2715538969998478,0.34947208281234887,0.01737261423417171
1.35,0.02,95.97337482103332,0.2712286446282141,0.3456676105680613,0.016030312012998635
1.35,0.02,96.42591029623857,0.2670842981103467,0.3418440657844268,0.016349626692677397
1.35,0.02,96.88264213885365,0.269134401585968,0.3380014678996476,0.01403151546093532
1.35,0.02,97.34360765556067,0.2648970748559384,0.3341402022926765,0.014349098564981143
1.35,0.02,97.80888028511193,0.25319157171438494,0.3302603735063474,0.01798459847479898
1.35,0.02,98.2785134051894,0.2526929428423619,0.32636227790578537,0.016629283762548314
1.35,0.02,98.75257587515041,0.24953655890576215,0.3224461073885222,0.016485862716757234
1.35,0.02,99.23112324134809,0.24858199921541563,0.3185121890926468,0.015353357339938922
1.35,0.02,99.71421941212043,0.24149614473024356,0.31456080635699885,0.016971105969805982
1.35,0.02,100.20192951581326,0.23872149746984384,0.3105922589100135,0.016630827722871003
1.35,0.02,100.69432752975034,0.23576342409562664,0.3066068020701391,0.0163687960245955
1.35,0.02,101.1914736616306,0.23458893976312753,0.3026048308129648,0.015287797696007998
1.35,0.02,101.69344463334039,0.22908775957099797,0.2985866355132276,0.016176523604049416
1.35,0.02,105.38377820977804,0.2018652609386952,0.2697688623452775,0.017092035915110597
1.35,0.02,105.84170910336564,0.20493172016511355,0.2662845310164506,0.01413588459303856
1.35,0.02,106.303530906332,0.20058161796792584,0.26279169618665704,0.014726849775465447
1.35,0.02,106.76930052641349,0.19676634585315989,0.25929064291794945,0.015076856146648988
1.35,0.02,107.2390615635724,0.18712660591203864,0.2557817756745779,0.018427944378335784
1.35,0.02,107.71286550786064,0.1888525457911125,0.2522654585875899,0.01594034130494103
1.35,0.02,108.19076473877928,0.1897045255800644,0.24874206901506074,0.014012231821662805
1.35,0.02,108.6728199445494,0.18035730673646533,0.24521194385003553,0.01715301420107505
1.35,0.02,109.15907807469995,0.17872154837851503,0.24167554164343466,0.01639886784177281
1.35,0.02,109.6496018310954,0.1786655397494411,0.23813322713897175,0.014850535080495667
1.35,0.02,110.14443235268583,0.1733248845223492,0.23458554211859783,0.015997866429583722
1.35,0.02,110.64364190582917,0.17414418135899642,0.23103282636961087,0.014008043713953368
1.35,0.02,111.14728884281722,0.16580913398715286,0.22747554310057408,0.016717164232739196
1.35,0.02,111.65542474555474,0.1647992888985957,0.22391422558886034,0.015606760716983446
1.35,0.02,112.16810985668876,0.15529591997541575,0.2203493686354375,0.019205642424888186
1.35,0.02,112.68540550164545,0.15763654782897682,0.21678148320136756,0.016136633666976447
1.35,0.02,113.20738214348727,0.14894331526977217,0.2132110420448154,0.01937207691130481
1.35,0.02,113.73409546655026,0.1455864102703329,0.2096386440796242,0.019570288073423394
1.35,0.02,114.265610197004,0.14254584278505547,0.20606485079398573,0.019579585566837986
1.35,0.02,114.80200050393816,0.14468900618483307,0.20249018639753327,0.016499448656844856
1.35,0.02,115.34331707167834,0.1358888769332171,0.19891535729752147,0.01996998764238471
1.35,0.02,115.8896532750664,0.1387128926651753,0.19534081414894178,0.016416034229931008
1.35,0.02,116.4410537398305,0.13541188254079786,0.1917674244141503,0.016561452548792897
1.35,0.02,116.99760631237277,0.128554858135155,0.18819552204075823,0.018900602695162798
1.35,0.02,117.55937484232534,0.12859659912287785,0.1846260431236082,0.01700355238036055
1.35,0.02,118.12644169828253,0.12418176604824206,0.18105955338079222,0.0178675061958371
1.35,0.02,118.69887332401028,0.12482442389270838,0.17749681893391203,0.015630596739931488
1.35,0.02,119.27674616576329,0.12006998969843226,0.1739385708581346,0.016683039430778035
1.35,0.02,119.86013812915239,0.11468608228936346,0.17038556065500218,0.018208302853116063
1.35,0.02,120.44913770481129,0.11428096262476778,0.16683850611341525,0.0165567016986072
1.35,0.02,121.04381691234232,0.112120020933869,0.16329825509326798,0.01603943440901011
1.35,0.02,121.6442675253863,0.10992219123461591,0.15976556791874535,0.015550047683237554
1.35,0.02,90.31819625852626,0.3314699564872431,0.3947133298217932,0.010133238399977764
1.35,0.02,90.71066171215192,0.33160161455604237,0.39123942339128553,0.009090771609465134
1.35,0.02,91.10646183381535,0.32977859223132205,0.38774587683114675,0.00866600081305405
1.35,0.02,91.50564539576773,0.32421952063508475,0.38423269644974606,0.009373437775180337
1.35,0.02,91.90824976495509,0.3159035356872633,0.3807000033275648,0.01102858466499162
1.35,0.02,92.31431907045203,0.3078350770427363,0.37714787345602563,0.012738408684651524
1.35,0.02,92.72389820362743,0.31249782780353086,0.3735763912129787,0.009986152754591771
1.35,0.02,93.13703917676203,0.31541053797232366,0.3699855946407801,0.008050142636653207
1.35,0.02,93.55378222751713,0.3057228049233897,0.3663756402457514,0.010040968963367612
1.35,0.02,93.974181093948,0.3096997702217254,0.3627465838191598,0.007757383689776658
1.35,0.02,94.39827103381283,0.2995759551861354,0.3590986574415461,0.009866235950389197
1.35,0.02,94.82611398232794,0.2910697011675009,0.3554318806666848,0.011654807503803774
1.35,0.02,95.25775994978738,0.2884211902121935,0.3517463941082034,0.011400490568320251
1.35,0.02,95.69325314398748,0.27093553501448064,0.3480424059675465,0.017082600988360997
1.35,0.02,96.13264519533385,0.27036396918512545,0.34432007962733197,0.015884947162127922
1.35,0.02,96.57598866221807,0.2800205096290196,0.340579589977045,0.010768120934216235
1.35,0.02,97.02334393435862,0.2689298254558203,0.3368210661096769,0.01368447826247008
1.35,0.02,97.47475873550275,0.27139140715922616,0.33304476426180984,0.01141328989345887
1.35,0.02,97.93028853861777,0.2696765797988636,0.32925089627714405,0.010779315178741054
1.35,0.02,98.38999690963874,0.26880118148622395,0.325439628616915,0.009857169844402136
1.35,0.02,98.85392728709994,0.26090193797948985,0.3216113166962564,0.011459884876055702
1.35,0.02,99.32215969704936,0.26108825299294763,0.3177660367350479,0.010109233834183313
1.35,0.02,99.79473238555623,0.25321220326195915,0.31390423236655335,0.011734541994105941
1.35,0.02,100.27172064057021,0.24373259379285825,0.3100260673380743,0.014175661654598336
1.35,0.02,100.75317918383026,0.24407603015356677,0.3061318984040007,0.012579318928840138
1.35,0.02,101.23917860858134,0.23894457880024247,0.3022219790880714,0.013248637307147365
1.35,0.02,101.72977585984091,0.24165989364335275,0.2982966991522058,0.010753480502346778
1.35,0.02,102.22503645516733,0.23520630536990564,0.29435640575576916,0.011886048026285085
1.35,0.02,102.72502716284662,0.22792895143183797,0.29040146360263835,0.013439377090299706
1.35,0.02,103.22982382296117,0.22567357594174622,0.2864321944097925,0.012888249960003123
1.35,0.02,103.73948815924768,0.2274213292567919,0.28244906024815725,0.010720698363795763
1.35,0.02,104.25409882545955,0.22557068196441923,0.2784524202773949,0.0100429302938584
1.35,0.02,117.81327779566458,0.12389975472064799,0.18302459329916584,0.01909987326796986
1.35,0.02,118.32521939136312,0.12016430718638846,0.17981811202284806,0.019789866501402544
1.35,0.02,118.84151081011129,0.11497332073427122,0.1766149425642278,0.021513975469236328
1.35,0.02,119.3622156716338,0.11242856167139516,0.17341557218751724,0.02144798996292973
1.35,0.02,119.88738271829457,0.10851850611137016,0.17022059926889024,0.022365966965051602
1.35,0.02,120.4170695131445,0.10787753799587232,0.16703058677694185,0.0209487570367479
1.35,0.02,120.95133461358978,0.10712736989904374,0.163846111356891,0.019634372802139873
1.35,0.02,121.49024586572945,0.10811282563672932,0.16066771495857787,0.017190861227744686
1.35,0.02,122.03385575655906,0.10179030910338835,0.1574960507729995,0.019702904547327482
1.35,0.02,122.58223438332028,0.09887897991731034,0.15433168910073897,0.019924637472053596
1.35,0.02,123.1354277371006,0.09664239990606067,0.1511753596122171,0.019671484175341435
1.35,0.02,123.69351660772026,0.09317571855441399,0.14802761308504658,0.020325466788895866
1.35,0.02,124.25656622983755,0.09204271709958937,0.14488911174362135,0.01927502621324973
1.35,0.02,124.82463426918984,0.08874629743870918,0.1417605803051829,0.019825780776263752
1.35,0.02,125.39778807374881,0.08584874356975597,0.1386427100015417,0.020103494021211258
1.35,0.02,125.97609620197376,0.08390050569276927,0.13553620687685572,0.019671833071105056
1.35,0.02,126.55963742769964,0.08106537250143289,0.13244174456357555,0.01992975564438195
1.35,0.02,127.14847400295673,0.07656364499031974,0.12936010661412836,0.02154811427536236
1.35,0.02,127.74267828804871,0.07342454153921327,0.1262920439238873,0.02213102838115413
1.35,0.02,128.3423331999455,0.07174168543140332,0.12323827571598148,0.021518467339232766
1.35,0.02,128.94749540094026,0.06915836952084377,0.12019967652812641,0.021674060166060983
1.35,0.02,129.55826927897922,0.06706379368842036,0.11717690296742939,0.021431900468541574
1.35,0.02,130.1747047231763,0.06367124157292962,0.11417090539028145,0.022336829483377597
1.35,0.02,130.79689994098575,0.06138382840024447,0.11118241754383319,0.02230478105689924
1.35,0.02,131.42492631279052,0.059164684756347355,0.10821232646058555,0.022231027050541696
1.35,0.02,132.0588759221565,0.05726588519912262,0.1052614425822033,0.021884305135887037
1.35,0.02,132.69882304956582,0.05663244227884962,0.10233068186618635,0.02040765353359467
1.35,0.02,133.3448531577338,0.054838895930076174,0.09942092905251869,0.019991340820006243
1.35,0.02,133.99705334085593,0.05126570834042624,0.09653308318404395,0.021227284549959313
1.35,0.02,134.65552252660194,0.05056422733855037,0.09366801356311917,0.019835334563184016
1.35,0.02,135.3203412289329,0.04735050612680241,0.09082669171293344,0.020810828595340676
1.35,0.02,135.9916120457403,0.045872533720142106,0.08801001511407117,0.020174605536908235
1.35,0.02,132.15722408358184,0.058013328430843475,0.10480790153000727,0.020892814755059736
1.35,0.02,132.73149534948942,0.05725910072538716,0.10218234623348567,0.019749967204408858
1.35,0.02,133.3106460360383,0.05452612352554638,0.09957377030374272,0.02037976943187886
1.35,0.02,133.8947475087517,0.051543976294978436,0.09698278093013787,0.021289191203534317
1.35,0.02,134.4838544444507,0.049848655006429814,0.09441007372826773,0.021032925408132733
1.35,0.02,135.0780314145755,0.04976304664962753,0.09185631324051705,0.019289290303349017
1.35,0.02,135.67734410598572,0.04866504100355784,0.08932217272256389,0.01850606976109795
1.35,0.02,136.28186862514656,0.04516712814336009,0.08680829569716751,0.019974897805773217
1.35,0.02,136.89166384942533,0.04316924284595671,0.08431541118201442,0.020079451016190252
1.35,0.02,137.50680841050973,0.041936136715577346,0.0818441798159781,0.019459562154382014
1.35,0.02,138.12735389897236,0.04020704095597318,0.07939538329677993,0.01934276417156049
1.35,0.02,138.75339094091728,0.03882870096791359,0.07696966046197214,0.018900080660303086
1.35,0.02,139.384992713422,0.036520960778678634,0.07456773341083767,0.01941264460524447
1.35,0.02,140.02222390311533,0.03564238221568966,0.07219036748558544,0.018503233517341972
1.35,0.02,140.66516005768722,0.03263337567418117,0.06983829738356877,0.0198201595866415
1.35,0.02,141.31387808269406,0.03159605476462102,0.0675122640618789,0.019107255669904614
1.35,0.02,141.96846634280527,0.029667320815660727,0.06521297932692591,0.019374882915030263
1.35,0.02,142.6289946693308,0.02784736907853604,0.06294123125476,0.019567128540254983
1.35,0.02,143.29554423255172,0.026178089781263597,0.060697777062992134,0.01963183608506255
1.35,0.02,143.96820804470553,0.02527309983355092,0.05848334470687998,0.018858708749890152
1.35,0.02,144.64704966680594,0.023218655075310717,0.05629876764249278,0.019437261120996426
1.35,0.02,145.33218619619095,0.022322634335713534,0.05414471505277514,0.01870256072409198
1.35,0.02,146.02367359605017,0.02104770178699371,0.0520220583815418,0.018442383794383618
1.35,0.02,146.72162203074524,0.019385033036168876,0.04993150630200497,0.018687339879890057
1.35,0.02,147.42611157132953,0.018613916479441855,0.047873866763726,0.01788334113189871
1.35,0.02,148.13724551268365,0.017441800720988457,0.04584988476871476,0.017601336259264574
1.35,0.02,148.85510717905169,0.01665159451338531,0.04386036782915777,0.016878958886818517
1.35,0.02,149.579792438365,0.015332631113667198,0.04190609066765424,0.01685074273015963
1.35,0.02,150.3113989886701,0.014680235253005318,0.039987826157900155,0.016016728563350055
1.35,0.02,151.0500378022315,0.013412762857910356,0.03810631578324571,0.01600185018002811
1.35,0.02,151.79579919570781,0.011742756282339615,0.03626235565321835,0.01657947318861063
1.35,0.02,152.54879825844037,0.010905405768283742,0.034456679909537886,0.016097387070742444
1.35,0.02,140.44670106294924,0.033865856288310674,0.07063225760203402,0.01913811495560678
1.35,0.02,141.05699312508392,0.03295292145360488,0.06842769354856976,0.018391083930023863
1.35,0.02,141.67247066638492,0.031080426626786877,0.06624675359776407,0.01866764007997242
1.35,0.02,142.29320952873215,0.02857762030597082,0.06409003477863816,0.019677498787984127
1.35,0.02,142.91926781851512,0.02700207543590401,0.06195820442141456,0.019721858712053248
1.35,0.02,143.55071415737606,0.024654113674139718,0.059851900073802804,0.02069916186300939
1.35,0.02,144.1876183523408,0.024459851081155885,0.05777176258406326,0.01920805941073445
1.35,0.02,144.83006128360356,0.023501894811688778,0.055718404510374984,0.018627660039552657
1.35,0.02,145.47810552157668,0.02225874103592167,0.05369250404491832,0.018402595939260954
1.35,0.02,146.1318346300701,0.0206438980108264,0.051694679045324245,0.01865087511244618
1.35,0.02,146.79130343564177,0.01924953238668422,0.04972564028237831,0.018678354812439325
1.35,0.02,147.45660824886005,0.017499902586475952,0.04778597817806083,0.019194885397581192
1.35,0.02,148.12782683678753,0.017071961095296052,0.04587634513234544,0.018085410626332676
1.35,0.02,148.80502794348033,0.014986852948893155,0.04399742193607671,0.019128691544311512
1.35,0.02,149.48829185530866,0.01416316908601613,0.042149858676605825,0.018582619701041768
1.35,0.02,150.17770030168052,0.013336702810984723,0.04033430397613996,0.018070733763100512
1.35,0.02,150.87334718988248,0.012415492450656311,0.038551377248669014,0.017718808585459163
1.35,0.02,151.57530673134858,0.0116161329967387,0.036801750150269055,0.017236009396677156
1.35,0.02,152.28366518771355,0.011159384818344836,0.0350860626513395,0.016316618875502748
1.35,0.02,152.9985214053478,0.010221305036464309,0.0334049247782734,0.01608984986196939
1.35,0.02,153.71994293208877,0.008848898924330302,0.03175901829671134,0.016526756738922874
1.35,0.02,154.4480542101297,0.007935682608411692,0.03014889242436594,0.01636632893116913
1.35,0.02,155.18291471291542,0.007476843329368652,0.028575239030448545,0.015577902976945253
1.35,0.02,155.9246415147963,0.006637396720732297,0.027038618804915503,0.015393162850925632
1.35,0.02,156.67331970923118,0.005930452127060844,0.025539656042754193,0.015055836208739196
1.35,0.02,157.42905907020557,0.004981861393074917,0.024078918377055294,0.015145928888438468
1.35,0.02,158.19194814842334,0.004180482085739772,0.022657007638948654,0.01506739115590561
1.35,0.02,158.9620888250702,0.004373846507430758,0.021274489991568227,0.013426021036984833
1.35,0.02,159.7395849262399,0.003222205669577719,0.019931918016665162,0.014008410354134216
1.35,0.02,160.52455438486095,0.0031863120603167743,0.01862980978129802,0.0128021501377528
1.35,0.02,161.31709318264637,0.0029281596956232062,0.017368707862938912,0.012006041728499676
1.35,0.02,162.11732362784244,0.002745010102920894,0.016149098027504277,0.011125672330674971
1.35,0.02,137.0575082211677,0.03948903620649381,0.08364486405121377,0.023309705321043598
1.35,0.02,137.6530730061735,0.03912328136996715,0.08126300402839853,0.021851963842106446
1.35,0.02,138.25369813683432,0.036991302600712934,0.07890221979880693,0.02226204769478553
1.35,0.02,138.85945762484977,0.03561068797347518,0.07656312025378924,0.021904824465284335
1.35,0.02,139.47040817441373,0.032673353925705036,0.07424639233752052,0.023278134713043533
1.35,0.02,140.08661675122374,0.031291866031447096,0.0719526927978102,0.022977636680951388
1.35,0.02,140.7081514777557,0.030648640381101388,0.06968268408807181,0.02186564119992752
1.35,0.02,141.33509128244157,0.029949949633604332,0.0674369999138255,0.020838396436786456
1.35,0.02,141.96749722577425,0.02798018551194328,0.06521634805390902,0.02126049437336724
1.35,0.02,142.60545085504174,0.026937026829890572,0.06302137273556846,0.020660927601561668
1.35,0.02,143.24900567375363,0.02498503107007263,0.06085282296068062,0.021141147320958648
1.35,0.02,143.89825566835742,0.023683069450095667,0.05871131815529121,0.02089849531410077
1.35,0.02,144.55327672927817,0.021890260604879613,0.056597548727353196,0.02128353393217228
1.35,0.02,145.21413594167313,0.01948177701309047,0.05451223977194005,0.02251115210516096
1.35,0.02,145.88091165448012,0.019498576431581,0.05245608583768378,0.02070679519654597
1.35,0.02,146.553683624852,0.019003978355376976,0.050429783345701834,0.019583292922754524
1.35,0.02,147.23254349394952,0.01705937772712902,0.04843399968339201,0.020323882176428193
1.35,0.02,147.91756368237174,0.01610257989343407,0.046469464532992215,0.0198441641619849
1.35,0.02,148.60882837012872,0.014916432080260916,0.04453687636139834,0.019699871007846755
1.35,0.02,149.30643401827734,0.013833455843738074,0.04263690412005806,0.019458228727642222
1.35,0.02,150.0104465446229,0.012789320102764727,0.0407703024900322,0.01920357043090347
1.35,0.02,150.72098738837897,0.012435066507214555,0.038937680741438066,0.018038787823861684
1.35,0.02,151.43811458780547,0.010947836979457932,0.03713981533020172,0.01847127466376945
1.35,0.02,152.16194239207042,0.010699479193343417,0.035377338738752366,0.01721431779366253
1.35,0.02,152.89255384119784,0.009569474186394644,0.03365096174693618,0.01723332745998906
1.35,0.02,153.63005606015977,0.008414748748897957,0.03196133603340814,0.01734726521342902
1.35,0.02,154.3745354627967,0.007845404446268004,0.03030915910637432,0.016649101733849214
1.35,0.02,155.12609147174612,0.007055518376988248,0.0286950940738236,0.016318860469122363
1.35,0.02,155.88482540761999,0.006564575365804224,0.027119795322590127,0.015579655467381166
1.35,0.02,156.6508523574456,0.005824033817063629,0.025583884099959434,0.015261626486303406
1.35,0.02,157.424265986751,0.005224439413181574,0.024088018417898184,0.014772265891443714
1.35,0.02,158.2051856522982,0.004915224553816023,0.02263279748071953,0.013869800703495022
1.35,0.02,152.82502097596785,0.009439771120893708,0.033808334324659794,0.017564511369103603
1.35,0.02,153.48910134589693,0.00898478335322368,0.032280173819950804,0.0168114093816273
1.35,0.02,154.15882421904158,0.007735727719680863,0.030782386030981827,0.01725494764386581
1.35,0.02,154.8342721216327,0.007300821242422177,0.029315434303218875,0.016532014610589823
1.35,0.02,155.51550828128714,0.006100888012045471,0.02787982164735745,0.01701309127048456
1.35,0.02,156.20260736763996,0.0055978158690020005,0.026476021699267348,0.016463934183245824
1.35,0.02,156.895645340184,0.004909709513718613,0.025104501124928437,0.016245278334378898
1.35,0.02,157.59471020751818,0.0045850344086179416,0.023765698691627514,0.015480204773745069
1.35,0.02,158.29987005472037,0.004288000928304518,0.02246008616503565,0.014702734416268319
1.35,0.02,159.01121581052652,0.0037997175813943023,0.021188085706767164,0.014270064329922692
1.35,0.02,159.72880713365288,0.0029467623710696575,0.019950167555450937,0.014491897727708548
1.35,0.02,160.45274882303383,0.0026515501088741557,0.018746714346178046,0.013818651473643452
1.35,0.02,161.18312549975977,0.002212277456605362,0.01757813644447869,0.013432005331223256
1.35,0.02,161.92001196666854,0.0018716716975542412,0.01644484871259793,0.012914529773028639
1.35,0.02,162.66349558619828,0.0016284717403168435,0.015347233798685921,0.012263084988661712
1.35,0.02,163.41366529100722,0.0012489081953248843,0.014285659849361074,0.01189702789238795
1.35,0.02,164.1706232649342,0.0012382564620712873,0.013260464098410517,0.01089957903272616
1.35,0.02,164.9344502600642,0.001015680059028527,0.012271999230686713,0.010324700883080934
1.35,0.02,165.70524014073192,0.000588022509213741,0.011320583834087116,0.010175082335005418
1.35,0.02,166.48310046516764,0.00045454794651187563,0.010406504120674514,0.00951726252581682
1.35,0.02,167.26810473456155,0.0004496981412960741,0.009530068270474382,0.008651892026663244
1.35,0.02,168.06038835886378,0.000349926778841701,0.00869149610021669,0.00800573088234713
1.35,0.02,168.86001605323233,0.00015605631353342498,0.007891064198686168,0.007582037793246776
1.35,0.02,169.6671152104071,0.00013837641574960708,0.007128961865132935,0.006854894983256955
1.35,0.02,170.48177842358913,0.00023885032270449394,0.006405390962469583,0.005936596795523862
1.35,0.02,171.3041251417332,0.00012196314549128387,0.005720504751185459,0.005479178756768512
1.35,0.02,172.1342517199909,0.000256238787906039,0.005074450984882861,0.004574912408111893
1.35,0.02,172.97226901888246,0.00032798994720066794,0.004467337572356416,0.0038354385547015295
1.35,0.02,173.8182900152513,0.00025623539017537807,0.0038992426209378886,0.003403610129855353
1.35,0.02,174.6724430360865,0.0004786783546984939,0.0033702052337214335,0.002480836362265058
1.35,0.02,175.53483252248347,0.0005037341412467125,0.0028802487851159702,0.001960879866250034
1.35,0.02,176.4055915623692,0.0007043334018214194,0.0024293469972469913,0.0012248854971213165
1.35,0.02,17.582631500544895,0.9661395994385934,0.9679242956069466,3.2906916664771812e-06
1.35,0.02,17.65903443742422,0.985854247091283,0.9676487422751474,0.0003425214038216485
1.35,0.02,17.7360865484646,0.9575739935737813,0.967369704205243,9.919263168797235e-05
1.35,0.02,17.81379732836983,0.9662361467201895,0.9670871186495174,7.48798335268019e-07
1.35,0.02,17.892174051523913,0.9448244083186701,0.96680093021312,0.0004995521823409605
1.35,0.02,17.971225308723493,0.9604880057812293,0.9665110780186504,3.753438527736509e-05
1.35,0.02,18.050959839164314,0.9859429812837351,0.9662174999073025,0.0004026987873530735
1.35,0.02,18.131387768300648,0.9743787493717959,0.9659201278321128,7.407266531671993e-05
1.35,0.02,18.21251692937098,0.9778511983319018,0.9656189014272405,0.00015495666804225407
1.35,0.02,18.294357783793522,0.9692498528138384,0.9653137497925584,1.6049607702634418e-05
1.35,0.02,18.376917195347627,0.9767775879961115,0.965004614638443,0.0001436292630914535
1.35,0.02,18.460207221228067,0.9923276311547946,0.964691417434432,0.0007917146301858444
1.35,0.02,18.54423759715377,0.9604038606075825,0.9643740874233888,1.6345006750504856e-05
1.35,0.02,18.62901692924648,0.9646649436794781,0.9640525572664539,3.890006992149744e-07
1.35,0.02,18.714555268619176,0.9573912496740138,0.963726753297426,4.164936381078258e-05
1.35,0.02,18.800862847039873,0.9731296589119935,0.9633966002410616,9.833170582925087e-05
1.35,0.02,18.88795142083467,0.9545268084623847,0.9630620160124358,7.564390113119017e-05
1.35,0.02,18.975830280590575,0.9377752532066826,0.9627229270078239,0.0006464855158509093
1.35,0.02,19.064510225468585,0.9428785049653119,0.9623792528636376,0.00039514481163481214
1.35,0.02,19.154003630122514,0.9431355007336434,0.9620309060562627,0.0003711277257917856
1.35,0.02,19.244318950918554,0.9539640677923776,0.9616778132794308,6.187297722521537e-05
1.35,0.02,19.33547176687147,0.9604422109329365,0.9613198723174545,8.012832440644518e-07
1.35,0.02,19.427469523507956,0.9544170096304724,0.9609570117202985,4.4509407614769395e-05
1.35,0.02,19.520326877456796,0.9517620203103928,0.9605891305734455,8.111467548001067e-05
1.35,0.02,19.614054481634135,0.9498478980152592,0.9602161425778695,0.00011195447623021041
1.35,0.02,19.708666078730424,0.954609904674185,0.959837947971515,2.8476095133058647e-05
1.35,0.02,19.804172754476987,0.9731477265627554,0.9594544563642184,0.000195429441685725
1.35,0.02,19.900587263458533,0.9680428520238489,0.9590655694747353,8.403137859568625e-05
1.35,0.02,19.99792260374431,0.9523788920974117,0.9586711867521129,4.129984562873888e-05
1.35,0.02,20.096193539449168,0.9572112689902147,0.9582711991255561,1.1723736378909363e-06
1.35,0.02,20.195412086598235,0.962875823837739,0.957865507322495,2.620751179682548e-05
1.35,0.02,20.295593557055792,0.9538060223089726,0.9574539972247418,1.3899070894951271e-05
1.35,0.02,152.40880154766396,0.009856167379765312,0.03478814501555681,0.017868256802817006
1.35,0.02,153.07107329260376,0.0089140409836876,0.0332371063171378,0.017799729662694448
1.35,0.02,153.73897217338381,0.008459517717005564,0.03171628748147467,0.017053614493608312
1.35,0.02,154.41258049147447,0.007780808057369626,0.030226158547861974,0.01666747555245258
1.35,0.02,155.09196130229205,0.0071355938589511255,0.028767230275390854,0.01626599744130855
1.35,0.02,155.7771890721086,0.006282776445340563,0.027339984055118526,0.016218224247218516
1.35,0.02,156.46833955354103,0.005627242039288042,0.025944894673682665,0.0159109147970701
1.35,0.02,157.16550051549655,0.004998318664681054,0.024582409029882266,0.015602075246821478
1.35,0.02,157.8687398576231,0.00452771661409891,0.023253008125043124,0.015079190627048784
1.35,0.02,158.57814826101202,0.004297926246746126,0.021957123021089556,0.014202554242441321
1.35,0.02,159.2937852218987,0.0036010661526816633,0.020695234350892894,0.0141197041518947
1.35,0.02,160.01575525379744,0.0031560021853294863,0.019467734085562356,0.013667363464883115
1.35,0.02,160.74414274733272,0.0024938210731325684,0.018275043068948785,0.013627708932975947
1.35,0.02,161.47902230161674,0.002445112954632906,0.017117587432471573,0.012576626709348315
1.35,0.02,162.2204810411556,0.001981940151653585,0.01599576115265108,0.012277451330626422
1.35,0.02,162.9686076563993,0.0014224116212161804,0.014909944137372013,0.012200819245082997
1.35,0.02,163.7235040528886,0.001171867675415498,0.013860485448978537,0.011615828435175408
1.35,0.02,164.48525076277994,0.0012067102362941218,0.012847750788685755,0.010547669189051008
1.35,0.02,165.2539413947682,0.0008103061612269378,0.011872071839656,0.010306765455692922
1.35,0.02,166.02968321414843,0.0005825034005183455,0.010933747992338472,0.009799774484903682
1.35,0.02,166.81254952193015,0.00044435003711783776,0.01003310217821496,0.00916408165592438
1.35,0.02,167.60267535927414,0.0005951380113562142,0.009170367572470762,0.008018714783752169
1.35,0.02,168.40012526508636,0.00018950338683020566,0.008345836811780607,0.00797113296596674
1.35,0.02,169.20502628515214,0.00010578549447869468,0.007559713858918505,0.007349623160227512
1.35,0.02,170.01747076049477,0.00018492296591485124,0.006812216817361616,0.006447390764411223
1.35,0.02,170.8375778147493,0.00017837505588975548,0.006103514921499635,0.005751977815827735
1.35,0.02,171.66544354064388,0.0001811178865526948,0.005433773099062539,0.005077574326073141
1.35,0.02,172.50117849676963,0.0003256655145587038,0.004803116530458345,0.004173866586965288
1.35,0.02,173.34489535227732,0.00046551707564539146,0.004211641056876194,0.00333206099314675
1.35,0.02,174.19672208465695,0.00047873804575457546,0.0036594036183645513,0.0027645579826222175
1.35,0.02,175.05676285055833,0.00042310438941195943,0.0031464465946692746,0.002357132893817745
1.35,0.02,175.92515037544308,0.000937136906774221,0.0026727624500175965,0.0011270721145977749
1.35,0.02,128.64812250328686,0.06664850930438901,0.1216974420756796,0.024900975300479824
1.35,0.02,129.20714544493,0.0656571598078876,0.11890924517200535,0.023848310461690742
1.35,0.02,129.77091824651276,0.06357667301863154,0.11613485470033107,0.0237858175206264
1.35,0.02,130.33951037862704,0.06191811408381341,0.11337486345445962,0.023354357175098737
1.35,0.02,130.91297506628882,0.05856515591112439,0.11062995935264129,0.02450279990398524
1.35,0.02,131.4913751664067,0.05613675207295377,0.10790079840825226,0.024833147970460233
1.35,0.02,132.07477462169155,0.05533846065188463,0.10518804711433251,0.02362417915959648
1.35,0.02,132.6632475177934,0.05567496362454646,0.10249234128806702,0.021385664760337646
1.35,0.02,133.2568511687396,0.05148166047456251,0.09981440970789905,0.023403982003088724
1.35,0.02,133.85566211835192,0.05026077674146367,0.0971549092253384,0.0226345706969347
1.35,0.02,134.45973058734543,0.04846403490474277,0.09451462857530386,0.022437343397286938
1.35,0.02,135.06914479547675,0.04580997515134039,0.09189420429028658,0.023110882690948804
1.35,0.02,135.68397597679066,0.04421325706034209,0.08929436425486946,0.022759624785319416
1.35,0.02,136.3042871003259,0.043493947153507614,0.0867158851971374,0.021543180052886562
1.35,0.02,136.9301517077941,0.039537675586756964,0.08415951286267331,0.023658743903702657
1.35,0.02,137.56164466271863,0.03864023198437052,0.08162600199409233,0.022637105556908586
1.35,0.02,138.19885198346822,0.03651545780183355,0.0791160777956061,0.02293860962802435
1.35,0.02,138.84184164715856,0.034874329165103815,0.07663055113504857,0.022753093216444763
1.35,0.02,139.4906926687987,0.03397421476452654,0.07417020199329825,0.02178391518256306
1.35,0.02,140.14549559092092,0.03175352365452782,0.07173578095296422,0.02228428933848967
1.35,0.02,140.80631228683663,0.028840233619903916,0.06932815763342545,0.023645111119098103
1.35,0.02,141.4732567446595,0.028428140700725683,0.06694802385333126,0.022163184403187663
1.35,0.02,142.14638344161784,0.028233281742106632,0.06459629803441909,0.020469732695369502
1.35,0.02,142.8257996169367,0.02513697414574092,0.06227372231291425,0.0221463887689599
1.35,0.02,143.51158321558478,0.02460194918088477,0.059981152606233254,0.020868022380785563
1.35,0.02,144.20383478970763,0.02370140589233245,0.05771937886925693,0.020049115360025738
1.35,0.02,144.90263545108448,0.022644773119384124,0.055489265126226796,0.019440889201426455
1.35,0.02,145.60807852211553,0.020592571018463568,0.05329164349654638,0.020063733650777824
1.35,0.02,146.32025910672232,0.019640629519219577,0.05112734888156418,0.01939106012517181
1.35,0.02,147.03928523058093,0.01807812486835155,0.048997185751053336,0.019511086426992758
1.35,0.02,147.76524481221898,0.01782907027866486,0.04690202576773324,0.01802132694769105
1.35,0.02,148.49824988507078,0.015853617190507967,0.04484267609186028,0.018740307430907644
1.35,0.02,178.397373536965,0.0016998886603666731,0.0015567623385789114,1.3158812672198736e-05
1.35,0.02,179.17257509137167,0.0019253404322470353,0.0012744418134344971,0.00033243495898045196
1.35,0.02,179.95436331429246,0.0018880381860963264,0.0010208770625115286,0.000736590566945329
1.35,0.02,180.74283454114908,0.0026325673702202695,0.0007959250784114804,0.004238156328473826
1.35,0.02,181.53806257949412,0.004171283437229361,0.0005994264306925026,0.021283950493152685
1.35,0.02,182.34013459350203,0.0037504673462265617,0.0004311931662623485,0.025551381477770765
1.35,0.02,183.149139253038,0.004037203802550985,0.0002910121920380809,0.0482246172725328
1.35,0.02,183.96517929326149,0.0041910255689203944,0.00017864306514552884,0.09011944204765901
1.35,0.02,184.7883341919896,0.0036881945084403455,9.382265066398016e-05,0.13770138618493225
1.35,0.02,185.6187100931481,0.005175164975662689,3.625754999429658e-05,0.7283550469831487
1.35,0.02,186.45637663820153,0.005229343704665682,5.628877088652212e-06,4.847715835696424
1.35,0.02,187.30145616218724,0.00446588762731753,1.5864535015044403e-06,12.562602655316065
1.35,0.02,188.15404744592115,0.0052408455905203,2.375299791112903e-05,1.1458787316739065
1.35,0.02,189.01423780906944,0.007231202483347215,7.172037608940163e-05,0.7146948585468917
1.35,0.02,189.88212923250796,0.005560492121439258,0.00014504967819704641,0.20218601806361225
1.35,0.02,169.31215973182833,3.92656426651334e-05,0.007458521340195118,0.007380196770194014
1.35,0.02,170.04788272371903,0.00015050548964302374,0.006785120055516292,0.006487447543674792
1.35,0.02,170.78985694593595,6.054101897438072e-05,0.006143509445706089,0.006023024007308585
1.35,0.02,171.5381738278425,2.508326431993906e-05,0.0055337921643291875,0.0054837393317100965
1.35,0.02,172.29290341820612,0.00010352432929699562,0.0049560712551163285,0.004751185052670507
1.35,0.02,173.0541284422057,6.800625627208646e-05,0.004410420190167116,0.0042754562967324
1.35,0.02,173.8219330540307,0.0006087527764073741,0.0038968920762342952,0.002774482804130967
1.35,0.02,174.59641475686396,0.00018778461110698124,0.003415511699275001,0.0030502668627676033
1.35,0.02,175.3776489809688,0.0005824603077179446,0.0029662969841155063,0.001915747927523393
1.35,0.02,176.16573646469666,0.0007077196059861732,0.0025492286985717926,0.0013302673628205303
1.35,0.02,176.96074330289267,0.0009006681364445593,0.002164282683141328,0.0007377602450277581
1.35,0.02,177.76278560045776,0.0015434678376838682,0.001811385549273804,3.9627069020377804e-05
1.35,0.02,178.57195710761346,0.0011142926579126898,0.0014904515503953966,9.493466081220804e-05
1.35,0.02,179.38834069711154,0.001504406198720168,0.001201372613539265,7.643702937181218e-05
1.35,0.02,180.2120331562646,0.0017610459152650293,0.0009440076154842688,0.0007071463962355717
1.35,0.02,181.04313301200463,0.001974320029044751,0.0007181871148360383,0.0021970178322103426
1.35,0.02,181.88175347201394,0.0025184854959903508,0.0005237097007226439,0.007597969768166002
1.35,0.02,182.72798400011104,0.0024190351419560055,0.0003603502489270766,0.011761289194067423
1.35,0.02,183.58192858694548,0.0026234471436353294,0.00022784888647506241,0.02518726818679195
1.35,0.02,184.44370639439379,0.0027944113318018925,0.00012591245733544707,0.05655426312630628
1.35,0.02,185.3133988531351,0.003695209540117017,5.4219406991925876e-05,0.24450302732909673
1.35,0.02,186.1911559814778,0.003837831005696634,1.2408705544310477e-05,1.1793217046086222
1.35,0.02,187.07704947621,0.0043021197299194305,8.993333399782658e-08,205.79088473642236
1.35,0.02,187.97122047351343,0.004680397582415656,1.683421550649306e-05,1.2919415976817257
1.35,0.02,188.87377155577119,0.0049473094622650505,6.217717299327133e-05,0.38381477212333687
1.35,0.02,189.7848350583847,0.00572575992533863,0.0001356182541308468,0.2304238769658804
1.35,0.02,183.82684078418677,0.003200889426064599,0.00019568264592733893,0.046152625076096215
1.35,0.02,184.62563535101395,0.0035140252924313496,0.00010836404850392887,0.10703299358521796
1.35,0.02,185.43121704951378,0.0036241318189697896,4.685084915461055e-05,0.2731420959900039
1.35,0.02,186.24368514704577,0.0045144758480202924,1.0853281727272583e-05,1.8688003066074212
1.35,0.02,187.06311569747191,0.004454534152604107,5.768987331273844e-08,343.9487628869741
1.35,0.02,187.88959851778054,0.004948469722836098,1.412334129807658e-05,1.7239386699741672
1.35,0.02,188.723224976476,0.0057399143527326665,5.268300470431526e-05,0.6139475261050747
1.35,0.02,189.56410093542948,0.0057181250262094046,0.0001153435467338592,0.2721535898248851
1.35,0.02,38.260405934745904,0.8530262173305093,0.8555812103665329,7.629888706102343e-06
1.35,0.02,38.42666133169938,0.8190846190505865,0.8544041402050778,0.0014600450956184946
1.35,0.02,38.59432935377234,0.8269853819373166,0.8532132694482201,0.0008062486929316938
1.35,0.02,38.76343066176413,0.8664895939406456,0.8520083710829044,0.0002461311679238908
1.35,0.02,38.933981084982484,0.8317240413415107,0.8507892508828,0.00042722943957755827
1.35,0.02,39.10599931729397,0.8138995472007426,0.8495556926891525,0.0014965007262400121
1.35,0.02,39.279504375486624,0.8370297097946711,0.8483074764027767,0.00014993150856837877
1.35,0.02,39.45451829289437,0.8714945057613065,0.8470443584815985,0.0007057596169709893
1.35,0.02,39.631058114911355,0.8624632337990615,0.8457661296463113,0.0003296340173901009
1.35,0.02,39.80914660594046,0.8635040347964286,0.8444725375706839,0.00042890428112141177
1.35,0.02,39.98879870179971,0.8503402962332871,0.8431633851045137,6.108905374718884e-05
1.35,0.02,40.17004063935623,0.8372741730273041,0.8418383911270425,2.4745945399436837e-05
1.35,0.02,40.352893603866534,0.849110061991665,0.840497309354498,8.825668703924665e-05
1.35,0.02,40.53737632254507,0.819710438024437,0.8391399098313909,0.0004498705999730933
1.35,0.02,40.72351066695661,0.8361629264443441,0.8377659378137914,3.067259403363852e-06
1.35,0.02,40.91131890177735,0.8489855214369092,0.8363751338165104,0.0001901322379242259
1.35,0.02,41.10082660917392,0.839269056465154,0.8349672118189978,2.2163585704578246e-05
1.35,0.02,41.29205400578058,0.8273471297999622,0.8335419237039121,4.603904185393682e-05
1.35,0.02,41.48502459094005,0.8345258644069153,0.8320989951474637,7.07811743172191e-06
1.35,0.02,41.679765292321164,0.8381058853197183,0.8306381241480744,6.713808973541819e-05
1.35,0.02,41.876294511265236,0.8206693902776427,0.8291590707433347,8.692502675625037e-05
1.35,0.02,42.07464614823981,0.8506679562434211,0.8276614763775663,0.000639510392744829
1.35,0.02,42.27483640496496,0.8189945267942131,0.8261451139001681,6.189093792307767e-05
1.35,0.02,42.47689717476491,0.8183928400332023,0.8246096356069211,4.6868900794451474e-05
1.35,0.02,42.68085163874859,0.8141953191388013,0.8230547576881663,9.536382686182368e-05
1.35,0.02,42.88672970147921,0.8030433590716402,0.8214801430792003,0.00041378359222086786
1.35,0.02,43.0945554858863,0.8134693609564031,0.8198854967654203,5.021042436067332e-05
1.35,0.02,43.30435674638129,0.8193318626985093,0.8182704939513695,1.3766885470418305e-06
1.35,0.02,43.51616176720625,0.8048352209566495,0.8166348036352253,0.0001704925515894842
1.35,0.02,43.73000267557873,0.8095787779137551,0.8149780628675767,3.577062910133936e-05
1.35,0.02,43.94590561877933,0.8200767072382765,0.8132999527794136,5.646674494296274e-05
1.35,0.02,44.16390391594702,0.8227952466505127,0.8116000966527073,0.0001544250474960138
1.35,0.02,55.24641310659571,0.7011284131903464,0.718893696161498,0.0004390152267717073
1.35,0.02,55.48647889044959,0.7098210136509039,0.7167698930487316,6.736740110577134e-05
1.35,0.02,55.72858444541957,0.6943546986391326,0.7146239932607489,0.0005749097544055964
1.35,0.02,55.97275960482885,0.6973777337825667,0.7124556879169804,0.000319100127538002
1.35,0.02,56.219027225530425,0.67939937685101,0.7102647304542997,0.0013412886944938968
1.35,0.02,56.467414300679465,0.6746678014322213,0.7080508381553413,0.0015739366169815676
1.35,0.02,56.71794828971617,0.6824187811879083,0.7058137247058276,0.0007754501833111119
1.35,0.02,56.970661007845784,0.6957658807488958,0.7035530654328261,8.619143072645652e-05
1.35,0.02,57.22557706789881,0.6779953288821743,0.7012686007331492,0.0007723790600108339
1.35,0.02,57.48272934071329,0.6807961549101578,0.6989599978401368,0.0004720229927384344
1.35,0.02,57.74213939298072,0.6733833368906287,0.6966270263658656,0.0007755500145317251
1.35,0.02,58.00384510963112,0.6790410863413444,0.6942693102405767,0.00033401851371594153
1.35,0.02,58.267877081281675,0.6828752121605526,0.6918865398389424,0.00011736610246272147
1.35,0.02,58.53426234924055,0.6746578996072174,0.6894784387948679,0.0003185717920296455
1.35,0.02,58.80303249512512,0.6488309196507251,0.6870446910904209,0.0021254691966655754
1.35,0.02,59.07421966818919,0.664074560244383,0.6845849769113297,0.0006144995961637213
1.35,0.02,59.347860808002785,0.656623209913468,0.6820989343554577,0.0009514932558243422
1.35,0.02,59.62398510653345,0.6392876830050537,0.6795862734168455,0.0023896544893590647
1.35,0.02,59.902626495841346,0.6425589101591791,0.6770466628034426,0.001756754959144091
1.35,0.02,60.183823858344994,0.6544855909517968,0.6744797278347782,0.0005927020386197916
1.35,0.02,60.46760376480544,0.6261726793716336,0.6718852082074102,0.0031101076002801927
1.35,0.02,60.75401516606856,0.6378308776022048,0.6692626411334136,0.001476185428501879
1.35,0.02,61.0430814567351,0.6402360906746384,0.6666117999024149,0.001043602944577424
1.35,0.02,61.33484868942061,0.6215114697828036,0.6639322526991316,0.002710401273501168
1.35,0.02,61.629350336669056,0.6234015837542825,0.661223685603837,0.0021634303481003125
1.35,0.02,61.92662957940893,0.6390082146252811,0.6584856982108643,0.0005761284836670491
1.35,0.02,62.226721250133465,0.6475873218116532,0.6557179698715457,0.00010081687693686967
1.35,0.02,62.5296654250426,0.6368120279175056,0.6529201348366247,0.00039740099083128893
1.35,0.02,62.83550294538946,0.630986727646272,0.6500918236068957,0.000561466362766247
1.35,0.02,63.14428020152168,0.6352208450144367,0.6472326188063501,0.00022292249407050854
1.35,0.02,63.45603494901007,0.6290239649582078,0.6443421867042446,0.00036416662187052987
1.35,0.02,63.77081529928658,0.631738250609367,0.6414201015880975,0.00014614172231624495
1.35,0.02,88.36417654634732,0.340963677046904,0.41214821409720453,0.01229469919253492
1.35,0.02,88.74815107273461,0.3386248804577417,0.40870450905838623,0.012016393839449137
1.35,0.02,89.13538812215067,0.3309163143799577,0.40524011445413793,0.013631491701920044
1.35,0.02,89.52593541166688,0.33179847641777743,0.4017550029246423,0.012181343269603646
1.35,0.02,89.91982949980135,0.318185783890977,0.3982492602169648,0.016095849714597762
1.35,0.02,90.31711356090325,0.31456300960673644,0.3947229266385743,0.016278791691354426
1.35,0.02,90.71783151512382,0.32281399144459705,0.3911760500666461,0.011946976452797273
1.35,0.02,91.12203424946652,0.3235464981961709,0.38760863156083414,0.01058788839326401
1.35,0.02,91.52976113105723,0.32029481307758517,0.3840207890674679,0.01057494836601057
1.35,0.02,91.94106473533704,0.31217922634201883,0.3804125396554358,0.012238779115809305
1.35,0.02,92.35597955726814,0.30877520419705207,0.37678407487008553,0.012275482958817073
1.35,0.02,92.77456619210841,0.30256577873583307,0.3731353740802672,0.01334654426520786
1.35,0.02,93.19687356818716,0.29918995095416356,0.3694665361619699,0.013367376866588402
1.35,0.02,93.62294493687216,0.29819469217352157,0.36577772644984335,0.012487000141657862
1.35,0.02,94.05283081155345,0.2835724951670314,0.3620690648309991,0.01701805552453424
1.35,0.02,94.4865826135302,0.2887966171130586,0.3583406817724243,0.013496589071116217
1.35,0.02,94.92425942599904,0.27626782236829406,0.35459266115531424,0.017300923124084683
1.35,0.02,95.3659079402116,0.2698273478713396,0.35082521270871175,0.018700634591107573
1.35,0.02,95.81158242898637,0.26708174772850524,0.3470385010085944,0.018421824600189606
1.35,0.02,96.26134508301962,0.26473076147449526,0.3432326443511521,0.01795442746079715
1.35,0.02,96.71523840105988,0.2614321588464942,0.3394079487756344,0.017914205713233718
1.35,0.02,97.17334067780445,0.26221130487892164,0.33556444043169054,0.01603472194044414
1.35,0.02,97.63568933187493,0.2580396394098933,0.33170251164408165,0.016358690559487594
1.35,0.02,98.10235802237825,0.2492686493551818,0.32782227397454855,0.018823223529098754
1.35,0.02,98.57340028715734,0.24906562063471296,0.3239240309813906,0.01729967851614415
1.35,0.02,99.04888519218359,0.244766940550817,0.320007981889902,0.017690853422955007
1.35,0.02,99.52886845047814,0.24448835757254073,0.3160744613101644,0.016213174032131218
1.35,0.02,100.01341416213744,0.23781058961155052,0.31212376019296895,0.01769313338545187
1.35,0.02,100.50258765092636,0.2325818651286196,0.3081561860234884,0.018534360943464088
1.35,0.02,100.99646311613925,0.23148295891394755,0.3041720020439462,0.017370753901246386
1.35,0.02,101.49510094612965,0.22774384436554207,0.30017161126483,0.017475941165500275
1.35,0.02,101.99857809298959,0.22314406965814673,0.2961553122853882,0.01799947976228461
1.35,0.02,105.61961758687983,0.19516403374588598,0.2679718024877156,0.019781824579870686
1.35,0.02,106.07857328844578,0.1986804710944008,0.26449042983095433,0.01637469707949339
1.35,0.02,106.54142860689426,0.19358467516638536,0.2610007629345611,0.01741346974953438
1.35,0.02,107.00824057731599,0.19051885907331914,0.2575030911709385,0.017424596067195194
1.35,0.02,107.47905289724605,0.1812658690874017,0.2539978232620803,0.020826702725752426
1.35,0.02,107.95391717196644,0.1900149353505062,0.2504853276894972,0.014598333496660237
1.35,0.02,108.43288589819876,0.18972721061903713,0.24696598620632115,0.013266107940849727
1.35,0.02,108.91601989997895,0.17529607027468158,0.24344014021090962,0.0190749736812115
1.35,0.02,109.40336623190471,0.17310185066968203,0.23990825267380053,0.018603342315215342
1.35,0.02,109.89498773616161,0.17300567419678378,0.23637069293254406,0.016986562714562486
1.35,0.02,110.390925643765,0.1687413724333098,0.2328280071805848,0.017640045984867753
1.35,0.02,110.89125238279841,0.16820628278173902,0.22928053995050116,0.016268562912148447
1.35,0.02,111.39602643614076,0.1597430142032466,0.2257287590879034,0.019289161671630105
1.35,0.02,111.90529950113248,0.15885068940579639,0.22217320244794012,0.01804781410985886
1.35,0.02,112.41913195523817,0.1495021664495547,0.21861436951542468,0.02184895998925192
1.35,0.02,112.93758526112482,0.1519719984552907,0.21505277595999178,0.018503292844440602
1.35,0.02,113.46073003954483,0.14305671084551433,0.21148889937255713,0.0221428379479684
1.35,0.02,113.98862209945074,0.14035024325208656,0.20792334332111032,0.021960611925552386
1.35,0.02,114.52132631186345,0.13746413319008105,0.20435667405663852,0.021896089492745897
1.35,0.02,115.0589170118564,0.13945987430255066,0.2007894206777995,0.01873262667872059
1.35,0.02,115.6014449971821,0.13097444666883348,0.19722229414419437,0.022252947184104505
1.35,0.02,116.14900385164684,0.13245363827198092,0.19365575025313064,0.019342046420295425
1.35,0.02,116.7016383008472,0.12961808120160026,0.19009060833564315,0.01923780753818471
1.35,0.02,117.25943638777758,0.12171247874090142,0.18652736540436834,0.022522001123485975
1.35,0.02,117.82246210495981,0.12282107775676933,0.18296680335473628,0.019771391538673314
1.35,0.02,118.39079800532171,0.11885557959730142,0.17940954651936303,0.020438059072862037
1.35,0.02,118.96451068132436,0.1142580523199227,0.17585636520130346,0.021576427702739504
1.35,0.02,119.54367675030225,0.11197488491753693,0.17230799515423256,0.02112545147759995
1.35,0.02,120.12837429221197,0.10893640712451577,0.16876519251875563,0.02120984492315976
1.35,0.02,120.71869199572124,0.10765850603044066,0.1652286798404924,0.020059017089037637
1.35,0.02,121.31470204160578,0.10680971713583481,0.16169930936286028,0.018632530631829288
1.35,0.02,121.91649640888754,0.1034685846475856,0.1581778460598552,0.01892239247677862
1.35,0.02,90.47634200883208,0.32567562239722864,0.3933123417350189,0.01163127956422247
1.35,0.02,90.86949466333425,0.32800273602280733,0.38983627593572046,0.009807672846721564
1.35,0.02,91.26598782482581,0.3241173234460283,0.386340659431548,0.01002157926339842
1.35,0.02,91.66587035095739,0.3236627771959648,0.38282550130491105,0.009143142011334933
1.35,0.02,92.06917967410396,0.30777252018759216,0.37929092553538296,0.013485380110982275
1.35,0.02,92.47596000060946,0.3030671293470549,0.3757370110453112,0.014054808418651444
1.35,0.02,92.8862563004468,0.3093015184267934,0.3721638452085633,0.010618097860106441
1.35,0.02,93.3001206769695,0.30950289437111206,0.3685714691062228,0.00946653990798132
1.35,0.02,93.7175934382943,0.2976557862245429,0.3649600424003144,0.01241194205694768
1.35,0.02,94.13872841657101,0.305308316903455,0.3613296240592473,0.008685661640986908
1.35,0.02,94.56356093129357,0.29731892905202373,0.35768044947117184,0.010186503491309474
1.35,0.02,94.99215302612589,0.2905474204724877,0.3540125414874166,0.011377623991840242
1.35,0.02,95.42455479892931,0.28572973532241175,0.35032604413336216,0.01191085613495299
1.35,0.02,95.86081053490729,0.27237797959440185,0.346621169106502,0.01590223471676075
1.35,0.02,96.30097195486948,0.2717446322769806,0.3428980833394583,0.014764776602989601
1.35,0.02,96.74509170923636,0.27586313222059905,0.33915696534462514,0.011811962368106941
1.35,0.02,97.19323029346792,0.26280458819995767,0.3353979479050053,0.015712069516772953
1.35,0.02,97.64543551487489,0.26641684224381024,0.3316212910387773,0.012820709217244828
1.35,0.02,98.10176294355692,0.266292185022427,0.3278272104354897,0.01155047302985056
1.35,0.02,98.56227625675197,0.26521031133099443,0.32401587647778574,0.010672608175329952
1.35,0.02,99.02701896905458,0.2567506237305515,0.3201876485800864,0.012568430230230904
1.35,0.02,99.49607124663704,0.25841929611503434,0.31634260704339656,0.010605937594879421
1.35,0.02,99.96947140253693,0.24785878773771314,0.3124811996440358,0.013364183590397134
1.35,0.02,100.44729485653184,0.23589907909084162,0.30860359436902884,0.017128596809262087
1.35,0.02,100.92959642617771,0.23609171130709147,0.30471015227265547,0.015452358267116157
1.35,0.02,101.41644682832714,0.2345473454484661,0.3008011312757683,0.014592910996819919
1.35,0.02,101.90790310770743,0.23468696603757033,0.2968769255898501,0.013027590680649466
1.35,0.02,102.40403089659713,0.22868041151615762,0.2929378869107798,0.014095217206738628
1.35,0.02,102.90489708019254,0.22107376237664794,0.28898438455580916,0.01595882978884672
1.35,0.02,103.41057763137084,0.21862115486224712,0.285016744958273,0.015467071539410376
1.35,0.02,103.921134381946,0.21895649783080354,0.28103543493446104,0.01371284170203871
1.35,0.02,104.43664612339293,0.22002930140482807,0.27704081851802975,0.011732253394773155
1.35,0.02,119.0474704211287,0.11549658659085447,0.1753457147478852,0.020427748384423464
1.35,0.02,119.56477503323677,0.11336574225923475,0.1721794660952396,0.02008981785054728
1.35,0.02,120.08647503642918,0.10770683498210365,0.169017747365735,0.022240433539675655
1.35,0.02,120.61263471690046,0.10696556150466606,0.16586106192884265,0.020913166296392758
1.35,0.02,121.14330332763151,0.10148992750325786,0.162710022837031,0.023034229897626764
1.35,0.02,121.67853903469441,0.09957415918639154,0.15956520819241168,0.022554578166582195
1.35,0.02,122.21840100893311,0.09967742533553713,0.15642720958533515,0.020588093471307085
1.35,0.02,122.76295780719131,0.09987233982993302,0.1532965844391314,0.01861848339613036
1.35,0.02,123.31226246630973,0.09405847171937348,0.15017399974227078,0.020968692920830614
1.35,0.02,123.86638581785729,0.09177810740607624,0.14706004081184085,0.020781254678077888
1.35,0.02,124.42537433471657,0.08916444623456707,0.1439554497235733,0.02085404942360229
1.35,0.02,124.98930965304872,0.0855995886817053,0.14086079246688232,0.021679564556651494
1.35,0.02,125.5582576908997,0.08356606338445444,0.13777674461111808,0.02133014513700298
1.35,0.02,126.1322767181037,0.08192362244729036,0.1347040429761493,0.020680691756938898
1.35,0.02,126.71143478815868,0.07925320194103982,0.13164339128690103,0.020849751080275453
1.35,0.02,127.29580117773124,0.07611360152305728,0.12859550763536548,0.021418714540099918
1.35,0.02,127.88545548587804,0.07439734166204395,0.1255610781511571,0.02084824350087253
1.35,0.02,128.4804606167715,0.06993951381289745,0.1225408965491853,0.022579445260210454
1.35,0.02,129.08088968875,0.06773242612380495,0.11953572421665243,0.022450039190230357
1.35,0.02,129.68682648740807,0.06542352814492862,0.11654629126765566,0.022424882687174602
1.35,0.02,130.29832826862375,0.06256735921994602,0.1135734795217281,0.022906970176449867
1.35,0.02,130.91550051389436,0.06107529274674395,0.11061795721418204,0.02218876269592213
1.35,0.02,131.53839363496402,0.058681545885752404,0.10768067948070974,0.022296619083710223
1.35,0.02,132.1671068680922,0.05466570286790099,0.10476238923572315,0.02395590634525313
1.35,0.02,132.80171234143103,0.05295872233450959,0.10186397870014982,0.023479586510451865
1.35,0.02,133.44230310319875,0.05157001983889849,0.09898626479979906,0.022713255124227026
1.35,0.02,134.08895421202777,0.05139471702255252,0.09613016681892028,0.02081823567676836
1.35,0.02,134.74175202592681,0.04993531931676531,0.0932965729210278,0.020152919397421892
1.35,0.02,135.40078455147582,0.04684696226279918,0.09048638452274228,0.021046251159509838
1.35,0.02,136.06615175269474,0.04534353990804237,0.08770047341729827,0.020457242092306083
1.35,0.02,136.73793498699558,0.04326542889507965,0.0849398100374277,0.02044687929997036
1.35,0.02,137.41623792706866,0.04080631346235848,0.08220529198983614,0.020848723745552293
1.35,0.02,133.29819350053324,0.0526264913741248,0.09962944373483405,0.022174945957774733
1.35,0.02,133.87742269406058,0.05133344354691991,0.09705905565981866,0.021541849844772944
1.35,0.02,134.46157343433896,0.04981830645505625,0.09450663912000638,0.02113128871123392
1.35,0.02,135.05071770302047,0.04728979588547572,0.09197280365478333,0.021708277925353493
1.35,0.02,135.64491064897436,0.044804712988582726,0.08945824491390403,0.022289034569420458
1.35,0.02,136.24421740111347,0.046453326733070545,0.08696362770793184,0.018870929471634344
1.35,0.02,136.84870421340005,0.04575071369104199,0.08448962491446003,0.01776198254277047
1.35,0.02,137.4584478493587,0.04108227641629367,0.08203687994223988,0.020445433214285776
1.35,0.02,138.07350769466987,0.03948670480906669,0.07960611913125905,0.020219141733335697
1.35,0.02,138.69396305988226,0.03779926355225846,0.07719800158236716,0.020107522559491824
1.35,0.02,139.3198659809716,0.036393631123058226,0.07481330377385713,0.019730063666969694
1.35,0.02,139.95130786645566,0.034792760633729373,0.07245266239991134,0.019575101232445685
1.35,0.02,140.58836252518066,0.03237437420286344,0.07011679465037884,0.02031596436117652
1.35,0.02,141.23109520224264,0.03160272054109006,0.06780645903549756,0.019330174434935017
1.35,0.02,141.87958209756675,0.029809953995925825,0.06552238348107588,0.019464762299133517
1.35,0.02,142.53390078066766,0.028175237988213368,0.06326530120546094,0.019462683542620145
1.35,0.02,143.1941403791046,0.0269005032451067,0.06103591634616174,0.019090832043401538
1.35,0.02,143.86037132707077,0.024299228598878564,0.05883500613425406,0.02027228360019731
1.35,0.02,144.53267549562477,0.02331937817021708,0.056663316898219476,0.01962148195266901
1.35,0.02,145.21114670001825,0.022878100831312947,0.054521565688949364,0.018365372592361557
1.35,0.02,145.89584905001408,0.02051229769392629,0.05241057052889444,0.01941401895812429
1.35,0.02,146.58690065390135,0.01941589118791612,0.05033098957262383,0.018989161871277964
1.35,0.02,147.2843579580236,0.018483165671876623,0.04828367515391314,0.018392766552215833
1.35,0.02,147.98833207783815,0.01647696274477759,0.0462693212304823,0.019183005078449243
1.35,0.02,148.69890377568586,0.01620278126375089,0.04428871620872432,0.017810851369358324
1.35,0.02,149.41617723823578,0.01486443157955727,0.0423425864799027,0.017831905405347664
1.35,0.02,150.14023650910565,0.014183655886955991,0.04043171710163772,0.017040105316273403
1.35,0.02,150.87117828389532,0.013030739438972672,0.038556860000400116,0.016899271126065953
1.35,0.02,151.60910110412001,0.011744069561557309,0.03671876368614473,0.016986828640204423
1.35,0.02,152.35411690011497,0.010983061945786403,0.034918144907596094,0.016406604586376137
1.35,0.02,153.10631676828083,0.009931729737108366,0.033155770894865454,0.016267336669910468
1.35,0.02,153.865816791574,0.009042710176270289,0.031432347682032256,0.0159484068040511
1.35,0.02,141.20275512850156,0.0316517004120065,0.06790735092701654,0.01935684688509315
1.35,0.02,141.8163325208808,0.029773095675591457,0.065743090440558,0.019680251030510253
1.35,0.02,142.43512330694895,0.028878898418724437,0.06360298624672903,0.01895763621553204
1.35,0.02,143.05920373685862,0.026466936016479207,0.06148763125374109,0.019946273256811406
1.35,0.02,143.6886322297982,0.026434300953361526,0.05939768688852345,0.01829338597561407
1.35,0.02,144.3234777768147,0.023579056676223176,0.05733378486725703,0.019872779686332366
1.35,0.02,144.96381056071976,0.023339496751177666,0.05529655963859359,0.018468669209530428
1.35,0.02,145.60971189710267,0.021360063784690554,0.05328661743942926,0.019128720816770743
1.35,0.02,146.26124469320547,0.0199250097209649,0.051304628210722104,0.019192819262199134
1.35,0.02,146.91849296267955,0.02004502106062349,0.049351202260905204,0.017402863905994582
1.35,0.02,147.58151182722582,0.017927549202625178,0.0474270401166907,0.018348603708937414
1.35,0.02,148.2503981158726,0.017255724270739545,0.0455327240090951,0.017560748485929447
1.35,0.02,148.92523001431883,0.01667722843793001,0.04366889609622706,0.016683502174420772
1.35,0.02,149.60607663668435,0.014971736106893316,0.04183622549173658,0.01725061908491017
1.35,0.02,150.29301870153782,0.01384336852275492,0.04003535054918889,0.017135354457060922
1.35,0.02,150.98613837825368,0.01264495537076649,0.0382669073866923,0.017155408417841043
1.35,0.02,151.6855300796413,0.011651438348364164,0.0365315028507768,0.016944761680699662
1.35,0.02,152.39126841663025,0.010777291646235287,0.034829793762134145,0.01660999953046724
1.35,0.02,153.10344011521988,0.010662904698836637,0.03316240513109108,0.015265102687814688
1.35,0.02,153.82214455389123,0.00939222405042508,0.031529931905446146,0.015543265698890094
1.35,0.02,154.54744964410602,0.008410335368401387,0.02993303764054633,0.015475432819685532
1.35,0.02,155.27948049795597,0.0071968345848290125,0.02837225618056623,0.01580411782917524
1.35,0.02,156.01829690904384,0.006445210532716814,0.02684825855743884,0.015505078953576062
1.35,0.02,156.76401658195584,0.005522796582744521,0.025361587443415753,0.015518650939794819
1.35,0.02,157.51672506822675,0.0053055086194253535,0.02391284584515041,0.014478954151835947
1.35,0.02,158.27653273277852,0.004764672722689979,0.022502580630647664,0.013982101969347864
1.35,0.02,159.043528603002,0.003471198570213173,0.02113137028472286,0.014759178452873264
1.35,0.02,159.8178151085307,0.003926110569351102,0.019799757334170453,0.01272604796925491
1.35,0.02,160.599496634376,0.0025206275139051477,0.018508269643764272,0.013810297007346857
1.35,0.02,161.38869174832422,0.002190478690267453,0.01725740024944859,0.01315447993261736
1.35,0.02,162.18549694877794,0.0022699778833628645,0.016047664002203355,0.011828801672519245
1.35,0.02,162.9900352023945,0.0005418847497736236,0.014879519372979051,0.013815484320135137
1.35,0.02,17.57720648015204,0.9739268259059912,0.9679438184279069,3.6981876221857614e-05
1.35,0.02,17.653585843342142,0.9960275385820737,0.9676684304637223,0.000831110107501327
1.35,0.02,17.730614180394333,0.9642463950329431,0.9673895598114746,1.0212519584071436e-05
1.35,0.02,17.80830098308286,0.9758389643180051,0.9671071437595116,7.883789377187134e-05
1.35,0.02,17.886653523547256,0.9440814742897489,0.9668211269445788,0.0005348370949406801
1.35,0.02,17.96568038993353,1.0121762802646301,0.9665314485241016,0.0021555953174649464
1.35,0.02,18.04539031874099,1.022487824434047,0.9662380463748191,0.00327459423025556
1.35,0.02,18.125793432299762,0.9724904297615348,0.9659408524887603,4.440951259232861e-05
1.35,0.02,18.206897561431433,0.9858551646751085,0.9656398065344184,0.0004232020076129692
1.35,0.02,18.2887131643264,0.9794402633593599,0.965334837652253,0.0002061077945374881
1.35,0.02,18.37124710264623,0.98291175797946,0.9650258875855849,0.0003314982156042146
1.35,0.02,18.45451142986553,1.001430969847321,0.9647128778489681,0.0013975332049113332
1.35,0.02,18.53851587869932,0.9752143552135023,0.9643957377255402,0.0001213635437946622
1.35,0.02,18.623269052613967,0.9742367990460753,0.9640743999145823,0.00010712280724072673
1.35,0.02,18.708780999621254,0.9710970606273144,0.963748790791768,5.602815805521209e-05
1.35,0.02,18.795061948332236,0.9845085319145993,0.9634188351245888,0.00046166349927865045
1.35,0.02,18.882123651445653,0.9605907635200776,0.9630844508748412,6.4568342035418845e-06
1.35,0.02,18.969975396681964,0.9454346085380259,0.9627455644803729,0.0003112652051527452
1.35,0.02,19.05862797987015,0.9514357649845151,0.9624020956231087,0.00012495858874568945
1.35,0.02,19.148093771845893,0.953196220977555,0.9620539568291296,8.155414138607048e-05
1.35,0.02,19.23838122636623,0.9627377495571341,0.9617010748332772,1.1174932743733931e-06
1.35,0.02,19.329505917639093,0.9695001340186048,0.9613433474781207,6.92085370347219e-05
1.35,0.02,19.42147528889391,0.9609420106860944,0.9609807033534318,1.5579111010816034e-09
1.35,0.02,19.51430399223725,0.9587148780857014,0.9606130416019533,3.7507555887654467e-06
1.35,0.02,19.60800267729836,0.9536144355038676,0.9602402759730955,4.571955897097562e-05
1.35,0.02,19.702585082527452,0.9627358898190796,0.9598623067611386,8.602775140477235e-06
1.35,0.02,19.79806229023542,0.9441342643468946,0.9594790436265603,0.0002454063511920773
1.35,0.02,19.894447051071626,0.9508158559692631,0.9590903883433085,7.138835592690487e-05
1.35,0.02,19.99175235909483,0.9588227389231123,0.9586962404168772,1.6691284898294258e-08
1.35,0.02,20.089992973864494,0.9615619949116805,0.9582964908378189,1.1127575816419721e-05
1.35,0.02,20.18918090769828,0.9643255448939542,0.9578910403889539,4.322292043577009e-05
1.35,0.02,20.289331467736073,0.9544076266497483,0.9574797750161661,9.857227099260757e-06
1.35,0.02,136.64355836360417,0.04094340051944267,0.08532449201477749,0.023084594303545907
1.35,0.02,137.23732438573214,0.040998301700973946,0.08292141235183705,0.02119533612364448
1.35,0.02,137.83613546993524,0.03872482925835652,0.08053908011373699,0.02170910782849218
1.35,0.02,138.44006540437834,0.03789935794475226,0.07817810490294559,0.020752325200723058
1.35,0.02,139.0491707219937,0.034087012810556414,0.07583917529187063,0.022986049955805953
1.35,0.02,139.66351818622468,0.032558089189952136,0.07352294959537493,0.02282443505423973
1.35,0.02,140.28317571379935,0.0323729178526601,0.07123009211055341,0.021197220817359905
1.35,0.02,140.90822199476497,0.03130483514942123,0.06896123831837109,0.02056234392248064
1.35,0.02,141.53871790519574,0.02929834848150428,0.0667170987767528,0.020986567151898398
1.35,0.02,142.17474474608514,0.02803556591692986,0.06449832009169806,0.02061344295664388
1.35,0.02,142.8163558593481,0.02607504059485195,0.06230565506341113,0.021068030236315188
1.35,0.02,143.46364494756838,0.024847490808980924,0.060139725789002715,0.020710800282911106
1.35,0.02,144.1166876719617,0.02275288742411439,0.05800122642215298,0.021421019498410278
1.35,0.02,144.77555091507054,0.020981376124953894,0.05589088655422293,0.021804519368805127
1.35,0.02,145.44031278919826,0.02081679209394527,0.05380940523749306,0.020229038348139067
1.35,0.02,146.11105281061,0.019914351154588016,0.051757483789306565,0.019591081748100238
1.35,0.02,146.78786234368607,0.01779005613856176,0.04973579450119804,0.020519028795436833
1.35,0.02,147.47081359029613,0.017015974765524033,0.04774507317002569,0.019777485425372908
1.35,0.02,148.15999047620446,0.015632639923414043,0.04578602442341526,0.019858168693500492
1.35,0.02,148.85548917113007,0.015198876075985307,0.04385932341291247,0.018728543389042417
1.35,0.02,149.55737539378904,0.014674534954971332,0.041965732716770184,0.017748039342012408
1.35,0.02,150.26577021661652,0.012552410058140045,0.040105867917771786,0.018929724737015034
1.35,0.02,150.9807315025815,0.012235612981353974,0.038280514775618626,0.017720161639647854
1.35,0.02,151.7023731557894,0.011253733022664966,0.03649031349925505,0.017453535831212022
1.35,0.02,152.43077796546137,0.009724864471249333,0.03473598438606045,0.018008878413824286
1.35,0.02,153.16605273302386,0.00938194184127654,0.03301818832272104,0.016920133299595803
1.35,0.02,153.9082836113247,0.00801952287425375,0.03133763344676853,0.017350840534772233
1.35,0.02,154.65756972271873,0.007717224098332619,0.029694993644120662,0.016266120814725362
1.35,0.02,155.41401208180298,0.006482245211950895,0.02809093467094316,0.016622282797095905
1.35,0.02,156.1777254280115,0.005697595646454765,0.026526089305200746,0.01635469680814823
1.35,0.02,156.94880314397773,0.0051036756391041925,0.025001128598575513,0.01583563048817451
1.35,0.02,157.72736422597472,0.0052911950227944845,0.023516664542391694,0.014124781114727966
1.35,0.02,62.304476135849036,0.5615477073736105,0.6550002256300831,0.013333389557347407
1.35,0.02,62.575211773876774,0.5684450160214684,0.6524991694886138,0.010827754341228657
1.35,0.02,62.84824777610337,0.5391920765248474,0.6499738823543639,0.018881694843482528
1.35,0.02,63.123617787239276,0.5525510907660538,0.6474240617816808,0.013902604429872428
1.35,0.02,63.40134758423856,0.5366232764429535,0.6448494805073762,0.018163791086531073
1.35,0.02,63.681467608795046,0.5346456621133153,0.6422498706400086,0.018028288088431738
1.35,0.02,63.96400882845827,0.5517052478792605,0.6396249620470351,0.012085013246832567
1.35,0.02,64.24900712301819,0.5467179620058059,0.6369744416757568,0.012788946603542038
1.35,0.02,64.53649024974305,0.5376085580032162,0.6342980748997346,0.014738910691412579
1.35,0.02,64.82649527891908,0.5312772430253506,0.6315955435152664,0.015933870206197517
1.35,0.02,65.11904653251288,0.537047748969131,0.6288666513806958,0.013406197993731378
1.35,0.02,65.41418673548316,0.5445770354259314,0.6261110341814871,0.010617594308590316
1.35,0.02,65.71195038658324,0.5507320152929476,0.6233284077968209,0.00845499120311922
1.35,0.02,66.01236798181176,0.5440277379198858,0.6205185293360973,0.009428954809356434
1.35,0.02,66.31547513752855,0.5123827187615334,0.6176811120651122,0.017950608195295387
1.35,0.02,66.62130811024875,0.5282944650258664,0.6148158674092702,0.012175926919283014
1.35,0.02,66.92990855879565,0.5258290738734841,0.6119224604891221,0.012112762151310972
1.35,0.02,67.24130940458699,0.5185926974630205,0.6090006428883387,0.013421326712008005
1.35,0.02,67.55554891470861,0.5111106638476344,0.6060501209151747,0.01487253314077122
1.35,0.02,67.87267093904289,0.5163525927886038,0.6030705534464118,0.012469527251287619
1.35,0.02,68.19270544292614,0.5054571092712834,0.6000617351058392,0.014915190730696538
1.35,0.02,68.51570763097051,0.5159658210548012,0.5970232287792219,0.011005105044970813
1.35,0.02,68.84170388657832,0.5073582136696633,0.5939548741932441,0.012625507323299614
1.35,0.02,69.17074614586495,0.4900780590628493,0.590856276760604,0.01718903490036213
1.35,0.02,69.5028721576941,0.4891147580624118,0.5877271817766814,0.01654578929190589
1.35,0.02,69.83813061961871,0.4947451136073053,0.5845672380780761,0.013801686989795114
1.35,0.02,70.1765608141935,0.4979085394577456,0.5813761902048352,0.011983374686850371
1.35,0.02,70.51820793759502,0.48142383290170315,0.5781537342943449,0.01618371251177737
1.35,0.02,70.86311804879323,0.47297766627713994,0.5748995659952043,0.018069371167738584
1.35,0.02,71.21134346478293,0.47567592077951515,0.5716133299005954,0.016101770178218427
1.35,0.02,71.56292676463717,0.47006643471687565,0.5682947708715891,0.016978523326767702
1.35,0.02,71.91792220631402,0.4717521643061201,0.5649435323162678,0.015372564822533335
1.35,0.02,94.24448475873768,0.2757144112490895,0.36041997137530146,0.019907420470948383
1.35,0.02,94.65401136572044,0.27833339158824905,0.3569052302087639,0.017297403628960994
1.35,0.02,95.06701760453905,0.2683737058764588,0.35337326033062416,0.020445588471088093
1.35,0.02,95.483554367659,0.26652256473799557,0.3498241387014555,0.019836116085493318
1.35,0.02,95.90366064643221,0.2561255486863015,0.3462580597081779,0.023461892988008343
1.35,0.02,96.32738248830069,0.2547645036976423,0.342675173579796,0.022552803573117265
1.35,0.02,96.75476673613878,0.26558605183545403,0.3390756404873467,0.01592777243585544
1.35,0.02,97.1858676632913,0.26505791145462243,0.3354595754762666,0.01477493760605777
1.35,0.02,97.6207272566204,0.26606952788831284,0.3318272144662585,0.013031099185275008
1.35,0.02,98.05940159026768,0.251014785721245,0.3281786935480529,0.018143373680754384
1.35,0.02,98.50192745470723,0.25308145788561764,0.3245143275996007,0.0157239740794149
1.35,0.02,98.94836947758652,0.24741936206528645,0.3208342195185797,0.016799147244875624
1.35,0.02,99.39877984323377,0.24941377538888262,0.3171385955686379,0.014462608249103828
1.35,0.02,99.85320468123477,0.23459369442243955,0.313427751360244,0.019828520309070802
1.35,0.02,100.3116978664584,0.22474042435839994,0.3097019391414105,0.023307761695763086
1.35,0.02,100.77431424210053,0.23341860332401715,0.30596142436261753,0.01719975286165968
1.35,0.02,101.24111682312542,0.2182812760270564,0.3022064284651359,0.023306688899794356
1.35,0.02,101.71215540791427,0.21366246217091905,0.29843730169760374,0.024081351010394977
1.35,0.02,102.1874878809404,0.21206492246098765,0.2946543516095402,0.02314920438074036
1.35,0.02,102.66718057146022,0.21716300146375486,0.29085784234996914,0.018672109816140963
1.35,0.02,103.15127880635637,0.21261878643535867,0.28704822804355845,0.019298993119956784
1.35,0.02,103.63986609054783,0.21650277547808125,0.2832256867573144,0.015718725729107784
1.35,0.02,104.13298233272674,0.20065543921790324,0.27939076379619165,0.022188461967091445
1.35,0.02,104.63070609374039,0.19352373516335836,0.27554372808392336,0.02441456129475239
1.35,0.02,105.13309447417654,0.19166212116760026,0.2716850420665453,0.023570189291578045
1.35,0.02,105.64022113609084,0.19241042912108125,0.2678150676965473,0.02123054377634617
1.35,0.02,106.15214549999939,0.1876414460529499,0.26393430370813786,0.022053215695794017
1.35,0.02,106.66893593162226,0.1837745480707754,0.2600432084249211,0.022369007779318644
1.35,0.02,107.1906621017786,0.17404963931448966,0.2561422593772046,0.026310372545113186
1.35,0.02,107.71740314745064,0.1717309299301621,0.25223189369077315,0.025692251172375325
1.35,0.02,108.24922347561284,0.17427666854027296,0.24831268872823575,0.02207431409705947
1.35,0.02,108.78620515923355,0.17221066860730658,0.2443851224156634,0.021315339211503335
1.35,0.02,151.3006652667614,0.010811711006757254,0.037480403149755044,0.01897576015328
1.35,0.02,151.95812175601432,0.010855472617407828,0.0358683575322124,0.017442795121002795
1.35,0.02,152.62116446724082,0.009156131870683927,0.03428609799424279,0.01841898712058917
1.35,0.02,153.28987510351251,0.008638809437642659,0.03273411169337454,0.017736347826802015
1.35,0.02,153.96431626178133,0.007957532585058515,0.031212929315026863,0.017326585134316706
1.35,0.02,154.64456186688886,0.007349385174482457,0.029723052190038863,0.016841506468530082
1.35,0.02,155.3306871206687,0.007156205440968583,0.028264976015741752,0.01576439318152085
1.35,0.02,156.02277915387648,0.005603642304816419,0.0268391686249855,0.016801846003336757
1.35,0.02,156.72090537247436,0.0052743303567995585,0.02544613490025724,0.01599070743491761
1.35,0.02,157.42515579822822,0.004880492664132378,0.024086328883921766,0.015314253437251705
1.35,0.02,158.13558949478724,0.004377847563095663,0.02276025818403666,0.014846625091181348
1.35,0.02,158.85231021576726,0.0035338154899973227,0.021468338911359745,0.014982394850362693
1.35,0.02,159.57540173820414,0.0029442004697180215,0.02021101910457081,0.014751508779756343
1.35,0.02,160.3049381188136,0.002758322989507229,0.018988754208523282,0.013872784631493584
1.35,0.02,161.04100584863562,0.002448524869335578,0.01780196767213307,0.013241693853190142
1.35,0.02,161.7836929732683,0.002230130606891661,0.01665107003691898,0.012489497286565798
1.35,0.02,162.5331006573159,0.0013723449578217429,0.015536441179282068,0.012912971474980816
1.35,0.02,163.28930884740055,0.0015863208213497608,0.01445848080590285,0.011459883295642223
1.35,0.02,164.05241047160547,0.0010444200037992475,0.013417554821426531,0.011410012275165334
1.35,0.02,164.82251201531963,0.0007592052114719992,0.01241399706407765,0.010942017500602289
1.35,0.02,165.59968624659436,0.00048223245324182057,0.011448169150950104,0.010504017373657111
1.35,0.02,166.38406722473107,0.0002551387405329695,0.010520339198793995,0.010016249329713818
1.35,0.02,167.17571901938527,0.00021409777649487906,0.009630842037031016,0.009207405970047135
1.35,0.02,167.97476775261583,0.0006104428361877256,0.008779920101123377,0.007601476780382223
1.35,0.02,168.78130509405145,0.0005782256335553234,0.007967834229890825,0.006853344790003714
1.35,0.02,169.59544930120128,-0.00011997123897626284,0.007194795686312013,0.007436738651673637
1.35,0.02,170.41729576812088,9.895764713712799e-05,0.006461014682691875,0.00626461503517093
1.35,0.02,171.24695424955036,-2.072139923322216e-06,0.005766661965802079,0.00577080699023266
1.35,0.02,172.0845365954437,0.00040246136521439557,0.005111880212473015,0.004338643504360438
1.35,0.02,172.93016985279036,8.758176555249241e-05,0.004496773497417462,0.004323315759513246
1.35,0.02,173.78395742093628,0.0004020906360615033,0.003921434524028985,0.003158482266088837
1.35,0.02,174.64603106032072,0.0007241437457317404,0.0033859053934356793,0.00209249055892801
1.35,0.02,144.87045310233378,0.020359205654851595,0.055590804402116535,0.022328612863911378
1.35,0.02,145.4999679780629,0.020294899309158537,0.05362494895202454,0.02071595835344794
1.35,0.02,146.1348316637726,0.018527743482046007,0.051685625521445386,0.021271777795985897
1.35,0.02,146.77512239018958,0.01662424462696672,0.049773399409566814,0.022077384222014152
1.35,0.02,147.42090009392274,0.015379537096245677,0.04788889556507157,0.022068965583442186
1.35,0.02,148.07223555804015,0.014744814775173098,0.0460327094753623,0.021266016402837935
1.35,0.02,148.72920078833036,0.01438385659608863,0.04420543646579385,0.020118037441240244
1.35,0.02,149.39187921252991,0.013916470014775665,0.04240764391568552,0.019141525331277415
1.35,0.02,150.06033537187713,0.012754652322561021,0.040639953362725495,0.019133634508886877
1.35,0.02,150.73465546225205,0.011624491617507563,0.03890293003169633,0.019127433376108685
1.35,0.02,151.4148960371247,0.01065402536751581,0.03719721612365051,0.018940690969306104
1.35,0.02,152.10115644062748,0.010283825760205968,0.03552334543842495,0.017932808572081613
1.35,0.02,152.79351688930885,0.009641910390312711,0.03388190160419158,0.017341918435187082
1.35,0.02,153.49204829250652,0.007948238666685117,0.032273488137603744,0.01833448430797233
1.35,0.02,154.196833465429,0.007476007834646706,0.030698677429406386,0.017567283943991194
1.35,0.02,154.90795671177497,0.006597574224187205,0.029158035804976723,0.017455717186937798
1.35,0.02,155.6255148966972,0.005950630325903076,0.027652099907136872,0.0170313930430891
1.35,0.02,156.3495845691214,0.005966130890011351,0.026181445302640733,0.015608723356469656
1.35,0.02,157.0802547077277,0.005587086464898305,0.02474661506839068,0.014833848398803048
1.35,0.02,157.81762727232268,0.004445971490136067,0.02334812155402091,0.015302784689164453
1.35,0.02,158.56177193834722,0.004055784947271562,0.02198653058046501,0.01462311835810732
1.35,0.02,159.31281706764105,0.003599366131473731,0.020662291802283256,0.014090568230935463
1.35,0.02,160.07082400692727,0.0028816441831653484,0.0193759657832646,0.01404124305806148
1.35,0.02,160.83591351813246,0.0025552566183476553,0.018127998183351833,0.01337766461567292
1.35,0.02,161.608173374966,0.0022755089641748037,0.016918879289792972,0.012673906517115332
1.35,0.02,162.38771680904463,0.001932565316225473,0.015749045703780596,0.012121060151210974
1.35,0.02,163.17463516021826,0.0013179474494587112,0.014618953300393586,0.012101875764377783
1.35,0.02,163.9690335186985,0.0011644314978666924,0.013529020601255734,0.011300379251507441
1.35,0.02,164.77101898086516,0.0005852332622397459,0.012479646314735741,0.011336624315733493
1.35,0.02,165.5807131942661,0.0003350735952478014,0.011471192812234654,0.010810833123010285
1.35,0.02,166.3982151638203,0.0009379591085319561,0.010504031524163784,0.008711868509781262
1.35,0.02,167.22365105020594,0.001205821457810518,0.009578479561480066,0.0073186358305609095
1.35,0.02,127.5354759213719,0.07042172061800098,0.12735714118861835,0.025453163327152157
1.35,0.02,128.08966400842775,0.06952652702337492,0.12451980736086192,0.02428738805797411
1.35,0.02,128.64856087503028,0.06734840711890631,0.12169524113191839,0.024270286494080643
1.35,0.02,129.2122353909369,0.06496849186955002,0.1188840285457163,0.024451434987847857
1.35,0.02,129.78074032083342,0.062580552065528,0.1160868527517044,0.024661916015958896
1.35,0.02,130.35413797799407,0.0599783045644226,0.11330436469648418,0.025097609406537595
1.35,0.02,130.93249175210474,0.0592390251604272,0.11053722629404178,0.02380650870092097
1.35,0.02,131.51587508806642,0.05806909607374751,0.10778606844332267,0.02293225253778357
1.35,0.02,132.10434480421134,0.057016360995734455,0.10505161722926398,0.021964305760140877
1.35,0.02,132.69797678235224,0.05452184279215494,0.10233452567561432,0.022339016372252576
1.35,0.02,133.29682080885726,0.051738762203561946,0.09963558194891121,0.023024960529610766
1.35,0.02,133.90096434049167,0.049508891772607345,0.09695541910053511,0.023218639828120464
1.35,0.02,134.51047799521422,0.046383989010679784,0.0942947639553934,0.024343264244119298
1.35,0.02,135.12542419745952,0.043327354413084884,0.09165439384997606,0.025481623331203178
1.35,0.02,135.74587585289476,0.04206910030869449,0.08903505498227951,0.024774521662734514
1.35,0.02,136.37190717756673,0.04235858643321095,0.08643750333478928,0.02247810082726268
1.35,0.02,137.00360344589203,0.03964156577046637,0.08386246517279017,0.02331779706119246
1.35,0.02,137.64103204706865,0.03745748746526897,0.08131075527001162,0.023651349575690688
1.35,0.02,138.28427131272394,0.035502197409522034,0.07878315744990841,0.0237771823655146
1.35,0.02,138.93341100230958,0.034079037534671106,0.07628042603445594,0.02334749927203227
1.35,0.02,139.5885124540097,0.033404831597723075,0.07380343852708421,0.0221134336611444
1.35,0.02,140.24968867008224,0.031392921269691836,0.0713528903645412,0.022378899045340503
1.35,0.02,140.91699365659517,0.028981090094100884,0.06892971110323547,0.02315245914989132
1.35,0.02,141.59053372528723,0.027877349090686166,0.06653464974515855,0.022460280464601252
1.35,0.02,142.27038614699993,0.02628909198692349,0.06416857353834157,0.02236071403000533
1.35,0.02,142.9566506042276,0.024486590958241898,0.061832282765603375,0.022556189650275744
1.35,0.02,143.6494075072332,0.023583262542827686,0.05952665533866029,0.021703344129204816
1.35,0.02,144.34874937129408,0.022483133586012175,0.05725253748558036,0.021115421265577694
1.35,0.02,145.05477047780087,0.020687520208229986,0.05501077961142287,0.021415550631720952
1.35,0.02,145.76757791814157,0.01965592389091982,0.0528022019282522,0.02080738506361963
1.35,0.02,146.48725885045772,0.018544110103881604,0.05062769574212014,0.020331884600266425
1.35,0.02,147.2139243392335,0.017322953646965136,0.048488086998388795,0.02003101373837028
1.35,0.02,143.2399164312155,0.023900170799144742,0.060883132146831644,0.022464997805072363
1.35,0.02,143.8623460313214,0.02320797779418555,0.05882855507083058,0.02156819122947611
1.35,0.02,144.4900642398234,0.022099507102186246,0.05679949726681795,0.021198943218973896
1.35,0.02,145.12314840695078,0.021268372452794906,0.05479653786282172,0.02051476096129099
1.35,0.02,145.76165779471765,0.01929427021924689,0.05282031962077345,0.02127961353780882
1.35,0.02,146.40566238951902,0.019093848040044,0.0508714557499266,0.01985035295092076
1.35,0.02,147.05523338670855,0.0183213038190719,0.048950560610754805,0.019165283500445437
1.35,0.02,147.71045327503228,0.016332110369047474,0.04705822052216066,0.020062251285015174
1.35,0.02,148.37138586930803,0.015506141202737371,0.0451950802380242,0.019502855098360854
1.35,0.02,149.03811639526944,0.014687240324172554,0.04336172674135203,0.018962025571386945
1.35,0.02,149.71070076986965,0.013357662278450267,0.04155882990670536,0.01913686832334573
1.35,0.02,150.38923721910928,0.012558882007152055,0.03978694682467925,0.018633435658541232
1.35,0.02,151.07380505668854,0.011373240223691457,0.03804668892920336,0.01869999429305061
1.35,0.02,151.764474393851,0.010652685379808936,0.03633869070162892,0.01815615413361576
1.35,0.02,152.4613271137087,0.009627430507670027,0.03466355567708914,0.018082610143572472
1.35,0.02,153.16444657111066,0.009004629989908051,0.03302188304396406,0.017468066357530117
1.35,0.02,153.87392854097928,0.007920666911863808,0.031414242510163594,0.01756999533617444
1.35,0.02,154.58984871067148,0.00741026709184519,0.029841247623811826,0.01686085293645627
1.35,0.02,155.3122950574005,0.006769626852027206,0.028303479758355413,0.01638338553952857
1.35,0.02,156.0413683934012,0.005934420735658648,0.02680148987160264,0.016246655555728205
1.35,0.02,156.77713760990804,0.005252094020972688,0.02533588910207578,0.015920452731484895
1.35,0.02,157.51972962403065,0.004790302808001338,0.023907166447882055,0.015286398587741005
1.35,0.02,158.2692050920265,0.004223345370498749,0.022515933439547293,0.014861421542318478
1.35,0.02,159.02568341663016,0.003530722947104276,0.021162680770118784,0.014690290896960759
1.35,0.02,159.78925138364605,0.0033807809693125472,0.019847950701219873,0.013662250731143674
1.35,0.02,160.5600209502536,0.0029199068550158453,0.018572230733805546,0.01319148175133238
1.35,0.02,161.3380824282603,0.0023474641988114513,0.017336033085371187,0.01295897372604353
1.35,0.02,162.12353972507307,0.002170908932797643,0.01613983323426834,0.012090016254065984
1.35,0.02,162.91649873168745,0.0018766360405165852,0.014984089111638987,0.011465850525289869
1.35,0.02,163.7170797264916,0.0013974341190393302,0.013869222974827707,0.011215157297973967
1.35,0.02,164.52538060009059,0.0010559836454259715,0.012795671736863468,0.010770851215820772
1.35,0.02,165.341526093207,0.0009550961732197584,0.011763817079005206,0.009931168330359898
1.35,0.02,17.938482005197834,0.9906694388902934,0.9666312820342685,0.0005977801419987243
1.35,0.02,18.01643124210879,1.0039325337610379,0.9663447827056553,0.0014620444531667329
1.35,0.02,18.095042791655146,0.9899254484330101,0.966054663056784,0.0005898365964870428
1.35,0.02,18.174326340701636,1.020128336948559,0.9657608579571288,0.0030606156250068363
1.35,0.02,18.25428931085672,0.991745975528869,0.9654633099248862,0.0007154891378570628
1.35,0.02,18.334940466784033,1.0675464447446301,0.9651619557819962,0.010860958119351576
1.35,0.02,18.416288724549727,1.066874227040093,0.964856731022311,0.01078664754995374
1.35,0.02,18.49834441453463,1.0053426078154764,0.9645475650223035,0.0017254053370175872
1.35,0.02,18.581115528512182,1.0249818270083146,0.9642343951487113,0.0038271301004233604
1.35,0.02,18.66461273962665,1.0110432584413562,0.9639171478208876,0.00230400538804952
1.35,0.02,18.748843050571686,1.0082755632914548,0.9635957625732684,0.0020717033737111977
1.35,0.02,18.833818762564654,1.037012193994866,0.9632701579022346,0.005645236533569498
1.35,0.02,18.919549808363268,1.0099081912033303,0.9629402603907988,0.0022908861697354603
1.35,0.02,19.006044968266405,0.9822514662900221,0.9626060001808663,0.00040093697584834827
1.35,0.02,19.093314496809054,0.9696454447769876,0.9622673008418359,5.657160736958592e-05
1.35,0.02,19.18136883283742,0.9999817716959194,0.9619240842760651,0.001505719209471064
1.35,0.02,19.27021997061096,0.9888404153249561,0.9615762653127482,0.0007730368382651505
1.35,0.02,19.359877388746565,0.975132873053027,0.9612237676039476,0.00020126761417464583
1.35,0.02,19.45035210496676,0.9744490976716567,0.9608665077807232,0.00019200039407283397
1.35,0.02,19.541656744372904,0.983562715309093,0.9605043950377202,0.0005535488816959769
1.35,0.02,19.63379993447749,1.007778428727305,0.9601373533555343,0.0023639035130198645
1.35,0.02,19.726797569595064,1.011762139199961,0.9597652766703102,0.0028170155543730297
1.35,0.02,19.8206572459405,0.9814327325035799,0.9593880909063467,0.0005065376855901608
1.35,0.02,19.915393916774434,0.9868640692216016,0.9590056913675185,0.0008092644534300815
1.35,0.02,20.011018450614745,0.999513944903275,0.9586179885581165,0.0017446775100691918
1.35,0.02,20.10754486828676,1.006611889831064,0.9582248789963637,0.002443375108324965
1.35,0.02,20.204984479883176,0.9628285272291411,0.957826268950535,2.6124349161252434e-05
1.35,0.02,20.30335029812556,0.982477379886834,0.9574220564953244,0.0006556870358210668
1.35,0.02,20.40265558414786,0.9956327397647559,0.957012137355393,0.0015585496486845327
1.35,0.02,20.502915400872155,0.9881947858991623,0.9565963984095401,0.0010437610821077434
1.35,0.02,20.604142007512937,1.0091757307766378,0.9561747367305764,0.0029378577596347478
1.35,0.02,20.706351025827487,1.0037259512061676,0.9557470339714419,0.0024085625350582485
1.35,0.02,111.91579140709909,0.14529446399198062,0.22210024746570134,0.026560656470781582
1.35,0.02,112.40210627677097,0.1496970041064687,0.21873182908599187,0.021788356453965263
1.35,0.02,112.89255322644426,0.14312717472223613,0.2153609611444228,0.024227788885967286
1.35,0.02,113.38719269117327,0.14469760604344503,0.21198804262043844,0.02135970877767713
1.35,0.02,113.88607097338104,0.13596009735154918,0.2086135889389684,0.02530290508250386
1.35,0.02,114.3892427546325,0.1426327563987805,0.2052380778108784,0.01909697416248331
1.35,0.02,114.89676366107254,0.1409906551427492,0.20186200091996306,0.018355711921226165
1.35,0.02,115.4086981425663,0.1288755475197449,0.1984858125723518,0.024412772569968332
1.35,0.02,115.92509605872002,0.13044742614853774,0.19511008474878666,0.021430257808743775
1.35,0.02,116.44602399785407,0.12703811124143652,0.19173536973066782,0.021830793462375497
1.35,0.02,116.97152564883818,0.12506460636180258,0.1883621141900429,0.021270596343083186
1.35,0.02,117.50167775732311,0.12346754233930612,0.1849909876700841,0.020461182315106588
1.35,0.02,118.03654229245653,0.12109890100373158,0.18162250113691053,0.020168790486590753
1.35,0.02,118.57617403334959,0.11698048194200794,0.17825730305266996,0.02106420741886027
1.35,0.02,119.12063695667526,0.10945156858732626,0.17489600584123094,0.02448869170499133
1.35,0.02,119.66999618899972,0.11118040442159517,0.17153923807529645,0.02123822421570987
1.35,0.02,120.2243265609044,0.0983958658270063,0.16818759340849923,0.028961025840822663
1.35,0.02,120.78368720821311,0.0994442539616421,0.16484178482244216,0.025945102737731537
1.35,0.02,121.34814686902398,0.09700143529247529,0.16150249066741154,0.02576050763853692
1.35,0.02,121.91778430965678,0.09821627989347388,0.1581703552763916,0.02272544149464328
1.35,0.02,122.4926533560087,0.09248776148919326,0.15484619330488839,0.025112493471868506
1.35,0.02,123.07285317058368,0.09500192208641514,0.15153058198988967,0.021088082342981405
1.35,0.02,123.65843114515084,0.09084522595943491,0.1482244214589393,0.022212075741394534
1.35,0.02,124.2494805711046,0.08576678582828823,0.1449283754730163,0.024150506606229537
1.35,0.02,124.84606925567513,0.08277153899357861,0.14164327779587993,0.024469086592312714
1.35,0.02,125.44828467291757,0.08076369386928177,0.1383698792400778,0.023982622599654214
1.35,0.02,126.05619738498835,0.075392769529473,0.13510904934316162,0.02639374706670782
1.35,0.02,126.66988857651803,0.07354275027697096,0.13186162532718654,0.025792880822480182
1.35,0.02,127.28944098194862,0.07221782894781503,0.12862846265180825,0.024739155932385397
1.35,0.02,127.9149485768376,0.07017610680947581,0.12541038575838695,0.024326737794139203
1.35,0.02,128.54648784478545,0.06820541211512758,0.12220833651608683,0.02386347713252632
1.35,0.02,129.18415624784768,0.0679225889653876,0.11902317656268353,0.02193917292581828
1.35,0.02,87.0125095098569,0.33633655917653515,0.42433549101971035,0.018249267783212824
1.35,0.02,87.39061055073847,0.344005113641947,0.4209164529950111,0.01405351128232637
1.35,0.02,87.77192420930248,0.34486917677290374,0.41747606069983717,0.012627693153810677
1.35,0.02,88.15649747271374,0.3458427499210754,0.4140142642091478,0.011225109282662665
1.35,0.02,88.54436634027117,0.3197808018714584,0.4105311254263414,0.020060893596711243
1.35,0.02,88.93557332590535,0.31456127236011705,0.4070266606212826,0.021005621629889473
1.35,0.02,89.33016167794075,0.33730787968807124,0.4035008930578439,0.0108587492477812
1.35,0.02,89.72818150498523,0.3380449072269053,0.3999537989009613,0.009582884020209237
1.35,0.02,90.12967157198345,0.33620994469693793,0.3963854699719737,0.009135284001158008
1.35,0.02,90.53468365015365,0.32980564089020226,0.39279589721578523,0.010101359052085318
1.35,0.02,90.94325170680415,0.32606998810729904,0.38918524458667103,0.010235577159888395
1.35,0.02,91.35543541029435,0.310935038382467,0.38555346435110305,0.014441342145395481
1.35,0.02,91.77128294051903,0.31336413912235056,0.3819006270594504,0.012299666054282255
1.35,0.02,92.1908368872492,0.30524647652172865,0.3782268688485578,0.014081859600277333
1.35,0.02,92.6141469911943,0.2976855725832189,0.3745322800170954,0.015767443177817014
1.35,0.02,93.04126388708508,0.3063445022862029,0.37081696077771287,0.01120956790978937
1.35,0.02,93.47224575434907,0.285964312983772,0.36708096425803466,0.01792495867294572
1.35,0.02,93.90713857002282,0.28854792406303076,0.3633244683638146,0.015389911950460803
1.35,0.02,94.345995776738,0.280807206280285,0.3595476053621862,0.017244032097867876
1.35,0.02,94.78887861388772,0.2832759913776225,0.3557504606631791,0.014764699639268068
1.35,0.02,95.23582893013635,0.28003281733605634,0.35193330631759523,0.014689375012205068
1.35,0.02,95.68692382254238,0.2841844321198629,0.34809613435372605,0.011734418395693015
1.35,0.02,96.14220013735167,0.269549588178412,0.34423930161061406,0.016205451459155692
1.35,0.02,96.60173040694089,0.2636298880617505,0.3403628839060942,0.017299044430686375
1.35,0.02,97.0655673502087,0.26652201060492053,0.3364671480708838,0.01454026725397223
1.35,0.02,97.53377897665541,0.2596958367491231,0.3325522559525186,0.01596157513331911
1.35,0.02,98.00642014708517,0.25931065547201354,0.3286185039752675,0.014617490512681316
1.35,0.02,98.48355398108406,0.24855024796183836,0.32466614419762185,0.017844883931753663
1.35,0.02,98.96524480318877,0.23816250829560678,0.32069544445344594,0.02124035644610717
1.35,0.02,99.45156567770043,0.24392973353771,0.31670662748863726,0.016723604223705547
1.35,0.02,99.9425760692391,0.2333683339551023,0.3127000551707493,0.020126385931082003
1.35,0.02,100.43835175279531,0.23901896494390482,0.30867598402206947,0.01571907293736491
1.35,0.02,94.58678219662706,0.2386674933614757,0.3574813701166868,0.03948943494592347
1.35,0.02,94.99779621063078,0.24629819355133215,0.3539643386735291,0.032749058419033535
1.35,0.02,95.41230249454743,0.23666556478127368,0.35043030705073897,0.0369329259576967
1.35,0.02,95.83035212568474,0.23577433510336632,0.34687935851574503,0.03558679963052603
1.35,0.02,96.25198423701181,0.22856599780676745,0.34331169394802746,0.03835166414382496
1.35,0.02,96.67724504321562,0.21773182582859807,0.3397274701632828,0.043808459850131425
1.35,0.02,97.10618155730467,0.2302718798079708,0.33612685404781595,0.03333644853536239
1.35,0.02,97.53884824974537,0.23056702000973076,0.33250996748149286,0.03125429477481416
1.35,0.02,97.97528725989677,0.23049838956635488,0.32887705337854956,0.02942850951152458
1.35,0.02,98.41555486556268,0.21890025617812686,0.3252282549353487,0.034762180555201715
1.35,0.02,98.85968799084073,0.22095720507222927,0.32156389427872023,0.03147649998391402
1.35,0.02,99.30775149810701,0.2165706462834734,0.3178840816803798,0.032289796134691635
1.35,0.02,99.75979776122408,0.2130818480712513,0.31418905092541183,0.03253667318731364
1.35,0.02,100.21587307732106,0.20322459644651505,0.3104791052648009,0.0370508980050063
1.35,0.02,100.67603151694121,0.195050224966139,0.30675450472424454,0.0406769775964464
1.35,0.02,101.14032812247173,0.20010018882571556,0.3030155226670315,0.03495387248298844
1.35,0.02,101.60882613774822,0.18848037021640124,0.29926238861352855,0.04100968269684743
1.35,0.02,102.08157554202037,0.183319528254111,0.29549546097491136,0.042584207013758195
1.35,0.02,102.55863442999885,0.18261980298921407,0.2917150556190887,0.04079931397821679
1.35,0.02,103.0400693718489,0.18713415152362198,0.28792144519504725,0.03528072929311921
1.35,0.02,103.52592585908117,0.17898694617137156,0.2841150923252307,0.03889947212341632
1.35,0.02,104.01628769990576,0.18709768360527612,0.28029618395484707,0.030988507745107932
1.35,0.02,104.5111949479638,0.16865794211112856,0.2764652740818154,0.04203935147094971
1.35,0.02,105.01072644943683,0.16317712626008082,0.272622640734965,0.04393736560683169
1.35,0.02,105.51493951230283,0.16492381810674692,0.2687687554124842,0.04012285947256949
1.35,0.02,106.02390806615917,0.16280091396675933,0.2649039893873542,0.039354024204972395
1.35,0.02,106.53769174733817,0.16218652380659082,0.2610288506853961,0.037428068036018024
1.35,0.02,107.05635916986533,0.1536597670252136,0.2571438071141123,0.04164574940888424
1.35,0.02,107.57998025760524,0.1443303407597036,0.2532493458064492,0.04684454217480897
1.35,0.02,108.1086344349669,0.14561544143712601,0.24934591371616308,0.043152946518628235
1.35,0.02,108.64238634285192,0.146083676063917,0.2454340979396617,0.04021652414944824
1.35,0.02,109.18131835231894,0.1434477471699704,0.24151438646476417,0.03981984627643816
1.35,0.02,17.974341820707135,0.8617210540489147,0.9664996262089761,0.011359082700283848
1.35,0.02,18.052446881575428,0.8749881889884118,0.9662120130617,0.008612795086437027
1.35,0.02,18.13121557907125,0.8621456964635285,0.9659207658104949,0.011149221964320551
1.35,0.02,18.210657619423802,0.8859563524379077,0.9656258190828557,0.0065731712947765105
1.35,0.02,18.29078043907766,0.8625500560770913,0.9653271151851259,0.010942533067529849
1.35,0.02,18.371592820217415,0.9280696416495346,0.9650245907056536,0.0014151642071024654
1.35,0.02,18.453103696732825,0.9244371674551383,0.964718180899975,0.0016819005552786894
1.35,0.02,18.5353234196556,0.8714804700136219,0.9644078148829364,0.008954190635119135
1.35,0.02,18.618259996735098,0.8784215854109574,0.9640934297911322,0.007613022444402519
1.35,0.02,18.70192412245166,0.8730015178383091,0.9637749517717438,0.008549523198252928
1.35,0.02,18.786322813497645,0.8726591890329064,0.9634523201384209,0.008556098193586575
1.35,0.02,18.87146839568107,0.889298020049885,0.9631254530856362,0.005659169167615906
1.35,0.02,18.95737082161569,0.8611869672917479,0.9627942769264278,0.010723002430130388
1.35,0.02,19.044038889152578,0.8474085984797791,0.9624587215470253,0.013752829624227947
1.35,0.02,19.131482873325986,0.8375435314229129,0.9621187102362566,0.01613000039523785
1.35,0.02,19.21971323384984,0.8565606721357131,0.9617741646100031,0.011509852734634734
1.35,0.02,19.308741988960644,0.8458641232109523,0.9614249991842333,0.013890127744798754
1.35,0.02,19.398578636223466,0.8385086515207901,0.9610711373325675,0.015630021904574274
1.35,0.02,19.489234215385743,0.8366956389714774,0.9607124953810563,0.01600913982867865
1.35,0.02,19.580721376786965,0.8397909682262629,0.9603489821912807,0.015134326167583251
1.35,0.02,19.673048765186397,0.8606314990416137,0.9599805214686209,0.010281696384945454
1.35,0.02,19.766232306672038,0.8651687990033569,0.9596070067585739,0.009293987039697959
1.35,0.02,19.860279612643907,0.8289397456683762,0.9592283637192106,0.017696645174021596
1.35,0.02,19.95520566625489,0.8424260749214569,0.9588444872705872,0.014134979043861772
1.35,0.02,20.05102135774949,0.8532952885510433,0.9584552875927372,0.011537966915727478
1.35,0.02,20.147740735981298,0.8580150624795692,0.9580606608264396,0.010447273495134728
1.35,0.02,20.24537513365237,0.8145958996109439,0.9576605129010382,0.021372379147013298
1.35,0.02,20.343937589497287,0.8312285080196169,0.957254741521561,0.016591833753093817
1.35,0.02,20.44344139115958,0.8381674943567932,0.9568432420348763,0.014719164507030811
1.35,0.02,20.54390163167279,0.8323521594628338,0.9564259009088644,0.016095646617043394
1.35,0.02,20.645330594758097,0.8520528908146577,0.9560026148457178,0.011302840555386318
1.35,0.02,20.74774393340137,0.8460214392878086,0.9555732650693961,0.012559583833906984
1.35,0.02,127.1124626997637,0.0634623911421247,0.12954738952059772,0.03371142426600888
1.35,0.02,127.66481264032433,0.06181772766876945,0.12669170532828772,0.03321948320501431
1.35,0.02,128.22185574222036,0.05997200104675115,0.12384839026595144,0.03294506364532459
1.35,0.02,128.7836606467801,0.05782023178785371,0.12101802754448579,0.03300302830525657
1.35,0.02,129.35027994367798,0.05602180051138685,0.11820129821452041,0.032709369465614195
1.35,0.02,129.92177573950582,0.05231720451947702,0.11539885100637821,0.03448296138822417
1.35,0.02,130.49821121369678,0.05311887913131795,0.11261134579381785,0.03142981344054735
1.35,0.02,131.07965956754785,0.05224676532836559,0.10983941130168465,0.03019783910802143
1.35,0.02,131.66617743093457,0.050653186159664645,0.10708377226748776,0.029737568830858926
1.35,0.02,132.25784043398278,0.04869308490866524,0.10434507993567926,0.029681749751842117
1.35,0.02,132.85469819792783,0.04635655853010211,0.10162412190915689,0.03005687532127753
1.35,0.02,133.45683788945593,0.04433336750092807,0.09892152957591842,0.030123547942498025
1.35,0.02,134.0643298922982,0.040936924456050475,0.09623802899861975,0.03177758517552387
1.35,0.02,134.67723642383814,0.0396025891367531,0.09357439737111532,0.03112984070347799
1.35,0.02,135.29563014792745,0.03739010679662381,0.0909313806832248,0.031525618415347234
1.35,0.02,135.91958503445105,0.03772192816609217,0.08830973499791388,0.028978981763609198
1.35,0.02,136.5491860749849,0.03548149352753552,0.08571018658583948,0.029435493105811707
1.35,0.02,137.18450043520872,0.0336582928763497,0.08313355128909265,0.029444203417890683
1.35,0.02,137.82560618693728,0.0320277105649815,0.08058061396836175,0.029254982219712917
1.35,0.02,138.47259279190564,0.030476270001841693,0.07805212993582077,0.028999368118701598
1.35,0.02,139.1255213848497,0.030118868619629705,0.0755489792397884,0.02731863450344133
1.35,0.02,139.78450459321834,0.029029700530543767,0.07307185824491569,0.02654526246802509
1.35,0.02,140.4495962439508,0.025657388306456756,0.07062170026339702,0.028628443413573942
1.35,0.02,141.12090229616797,0.023767889001832795,0.06819925643396103,0.02894674392528603
1.35,0.02,141.79849976441736,0.02363403053602899,0.06580539781907635,0.02702550668276835
1.35,0.02,142.48248800056356,0.02251497308868402,0.06344092812895669,0.026401470554683146
1.35,0.02,143.17294714816254,0.021500767530247464,0.06110673004022436,0.02567036830982644
1.35,0.02,143.86996941563444,0.02052123656964385,0.05880365462175716,0.024922660697597607
1.35,0.02,144.5736487716547,0.018043383479860696,0.05653255763916984,0.02620466133729634
1.35,0.02,145.28409195240766,0.017416249097990423,0.05429426474672626,0.02504846588369
1.35,0.02,146.0013858269463,0.01670156902084434,0.05208967416238422,0.024041578405822012
1.35,0.02,146.72564109137298,0.016022551119386042,0.049919618409920194,0.023017226643516676
1.35,0.02,142.883767012955,0.023786239641576185,0.06207792970681885,0.02361956229818575
1.35,0.02,143.5046490141408,0.023566811327651187,0.060004074361813126,0.02212639977437335
1.35,0.02,144.13080647421205,0.022262177873416607,0.057955507673950864,0.021982618104514254
1.35,0.02,144.76231655107566,0.021360457787707936,0.055932811461454804,0.02136934667348742
1.35,0.02,145.39923835939769,0.01965724913703811,0.053936632038439306,0.021786234098996556
1.35,0.02,146.0416417115601,0.019216103733546194,0.05196758614231715,0.020640935621571377
1.35,0.02,146.6895976258975,0.01918897524637842,0.05002629194318918,0.01900880645200147
1.35,0.02,147.34318838605728,0.01633315564960815,0.04811333954401317,0.02099168542308916
1.35,0.02,148.00247764818909,0.015540200529504371,0.04622937841042945,0.0203728813017002
1.35,0.02,148.6675504261228,0.015074757028750285,0.04437499991493042,0.019346574306139824
1.35,0.02,149.33846249778043,0.013605729655656339,0.04255087960837893,0.01968987982144126
1.35,0.02,150.01531184493504,0.012764679640068928,0.04075757929663333,0.019225931586354314
1.35,0.02,150.69817758408263,0.01164297270681974,0.038995716110329814,0.01918601955100591
1.35,0.02,151.38712965214324,0.01074109085627716,0.0372659309143998,0.018879634101321336
1.35,0.02,152.08224972863601,0.009828688858187237,0.03556883366338816,0.018627404566113042
1.35,0.02,152.78362096115794,0.009066189095250959,0.033905030337475446,0.01819694682810808
1.35,0.02,153.4913388864981,0.007948409217797856,0.032275097476627296,0.018335738941480374
1.35,0.02,154.20547900382567,0.007468502394453131,0.03067965653486327,0.017560746676471218
1.35,0.02,154.92612907160867,0.006772116496175013,0.029119296857863755,0.017150018166835767
1.35,0.02,155.65338965142413,0.006309202052135983,0.027594577440605367,0.016418704232860282
1.35,0.02,156.3873294632164,0.005568234955988433,0.026106118929520552,0.016157310830040492
1.35,0.02,157.12807510853048,0.00509628455845349,0.02465441851523087,0.015515296117608164
1.35,0.02,157.8756870928091,0.004357459399611096,0.023240098473871543,0.015342192237681579
1.35,0.02,158.6302845219058,0.0036534305544038584,0.02186365893738446,0.015167288270916603
1.35,0.02,159.39195396584213,0.0035482858565907115,0.020525653132444012,0.014042476395726486
1.35,0.02,160.16080710342908,0.002920866834506804,0.019226579287226545,0.013828578376779603
1.35,0.02,160.93693402192423,0.002331152838064301,0.017966961545779963,0.013607115110773943
1.35,0.02,161.7204383703809,0.002255250270888409,0.016747287448957485,0.012540487061599336
1.35,0.02,162.51142577650884,0.00164275241494707,0.0155680274911724,0.01245586738965471
1.35,0.02,163.31001621963804,0.001298782802355898,0.014429616639974437,0.011948952045856531
1.35,0.02,164.11630734697997,0.0011194101716792968,0.013332505757985974,0.011187672183146757
1.35,0.02,164.93042358910384,0.000951555628933183,0.012277090276376723,0.010447730868058672
1.35,0.02,112.24078469006679,0.13915267789670765,0.21984635211080736,0.029618272014308143
1.35,0.02,112.72851177390488,0.13954744811839928,0.21648549269070777,0.027343461351785118
1.35,0.02,113.22038293692906,0.13638502295659893,0.21312249624132118,0.027630306091458702
1.35,0.02,113.71645878969147,0.1414305335835992,0.20975776703298657,0.022257153558051055
1.35,0.02,114.21678576907325,0.12952442377630344,0.20639182555301117,0.028628059469265187
1.35,0.02,114.72141871542956,0.13371167981087667,0.20302515470518415,0.023663854899656507
1.35,0.02,115.23041341643858,0.13712375781774572,0.19965825137505655,0.019586282347647064
1.35,0.02,115.74383450912197,0.12289135053083139,0.19629157522313737,0.027446888531800603
1.35,0.02,116.2617319978738,0.12419037705007892,0.1929257032993303,0.024488935345544624
1.35,0.02,116.78417266438082,0.12041956848082246,0.18956113034111866,0.025219070850012716
1.35,0.02,117.31120032438126,0.11773270540199161,0.18619849699705204,0.025175093753911786
1.35,0.02,117.8428919463883,0.11706540053784495,0.1828382884512138,0.02366065019044901
1.35,0.02,118.37930967950238,0.1122390943485161,0.17948108489327247,0.025191987752412923
1.35,0.02,118.92050846190818,0.11014879092605127,0.1761275393696457,0.024716153202179784
1.35,0.02,119.46655245606112,0.10345333427609929,0.1727782694012558,0.02781568913012985
1.35,0.02,120.01750697764903,0.10482018626746897,0.16943390861791127,0.02464048164877608
1.35,0.02,120.57344707455454,0.09384084844514606,0.16609505588215262,0.031431823570077434
1.35,0.02,121.13443205432648,0.0919779436447302,0.1627624289442092,0.030783783405134667
1.35,0.02,121.70053085467221,0.09021894861514955,0.15943671104743704,0.03005015974462179
1.35,0.02,122.27182247064172,0.09265300977701833,0.15611855156421503,0.025800104817688217
1.35,0.02,122.8483608844377,0.08690673374744981,0.15280876946411495,0.028421656210120327
1.35,0.02,123.43024554652295,0.0890527114998073,0.14950794730827804,0.024445760927489103
1.35,0.02,124.01752398628807,0.08544618404254817,0.1462169891081792,0.025257603585261763
1.35,0.02,124.61028976603714,0.07875719436345324,0.1429365635366479,0.02881691937705729
1.35,0.02,125.2086108899064,0.0786923705758377,0.13966750845322048,0.02662013148470475
1.35,0.02,125.81257508596761,0.07624850371035777,0.13641057912084475,0.026533684858053908
1.35,0.02,126.42225312128342,0.07115093798524245,0.13316664888554472,0.028880717737182225
1.35,0.02,127.03772641623705,0.0661865064171202,0.1299365588649347,0.03127733428221368
1.35,0.02,127.6590779455239,0.06677401155774064,0.12672116824537316,0.028358810486761563
1.35,0.02,128.2864019575979,0.0645341847363752,0.12352130529552661,0.028169070781232052
1.35,0.02,128.9197751581609,0.06333205934082999,0.12033791496240459,0.02700451953287586
1.35,0.02,129.55929529228942,0.06362786994279851,0.11717186231621095,0.024467982863897862
1.35,0.02,86.57151005535584,0.3362323668174398,0.42833266850495394,0.01980345230387912
1.35,0.02,86.94769479301029,0.3353415278641883,0.42492233873799035,0.018885148991321873
1.35,0.02,87.32707586606023,0.3383412700604624,0.421490448867715,0.01640318530323414
1.35,0.02,87.70970002352874,0.3433177051624396,0.4180369417473648,0.01335519366421931
1.35,0.02,88.09560308226196,0.3205290872361447,0.41456187161983943,0.021328938197815846
1.35,0.02,88.48482734072009,0.3085863012770576,0.4110652470402113,0.025548095832338934
1.35,0.02,88.87741582803511,0.3343009883263554,0.4075470833683567,0.013164099702445432
1.35,0.02,89.27341839885291,0.33692773578532575,0.4040073487830518,0.011137605524945483
1.35,0.02,89.6728736216485,0.3312427914186994,0.4004461266942181,0.011959415496888608
1.35,0.02,90.07583300525161,0.3290677426391633,0.3968633996561138,0.01158144367644557
1.35,0.02,90.48233034481643,0.32520179939698846,0.3932593227168657,0.011778046222620396
1.35,0.02,90.89242500628937,0.3071710488054074,0.38963383944012614,0.017452569953977027
1.35,0.02,91.3061649253784,0.31263960274491226,0.38598701124876594,0.013937884378093533
1.35,0.02,91.72359247599972,0.30519109300011216,0.38231896485218314,0.01555954363584722
1.35,0.02,92.14475714676544,0.2926519655700894,0.3786297810025821,0.019523516420102655
1.35,0.02,92.56970931577779,0.3041963094288032,0.37491955014523476,0.013340933476253116
1.35,0.02,92.99850686759756,0.2812322496916673,0.3711883154864602,0.02180050781682614
1.35,0.02,93.43119554623905,0.2876907442030652,0.3674362446318748,0.0173073422438566
1.35,0.02,93.8678285234744,0.2786444955351326,0.36366345939789135,0.019876135557486782
1.35,0.02,94.30846672832136,0.27810534305189083,0.35987003456392397,0.01857744223177437
1.35,0.02,94.7531517973456,0.27869143477107433,0.3560562311445879,0.016810018177956538
1.35,0.02,95.20196043685995,0.28686666105081476,0.3522220301508377,0.012126794761733258
1.35,0.02,95.65492930636499,0.26710840832540833,0.3483677768703494,0.018954350587884607
1.35,0.02,96.11213057062663,0.2582948856438461,0.34449353554787643,0.021568495424625935
1.35,0.02,96.57361668135198,0.2627844606478123,0.34059956107068395,0.01777803187645617
1.35,0.02,97.03945530335349,0.2533279627357141,0.33668600315158576,0.020638110396426684
1.35,0.02,97.50970101938815,0.25766985852380236,0.33275314577890314,0.016941988668013372
1.35,0.02,97.98441662913741,0.24532851448543527,0.3288012283500235,0.02119120416576425
1.35,0.02,98.46366613112639,0.2385723450989938,0.3248305057804587,0.022905700516866363
1.35,0.02,98.94752221934951,0.2391609149962095,0.3208411876273988,0.020794296974281853
1.35,0.02,99.4360440570464,0.23078841897329033,0.31683362231696505,0.023368028191930595
1.35,0.02,99.9293070351625,0.23247149083325375,0.3128080526448746,0.020632343410415484
