Trial,Angular Diameter,Alpha Value,Chi-Squared Value
0,1.6000000000000003,0.0,3.297013247874298
0,1.6000000000000003,0.01,3.2863401132348793
0,1.6000000000000003,0.02,3.278170703426401
0,1.6000000000000003,0.03,3.2722428126939094
0,1.6000000000000003,0.04,3.2683290929861415
0,1.6000000000000003,0.05,3.2662315748488226
0,1.6000000000000003,0.06,3.2657771783667906
0,1.6000000000000003,0.07,3.2668140141187934
0,1.6000000000000003,0.08,3.26920831868563
0,1.6000000000000003,0.09,3.2728419030412623
0,1.6000000000000003,0.1,3.277610017970421
0,1.6000000000000003,0.11,3.2834195605238015
0,1.6000000000000003,0.12,3.2901875609230826
0,1.6000000000000003,0.13,3.297839901349029
0,1.6000000000000003,0.14,3.306310227492453
0,1.6000000000000003,0.15,3.315539021220962
0,1.6000000000000003,0.16,3.3254728086671896
0,1.6000000000000003,0.17,3.336063482820182
0,1.6000000000000003,0.18,3.34726772356379
0,1.6000000000000003,0.19,3.359046501258036
0,1.6000000000000003,0.2,3.371364652560781
0,1.6000000000000003,0.21,3.384190519364212
0,1.6000000000000003,0.22,3.3974956435770904
0,1.6000000000000003,0.23,3.411254512105634
0,1.6000000000000003,0.24,3.4254443478496244
0,1.6000000000000003,0.25,3.440044943906087
0,1.6000000000000003,0.26,3.455038539531567
0,1.6000000000000003,0.27,3.4704097378319827
0,1.6000000000000003,0.28,3.486145466715161
0,1.6000000000000003,0.29,3.5022349864671924
0,1.6000000000000003,0.3,3.5186699495452447
0,1.6000000000000003,0.31,3.535444521016638
0,1.6000000000000003,0.32,3.55255557179766
0,1.6000000000000003,0.33,3.5700029618608204
0,1.6000000000000003,0.34,3.587789937481356
0,1.6000000000000003,0.35000000000000003,3.6059236762718614
0,1.6000000000000003,0.36,3.6244160275609776
0,1.6000000000000003,0.37,3.643284515699772
0,1.6000000000000003,0.38,3.6625537034199356
0,1.6000000000000003,0.39,3.682257056701777
0,1.61,0.0,3.343996955178293
0,1.61,0.01,3.3212489274926305
0,1.61,0.02,3.3023196374495933
0,1.61,0.03,3.2867615477612167
0,1.61,0.04,3.274192943772952
0,1.61,0.05,3.2642865116414628
0,1.61,0.06,3.2567601830241903
0,1.61,0.07,3.251369744232683
0,1.61,0.08,3.2479028299760717
0,1.61,0.09,3.2461740117648175
0,1.61,0.1,3.246020757886972
0,1.61,0.11,3.24730009198417
0,1.61,0.12,3.249885815144524
0,1.61,0.13,3.253666185304421
0,1.61,0.14,3.258541969922625
0,1.61,0.15,3.264424805036927
0,1.61,0.16,3.2712358071672454
0,1.61,0.17,3.278904394998376
0,1.61,0.18,3.2873672860382284
0,1.61,0.19,3.296567640011893
0,1.61,0.2,3.3064543260028794
0,1.61,0.21,3.316981294584202
0,1.61,0.22,3.328107039619377
0,1.61,0.23,3.339794137232858
0,1.61,0.24,3.3520088517895186
0,1.61,0.25,3.3647208006944456
0,1.61,0.26,3.377902671519264
0,1.61,0.27,3.3915299864568214
0,1.61,0.28,3.405580910472025
0,1.61,0.29,3.420036100818458
0,1.61,0.3,3.434878596896061
0,1.61,0.31,3.450093750808116
0,1.61,0.32,3.465669200525545
0,1.61,0.33,3.481594889394323
0,1.61,0.34,3.4978631379758713
0,1.61,0.35000000000000003,3.514468777095093
0,1.61,0.36,3.531409354773222
0,1.61,0.37,3.548685434859342
0,1.61,0.38,3.566301012255699
0,1.61,0.39,3.584264079572495
0,1.62,0.0,3.4500316375632187
0,1.62,0.01,3.408440786988174
0,1.62,0.02,3.3730014665707193
0,1.62,0.03,3.3428989904848683
0,1.62,0.04,3.3174527580635
0,1.62,0.05,3.2960903256117406
0,1.62,0.06,3.27832718187791
0,1.62,0.07,3.2637508384017213
0,1.62,0.08,3.252008202020575
0,1.62,0.09,3.242795479157691
0,1.62,0.1,3.2358500438344984
0,1.62,0.11,3.2309438430460844
0,1.62,0.12,3.227878014680891
0,1.62,0.13,3.226478468691278
0,1.62,0.14,3.2265922386884376
0,1.62,0.15,3.2280844537142253
0,1.62,0.16,3.2308358123085053
0,1.62,0.17,3.234740465782399
0,1.62,0.18,3.2397042367367326
0,1.62,0.19,3.2456431137276307
0,1.62,0.2,3.252481974607495
0,1.62,0.21,3.260153500223783
0,1.62,0.22,3.2685972474131813
0,1.62,0.23,3.2777588560164497
0,1.62,0.24,3.28758936928839
0,1.62,0.25,3.2980446508396044
0,1.62,0.26,3.3090848843172935
0,1.62,0.27,3.320674144563442
0,1.62,0.28,3.332780031101896
0,1.62,0.29,3.345373356598574
0,1.62,0.3,3.358427884493324
0,1.62,0.31,3.371920111387188
0,1.62,0.32,3.385829091049949
0,1.62,0.33,3.4001362981506897
0,1.62,0.34,3.4148255310739537
0,1.62,0.35000000000000003,3.429882854538596
0,1.62,0.36,3.445296584273655
0,1.62,0.37,3.4610573178382578
0,1.62,0.38,3.4771580179510315
0,1.62,0.39,3.493594157626789
0,1.63,0.0,3.651026482070568
0,1.63,0.01,3.578016883820592
0,1.63,0.02,3.5156271371431407
0,1.63,0.03,3.4622466459264296
0,1.63,0.04,3.4165655056324655
0,1.63,0.05,3.377508913703236
0,1.63,0.06,3.3441877796334714
0,1.63,0.07,3.315861102684148
0,1.63,0.08,3.2919070070980063
0,1.63,0.09,3.271800221962024
0,1.63,0.1,3.2550944110309485
0,1.63,0.11,3.241408189595538
0,1.63,0.12,3.2304139709320516
0,1.63,0.13,3.221829003547094
0,1.63,0.14,3.2154081187363275
0,1.63,0.15,3.2109378237738393
0,1.63,0.16,3.2082314615862435
0,1.63,0.17,3.207125221533114
0,1.63,0.18,3.207474833867489
0,1.63,0.19,3.2091528168059136
0,1.63,0.2,3.212046172915967
0,1.63,0.21,3.216054452911464
0,1.63,0.22,3.2210881215205456
0,1.63,0.23,3.227067173028108
0,1.63,0.24,3.233919954256372
0,1.63,0.25,3.241582160782545
0,1.63,0.26,3.24999597858658
0,1.63,0.27,3.259109348443273
0,1.63,0.28,3.2688753345039614
0,1.63,0.29,3.279251581869887
0,1.63,0.3,3.290199850711895
0,1.63,0.31,3.301685616771654
0,1.63,0.32,3.313677729994907
0,1.63,0.33,3.3261481246839972
0,1.63,0.34,3.339071575987729
0,1.63,0.35000000000000003,3.352425498836173
0,1.63,0.36,3.3661897866344166
0,1.63,0.37,3.38034668821193
0,1.63,0.38,3.394880722744991
0,1.63,0.39,3.409778633700231
0,1.6400000000000001,0.0,4.017633562229108
0,1.6400000000000001,0.01,3.8875486199029208
0,1.6400000000000001,0.02,3.7775517958193845
0,1.6400000000000001,0.03,3.6840918973691075
0,1.6400000000000001,0.04,3.604382666352521
0,1.6400000000000001,0.05,3.536211652432291
0,1.6400000000000001,0.06,3.4778028182677327
0,1.6400000000000001,0.07,3.427716235617487
0,1.6400000000000001,0.08,3.3847738222210975
0,1.6400000000000001,0.09,3.3480036408919993
0,1.6400000000000001,0.1,3.3165976523658878
0,1.6400000000000001,0.11,3.2898792555804928
0,1.6400000000000001,0.12,3.267278174313125
0,1.6400000000000001,0.13,3.248310790336342
0,1.6400000000000001,0.14,3.232564627184454
0,1.6400000000000001,0.15,3.219686005749085
0,1.6400000000000001,0.16,3.209370148589049
0,1.6400000000000001,0.17,3.2013531907401154
0,1.6400000000000001,0.18,3.195405686691334
0,1.6400000000000001,0.19,3.1913273003029228
0,1.6400000000000001,0.2,3.188942436618071
0,1.6400000000000001,0.21,3.1880966286436916
0,1.6400000000000001,0.22,3.188653533099392
0,1.6400000000000001,0.23,3.1904924203230745
0,1.6400000000000001,0.24,3.1935060674707447
0,1.6400000000000001,0.25,3.1975989826690507
0,1.6400000000000001,0.26,3.2026859022008725
0,1.6400000000000001,0.27,3.2086905141080555
0,1.6400000000000001,0.28,3.2155443705124465
0,1.6400000000000001,0.29,3.2231859580349442
0,1.6400000000000001,0.3,3.2315599013476994
0,1.6400000000000001,0.31,3.240616279442066
0,1.6400000000000001,0.32,3.250310037877807
0,1.6400000000000001,0.33,3.2606004832847906
0,1.6400000000000001,0.34,3.2714508488641214
0,1.6400000000000001,0.35000000000000003,3.2828279216979146
0,1.6400000000000001,0.36,3.2947017244192525
0,1.6400000000000001,0.37,3.307045245293885
0,1.6400000000000001,0.38,3.3198342120882844
0,1.6400000000000001,0.39,3.3330469063037147
0,1.6500000000000004,0.0,4.706130486383842
0,1.6500000000000004,0.01,4.459515143849015
0,1.6500000000000004,0.02,4.256033889297847
0,1.6500000000000004,0.03,4.086582426445553
0,1.6500000000000004,0.04,3.9443695002750805
0,1.6500000000000004,0.05,3.824241585400704
0,1.6500000000000004,0.06,3.7222276416738613
0,1.6500000000000004,0.07,3.635225485231707
0,1.6500000000000004,0.08,3.560781473532323
0,1.6500000000000004,0.09,3.4969329991042413
0,1.6500000000000004,0.1,3.4420940795038155
0,1.6500000000000004,0.11,3.394971038312284
0,1.6500000000000004,0.12,3.354499533736643
0,1.6500000000000004,0.13,3.3197969543869426
0,1.6500000000000004,0.14,3.290126026504399
0,1.6500000000000004,0.15,3.264866702549601
0,1.6500000000000004,0.16,3.2434942372675186
0,1.6500000000000004,0.17,3.2255619361605605
0,1.6500000000000004,0.18,3.210687467355606
0,1.6500000000000004,0.19,3.198541916281335
0,1.6500000000000004,0.2,3.1888409698470035
0,1.6500000000000004,0.21,3.181337767394997
0,1.6500000000000004,0.22,3.1758170662134972
0,1.6500000000000004,0.23,3.172090451283213
0,1.6500000000000004,0.24,3.169992380157048
0,1.6500000000000004,0.25,3.169376900037788
0,1.6500000000000004,0.26,3.1701149092113456
0,1.6500000000000004,0.27,3.1720918618712113
0,1.6500000000000004,0.28,3.1752058361064854
0,1.6500000000000004,0.29,3.1793659009350073
0,1.6500000000000004,0.3,3.1844907308609187
0,1.6500000000000004,0.31,3.1905074263509827
0,1.6500000000000004,0.32,3.197350506476961
0,1.6500000000000004,0.33,3.204961046229527
0,1.6500000000000004,0.34,3.2132859360282064
0,1.6500000000000004,0.35000000000000003,3.2222772450038284
0,1.6500000000000004,0.36,3.2318916729240583
0,1.6500000000000004,0.37,3.242090078332933
0,1.6500000000000004,0.38,3.2528370727096534
0,1.6500000000000004,0.39,3.2641006723230555
0,1.6600000000000001,0.0,6.125306328186743
0,1.6600000000000001,0.01,5.596526250125303
0,1.6600000000000001,0.02,5.179540368046737
0,1.6600000000000001,0.03,4.845213945586787
0,1.6600000000000001,0.04,4.5734079720706635
0,1.6600000000000001,0.05,4.349827034444492
0,1.6600000000000001,0.06,4.164087040474159
0,1.6600000000000001,0.07,4.008491071930537
0,1.6600000000000001,0.08,3.8772312106382016
0,1.6600000000000001,0.09,3.7658547295856337
0,1.6600000000000001,0.1,3.6708989425294023
0,1.6600000000000001,0.11,3.58963633064865
0,1.6600000000000001,0.12,3.519893380074024
0,1.6600000000000001,0.13,3.459919677811548
0,1.6600000000000001,0.14,3.408291898419462
0,1.6600000000000001,0.15,3.3638424136011293
0,1.6600000000000001,0.16,3.3256055413911456
0,1.6600000000000001,0.17,3.292776607579963
0,1.6600000000000001,0.18,3.264680432092387
0,1.6600000000000001,0.19,3.2407468304846327
0,1.6600000000000001,0.2,3.220491394077854
0,1.6600000000000001,0.21,3.203500282526847
0,1.6600000000000001,0.22,3.1894180952946236
0,1.6600000000000001,0.23,3.177938126647998
0,1.6600000000000001,0.24,3.16879448117146
0,1.6600000000000001,0.25,3.161755652880788
0,1.6600000000000001,0.26,3.156619264144206
0,1.6600000000000001,0.27,3.153207730036745
0,1.6600000000000001,0.28,3.151364665948239
0,1.6600000000000001,0.29,3.1509518958331495
0,1.6600000000000001,0.3,3.1518469487182883
0,1.6600000000000001,0.31,3.153940954348036
0,1.6600000000000001,0.32,3.157136866876095
0,1.6600000000000001,0.33,3.161347959579779
0,1.6600000000000001,0.34,3.1664965446189393
0,1.6600000000000001,0.35000000000000003,3.1725128805907015
0,1.6600000000000001,0.36,3.179334237571015
0,1.6600000000000001,0.37,3.186904094885975
0,1.6600000000000001,0.38,3.19517145132517
0,1.6600000000000001,0.39,3.204090231131071
0,1.6700000000000002,0.0,9.665309444820748
0,1.6700000000000002,0.01,8.236584680260261
0,1.6700000000000002,0.02,7.202460264220813
0,1.6700000000000002,0.03,6.429479012127549
0,1.6700000000000002,0.04,5.8364790425513196
0,1.6700000000000002,0.05,5.371746687049228
0,1.6700000000000002,0.06,5.001031748465685
0,1.6700000000000002,0.07,4.700897263252023
0,1.6700000000000002,0.08,4.454851363592077
0,1.6700000000000002,0.09,4.251005344229726
0,1.6700000000000002,0.1,4.080605915501599
0,1.6700000000000002,0.11,3.9370872195451145
0,1.6700000000000002,0.12,3.815442124823285
0,1.6700000000000002,0.13,3.7117953660346785
0,1.6700000000000002,0.14,3.623107590810975
0,1.6700000000000002,0.15,3.5469662686780605
0,1.6700000000000002,0.16,3.4814354348812473
0,1.6700000000000002,0.17,3.4249460340900044
0,1.6700000000000002,0.18,3.376214759133836
0,1.6700000000000002,0.19,3.334183200755985
0,1.6700000000000002,0.2,3.297971681752247
0,1.6700000000000002,0.21,3.266843847126965
0,1.6700000000000002,0.22,3.240179228417028
0,1.6700000000000002,0.23,3.2174517862385676
0,1.6700000000000002,0.24,3.1982129814698377
0,1.6700000000000002,0.25,3.1820783103143917
0,1.6700000000000002,0.26,3.168716512868146
0,1.6700000000000002,0.27,3.1578408626804118
0,1.6700000000000002,0.28,3.14920208901418
0,1.6700000000000002,0.29,3.1425825896771427
0,1.6700000000000002,0.3,3.137791671185865
0,1.6700000000000002,0.31,3.1346616121691313
0,1.6700000000000002,0.32,3.1330443906264525
0,1.6700000000000002,0.33,3.1328089497239806
0,1.6700000000000002,0.34,3.1338389029612013
0,1.6700000000000002,0.35000000000000003,3.1360305997600793
0,1.6700000000000002,0.36,3.1392914882661414
0,1.6700000000000002,0.37,3.1435387244811563
0,1.6700000000000002,0.38,3.148697986568355
0,1.6700000000000002,0.39,3.1547024608825955
0,1.68,0.0,23.004496988806615
0,1.68,0.01,16.688651443232796
0,1.68,0.02,12.924572780537712
0,1.68,0.03,10.496806201361666
0,1.68,0.04,8.837377992363598
0,1.68,0.05,7.651729208710075
0,1.68,0.06,6.7745662874472705
0,1.68,0.07,6.107212611242389
0,1.68,0.08,5.587744026097202
0,1.68,0.09,5.175666325084798
0,1.68,0.1,4.843567574454887
0,1.68,0.11,4.572337242884937
0,1.68,0.12,4.3483097440236484
0,1.68,0.13,4.161494638080312
0,1.68,0.14,4.004444971870496
0,1.68,0.15,3.8715133766365355
0,1.68,0.16,3.758350958696878
0,1.68,0.17,3.661562310125167
0,1.68,0.18,3.578463318485977
0,1.68,0.19,3.5069081245369094
0,1.68,0.2,3.4451634970517406
0,1.68,0.21,3.3918162968858807
0,1.68,0.22,3.3457044031498695
0,1.68,0.23,3.305864520190985
0,1.68,0.24,3.271492294453394
0,1.68,0.25,3.241911519932092
0,1.68,0.26,3.2165501312990172
0,1.68,0.27,3.1949213205501668
0,1.68,0.28,3.176608559536967
0,1.68,0.29,3.1612536277816314
0,1.68,0.3,3.1485469727163125
0,1.68,0.31,3.1382198948702142
0,1.68,0.32,3.1300381718621346
0,1.68,0.33,3.1237968249276347
0,1.68,0.34,3.1193157988803897
0,1.68,0.35000000000000003,3.1164363770395944
0,1.68,0.36,3.1150181911285344
0,1.68,0.37,3.1149367156070564
0,1.68,0.38,3.1160811586187833
0,1.68,0.39,3.1183526793754335
0,1.6900000000000002,0.0,227.6404014442453
0,1.6900000000000002,0.01,81.72222613219894
0,1.6900000000000002,0.02,42.79513939150909
0,1.6900000000000002,0.03,26.955929823498163
0,1.6900000000000002,0.04,18.96563641569885
0,1.6900000000000002,0.05,14.367657050232946
0,1.6900000000000002,0.06,11.474998547550262
0,1.6900000000000002,0.07,9.534176449272573
0,1.6900000000000002,0.08,8.167178591494439
0,1.6900000000000002,0.09,7.167219535437342
0,1.6900000000000002,0.1,6.413325848743351
0,1.6900000000000002,0.11,5.830821935678754
0,1.6900000000000002,0.12,5.371539241379131
0,1.6900000000000002,0.13,5.003245910063465
0,1.6900000000000002,0.14,4.703692738438687
0,1.6900000000000002,0.15,4.457105762122481
0,1.6900000000000002,0.16,4.252039500910375
0,1.6900000000000002,0.17,4.080018792323545
0,1.6900000000000002,0.18,3.934654316655871
0,1.6900000000000002,0.19,3.811051724864555
0,1.6900000000000002,0.2,3.7054078611863273
0,1.6900000000000002,0.21,3.614729188566519
0,1.6900000000000002,0.22,3.536631817610374
0,1.6900000000000002,0.23,3.4691971259811094
0,1.6900000000000002,0.24,3.410865938461771
0,1.6900000000000002,0.25,3.360359899004815
0,1.6900000000000002,0.26,3.3166223088845124
0,1.6900000000000002,0.27,3.278773094244186
0,1.6900000000000002,0.28,3.246074160947509
0,1.6900000000000002,0.29,3.2179024762150026
0,1.6900000000000002,0.3,3.1937289611057316
0,1.6900000000000002,0.31,3.173101797599832
0,1.6900000000000002,0.32,3.1556331214431252
0,1.6900000000000002,0.33,3.1409883347741956
0,1.6900000000000002,0.34,3.128877462721945
0,1.6900000000000002,0.35000000000000003,3.1190481171833913
0,1.6900000000000002,0.36,3.111279733621218
0,1.6900000000000002,0.37,3.105378823186634
0,1.6900000000000002,0.38,3.101175039940221
0,1.6900000000000002,0.39,3.098517906488127
0,1.7000000000000004,0.0,133.84251650741447
0,1.7000000000000004,0.01,572.6311301289529
0,1.7000000000000004,0.02,65787.20425576887
0,1.7000000000000004,0.03,410.01869816261177
0,1.7000000000000004,0.04,113.83203713138134
0,1.7000000000000004,0.05,53.871992432743546
0,1.7000000000000004,0.06,32.1093853067028
0,1.7000000000000004,0.07,21.807219610663523
0,1.7000000000000004,0.08,16.115322070822838
0,1.7000000000000004,0.09,12.634406377610299
0,1.7000000000000004,0.1,10.346951429743854
0,1.7000000000000004,0.11,8.761162848955506
0,1.7000000000000004,0.12,7.615500473829612
0,1.7000000000000004,0.13,6.760313429030255
0,1.7000000000000004,0.14,6.104863306051492
0,1.7000000000000004,0.15,5.591479256665997
0,1.7000000000000004,0.16,5.182047324996098
0,1.7000000000000004,0.17,4.850535098561561
0,1.7000000000000004,0.18,4.578654344894225
0,1.7000000000000004,0.19,4.353240594705289
0,1.7000000000000004,0.2,4.164613941266225
0,1.7000000000000004,0.21,4.005522081355025
0,1.7000000000000004,0.22,3.870440383402764
0,1.7000000000000004,0.23,3.755097309386575
0,1.7000000000000004,0.24,3.656145781554965
0,1.7000000000000004,0.25,3.5709312642616573
0,1.7000000000000004,0.26,3.4973252766051863
0,1.7000000000000004,0.27,3.4336040072534053
0,1.7000000000000004,0.28,3.3783585522515893
0,1.7000000000000004,0.29,3.3304276722562585
0,1.7000000000000004,0.3,3.28884681651303
0,1.7000000000000004,0.31,3.2528090521184563
0,1.7000000000000004,0.32,3.221634812672741
0,1.7000000000000004,0.33,3.194748254010179
0,1.7000000000000004,0.34,3.1716586114966328
0,1.7000000000000004,0.35000000000000003,3.1519453804498525
0,1.7000000000000004,0.36,3.135246445504802
0,1.7000000000000004,0.37,3.121248504010159
0,1.7000000000000004,0.38,3.109679288246159
0,1.7000000000000004,0.39,3.100301208746753
0,1.7100000000000002,0.0,24.065952983068268
0,1.7100000000000002,0.01,32.30348869071891
0,1.7100000000000002,0.02,50.444733784721386
0,1.7100000000000002,0.03,98.8272431949072
0,1.7100000000000002,0.04,304.96282576277065
0,1.7100000000000002,0.05,6469.569863284035
0,1.7100000000000002,0.06,941.0149801788244
0,1.7100000000000002,0.07,169.4223968140442
0,1.7100000000000002,0.08,70.01232981452475
0,1.7100000000000002,0.09,38.994686133291495
0,1.7100000000000002,0.1,25.410767249113707
0,1.7100000000000002,0.11,18.25614001829094
0,1.7100000000000002,0.12,14.020275984913663
0,1.7100000000000002,0.13,11.301128560058324
0,1.7100000000000002,0.14,9.449052662242813
0,1.7100000000000002,0.15,8.129253633130126
0,1.7100000000000002,0.16,7.1547823174022245
0,1.7100000000000002,0.17,6.414476732648587
0,1.7100000000000002,0.18,5.8388067598043305
0,1.7100000000000002,0.19,5.382430775862799
0,1.7100000000000002,0.2,5.014728870952733
0,1.7100000000000002,0.21,4.7143985953254335
0,1.7100000000000002,0.22,4.466235041596102
0,1.7100000000000002,0.23,4.25914070225794
0,1.7100000000000002,0.24,4.084855643745622
0,1.7100000000000002,0.25,3.93712437477759
0,1.7100000000000002,0.26,3.8111355934615445
0,1.7100000000000002,0.27,3.7031370800186285
0,1.7100000000000002,0.28,3.610165725732135
0,1.7100000000000002,0.29,3.52985489197815
0,1.7100000000000002,0.3,3.46029472404674
0,1.7100000000000002,0.31,3.3999293716700163
0,1.7100000000000002,0.32,3.3474803477186224
0,1.7100000000000002,0.33,3.3018886725903838
0,1.7100000000000002,0.34,3.2622707036217227
0,1.7100000000000002,0.35000000000000003,3.2278840587615636
0,1.7100000000000002,0.36,3.1981010722429786
0,1.7100000000000002,0.37,3.1723879308241023
0,1.7100000000000002,0.38,3.150288137130123
0,1.7100000000000002,0.39,3.1314092998639387
0,1.7200000000000002,0.0,21.444850181624293
0,1.7200000000000002,0.01,19.43091274715659
0,1.7200000000000002,0.02,19.874303503587
0,1.7200000000000002,0.03,22.747296802500443
0,1.7200000000000002,0.04,29.23811913215362
0,1.7200000000000002,0.05,43.07230782577381
0,1.7200000000000002,0.06,76.71848520079838
0,1.7200000000000002,0.07,191.23656539649366
0,1.7200000000000002,0.08,1232.9685019556368
0,1.7200000000000002,0.09,3921.7052107117042
0,1.7200000000000002,0.1,278.10295680763085
0,1.7200000000000002,0.11,94.78836867614181
0,1.7200000000000002,0.12,48.466872391491265
0,1.7200000000000002,0.13,30.06738567247478
0,1.7200000000000002,0.14,20.913149102156105
0,1.7200000000000002,0.15,15.692819363604476
0,1.7200000000000002,0.16,12.429467248640833
0,1.7200000000000002,0.17,10.250158470070675
0,1.7200000000000002,0.18,8.720598400576325
0,1.7200000000000002,0.19,7.6047316542489884
0,1.7200000000000002,0.2,6.76516454135872
0,1.7200000000000002,0.21,6.117439306517729
0,1.7200000000000002,0.22,5.6072680058353
0,1.7200000000000002,0.23,5.1984323749627235
0,1.7200000000000002,0.24,4.865996143873708
0,1.7200000000000002,0.25,4.592320073619942
0,1.7200000000000002,0.26,4.364631212283241
0,1.7200000000000002,0.27,4.173488338080227
0,1.7200000000000002,0.28,4.011785353364852
0,1.7200000000000002,0.29,3.8740868397312784
0,1.7200000000000002,0.3,3.756174868276674
0,1.7200000000000002,0.31,3.654733513024783
0,1.7200000000000002,0.32,3.567125044634789
0,1.7200000000000002,0.33,3.4912290681936664
0,1.7200000000000002,0.34,3.4253238454352175
0,1.7200000000000002,0.35000000000000003,3.367999108336914
0,1.7200000000000002,0.36,3.3180901122684783
0,1.7200000000000002,0.37,3.274627572536031
0,1.7200000000000002,0.38,3.236799187189443
0,1.7200000000000002,0.39,3.203919769265994
0,1.73,0.0,121.49054811026123
0,1.73,0.01,50.967093560831785
0,1.73,0.02,30.781135732840262
0,1.73,0.03,22.986958361388524
0,1.73,0.04,20.002329998203955
0,1.73,0.05,19.722096179344984
0,1.73,0.06,21.762604148206567
0,1.73,0.07,26.857704427361842
0,1.73,0.08,37.57120021775945
0,1.73,0.09,61.88936602422167
0,1.73,0.1,132.47336047516868
0,1.73,0.11,512.1196940139685
0,1.73,0.12,4799059.99301167
0,1.73,0.13,536.1208233260597
0,1.73,0.14,135.5553970713311
0,1.73,0.15,61.97750007742912
0,1.73,0.16,36.22059502650925
0,1.73,0.17,24.261200920656293
0,1.73,0.18,17.73353699074328
0,1.73,0.19,13.774738425254927
0,1.73,0.2,11.18900010150202
0,1.73,0.21,9.404586416939212
0,1.73,0.22,8.119918025796297
0,1.73,0.23,7.163537813738827
0,1.73,0.24,6.432024442395517
0,1.73,0.25,5.859929001103044
0,1.73,0.26,5.404154634792171
0,1.73,0.27,5.035357713321816
0,1.73,0.28,4.73298006341612
0,1.73,0.29,4.482258817920794
0,1.73,0.3,4.272361977642998
0,1.73,0.31,4.095189647710441
0,1.73,0.32,3.9445822163596396
0,1.73,0.33,3.815784695828446
0,1.73,0.34,3.705076555776374
0,1.73,0.35000000000000003,3.6095109839802153
0,1.73,0.36,3.5267280295881904
0,1.73,0.37,3.4548185810643233
0,1.73,0.38,3.392223926342526
0,1.73,0.39,3.337660612434836
0,1.7400000000000002,0.0,117.83515742386038
0,1.7400000000000002,0.01,724.1284450078504
0,1.7400000000000002,0.02,2635.0505392447267
0,1.7400000000000002,0.03,178.5398899251973
0,1.7400000000000002,0.04,63.43976770920788
0,1.7400000000000002,0.05,35.33601275565121
0,1.7400000000000002,0.06,25.001753126403255
0,1.7400000000000002,0.07,20.847783962679543
0,1.7400000000000002,0.08,19.798598401733006
0,1.7400000000000002,0.09,21.069254483044237
0,1.7400000000000002,0.1,25.013907505569552
0,1.7400000000000002,0.11,33.391239850127725
0,1.7400000000000002,0.12,51.48694391550976
0,1.7400000000000002,0.13,98.18617021176678
0,1.7400000000000002,0.14,282.36303140537905
0,1.7400000000000002,0.15,3617.436513800906
0,1.7400000000000002,0.16,1419.098261913625
0,1.7400000000000002,0.17,209.48954332682098
0,1.7400000000000002,0.18,82.15097854317276
0,1.7400000000000002,0.19,44.57261927551776
0,1.7400000000000002,0.2,28.55537812717395
0,1.7400000000000002,0.21,20.254878575669267
0,1.7400000000000002,0.22,15.393611569365586
0,1.7400000000000002,0.23,12.297078661204305
0,1.7400000000000002,0.24,10.200090825122222
0,1.7400000000000002,0.25,8.71233715970043
0,1.7400000000000002,0.26,7.617594024681108
0,1.7400000000000002,0.27,6.788108171155442
0,1.7400000000000002,0.28,6.144388737937058
0,1.7400000000000002,0.29,5.634825561684531
0,1.7400000000000002,0.3,5.224695810564983
0,1.7400000000000002,0.31,4.889920825804877
0,1.7400000000000002,0.32,4.61336290662658
0,1.7400000000000002,0.33,4.3825452838565715
0,1.7400000000000002,0.34,4.188202256764345
0,1.7400000000000002,0.35000000000000003,4.023330793599358
0,1.7400000000000002,0.36,3.882554475529143
0,1.7400000000000002,0.37,3.7616873395766914
0,1.7400000000000002,0.38,3.657428789460755
0,1.7400000000000002,0.39,3.567146330033739
0,1.7500000000000004,0.0,18.698680606123965
0,1.7500000000000004,0.01,25.837031595954887
0,1.7500000000000004,0.02,42.004605011339784
0,1.7500000000000004,0.03,89.82393698352654
0,1.7500000000000004,0.04,367.2042167543151
0,1.7500000000000004,0.05,82631.9383391162
0,1.7500000000000004,0.06,289.64421022187105
0,1.7500000000000004,0.07,81.92473310012616
0,1.7500000000000004,0.08,41.453114760724645
0,1.7500000000000004,0.09,27.627380267167126
0,1.7500000000000004,0.1,22.01599509282318
0,1.7500000000000004,0.11,20.113228634555664
0,1.7500000000000004,0.12,20.64030426623882
0,1.7500000000000004,0.13,23.604138301212565
0,1.7500000000000004,0.14,30.177635864780182
0,1.7500000000000004,0.15,43.93934176725615
0,1.7500000000000004,0.16,76.45719569728945
0,1.7500000000000004,0.17,180.69814546591516
0,1.7500000000000004,0.18,947.2400186056493
0,1.7500000000000004,0.19,9834.039369722057
0,1.7500000000000004,0.2,364.7474393154604
0,1.7500000000000004,0.21,114.13051396642392
0,1.7500000000000004,0.22,56.28805653785014
0,1.7500000000000004,0.23,34.17933569681531
0,1.7500000000000004,0.24,23.415412786349663
0,1.7500000000000004,0.25,17.36241601302057
0,1.7500000000000004,0.26,13.61539053891933
0,1.7500000000000004,0.27,11.131025451574347
0,1.7500000000000004,0.28,9.396866329667558
0,1.7500000000000004,0.29,8.137078960089173
0,1.7500000000000004,0.3,7.192350397535871
0,1.7500000000000004,0.31,6.46536148404177
0,1.7500000000000004,0.32,5.893883016485103
0,1.7500000000000004,0.33,5.436582040368835
0,1.7500000000000004,0.34,5.065108850925879
0,1.7500000000000004,0.35000000000000003,4.759476379876632
0,1.7500000000000004,0.36,4.505253493592068
0,1.7500000000000004,0.37,4.291801064385482
0,1.7500000000000004,0.38,4.111129978909559
0,1.7500000000000004,0.39,3.9571422176235886
0,1.7600000000000002,0.0,13.92965268427813
0,1.7600000000000002,0.01,13.694528237343032
0,1.7600000000000002,0.02,14.871602359387902
0,1.7600000000000002,0.03,17.79653189800059
0,1.7600000000000002,0.04,23.76753831646465
0,1.7600000000000002,0.05,36.69812135250164
0,1.7600000000000002,0.06,71.30496513155792
0,1.7600000000000002,0.07,223.80652607458998
0,1.7600000000000002,0.08,6558.168910952861
0,1.7600000000000002,0.09,551.6187896876144
0,1.7600000000000002,0.1,110.8595786074964
0,1.7600000000000002,0.11,49.86085309291368
0,1.7600000000000002,0.12,31.064635481415607
0,1.7600000000000002,0.13,23.57691347982855
0,1.7600000000000002,0.14,20.68667498876275
0,1.7600000000000002,0.15,20.46180575246416
0,1.7600000000000002,0.16,22.557581660331042
0,1.7600000000000002,0.17,27.69455990639815
0,1.7600000000000002,0.18,38.32323430696565
0,1.7600000000000002,0.19,61.845261344418546
0,1.7600000000000002,0.2,126.88305523573085
0,1.7600000000000002,0.21,434.00965391176544
0,1.7600000000000002,0.22,26453.33376119059
0,1.7600000000000002,0.23,782.6281946803854
0,1.7600000000000002,0.24,169.13551238273334
0,1.7600000000000002,0.25,73.41175491673548
0,1.7600000000000002,0.26,41.731243553050774
0,1.7600000000000002,0.27,27.444401481549967
0,1.7600000000000002,0.28,19.78588211342516
0,1.7600000000000002,0.29,15.198060127884903
0,1.7600000000000002,0.3,12.228041160643727
0,1.7600000000000002,0.31,10.192131600037337
0,1.7600000000000002,0.32,8.733963379013076
0,1.7600000000000002,0.33,7.652802885422558
0,1.7600000000000002,0.34,6.828471068275516
0,1.7600000000000002,0.35000000000000003,6.185381544175031
0,1.7600000000000002,0.36,5.674019588827627
0,1.7600000000000002,0.37,5.260820940408415
0,1.7600000000000002,0.38,4.9223606105372335
0,1.7600000000000002,0.39,4.641873603709096
0,1.7700000000000002,0.0,42.63404309662271
0,1.7700000000000002,0.01,23.542190615131343
0,1.7700000000000002,0.02,16.921267427831832
0,1.7700000000000002,0.03,14.364430286093704
0,1.7700000000000002,0.04,13.774088282195953
0,1.7700000000000002,0.05,14.611070292562157
0,1.7700000000000002,0.06,17.047634641014657
0,1.7700000000000002,0.07,22.06092130209982
0,1.7700000000000002,0.08,32.54512657409715
0,1.7700000000000002,0.09,58.424587839536215
0,1.7700000000000002,0.1,152.0607776260631
0,1.7700000000000002,0.11,1281.6268110907697
0,1.7700000000000002,0.12,1435.8607257831964
0,1.7700000000000002,0.13,159.66442791289748
0,1.7700000000000002,0.14,61.77319111036895
0,1.7700000000000002,0.15,35.61228047813536
0,1.7700000000000002,0.16,25.630365646153233
0,1.7700000000000002,0.17,21.55306068921404
0,1.7700000000000002,0.18,20.531514860129228
0,1.7700000000000002,0.19,21.82651680335018
0,1.7700000000000002,0.2,25.78184226451595
0,1.7700000000000002,0.21,34.068281521796614
0,1.7700000000000002,0.22,51.57771479177314
0,1.7700000000000002,0.23,94.97767533434056
0,1.7700000000000002,0.24,251.1293702643315
0,1.7700000000000002,0.25,2046.9007728343045
0,1.7700000000000002,0.26,2686.892703432185
0,1.7700000000000002,0.27,275.6064144439251
0,1.7700000000000002,0.28,99.80242676326759
0,1.7700000000000002,0.29,52.18479366006756
0,1.7700000000000002,0.3,32.68306408785325
0,1.7700000000000002,0.31,22.81075789401806
0,1.7700000000000002,0.32,17.117696764893306
0,1.7700000000000002,0.33,13.530924689705168
0,1.7700000000000002,0.34,11.12169424513958
0,1.7700000000000002,0.35000000000000003,9.42307780702318
0,1.7700000000000002,0.36,8.179271271703056
0,1.7700000000000002,0.37,7.24046851301391
0,1.7700000000000002,0.38,6.514129137640553
0,1.7700000000000002,0.39,5.940532369130892
0,1.7800000000000002,0.0,163.45829462079496
0,1.7800000000000002,0.01,72847.47547928203
0,1.7800000000000002,0.02,196.940057343918
0,1.7800000000000002,0.03,51.67722411383096
0,1.7800000000000002,0.04,26.41118391504186
0,1.7800000000000002,0.05,18.142362145849617
0,1.7800000000000002,0.06,14.913783079638314
0,1.7800000000000002,0.07,13.93446379475312
0,1.7800000000000002,0.08,14.43540516563072
0,1.7800000000000002,0.09,16.43286103024138
0,1.7800000000000002,0.1,20.64757802400244
0,1.7800000000000002,0.11,29.24248349760271
0,1.7800000000000002,0.12,49.10787081761723
0,1.7800000000000002,0.13,111.04431358846493
0,1.7800000000000002,0.14,535.4701196501821
0,1.7800000000000002,0.15,9458.444868343844
0,1.7800000000000002,0.16,251.30782632972532
0,1.7800000000000002,0.17,79.33323853839889
0,1.7800000000000002,0.18,41.728330928097144
0,1.7800000000000002,0.19,28.31978177774197
0,1.7800000000000002,0.2,22.763651353540723
0,1.7800000000000002,0.21,20.858767374340225
0,1.7800000000000002,0.22,21.38095989324613
0,1.7800000000000002,0.23,24.329446935227356
0,1.7800000000000002,0.24,30.80796082185993
0,1.7800000000000002,0.25,44.121132787766115
0,1.7800000000000002,0.26,74.53034734246296
0,1.7800000000000002,0.27,165.44594175718677
0,1.7800000000000002,0.28,702.4418059267025
0,1.7800000000000002,0.29,107788.31610648593
0,1.7800000000000002,0.3,524.1200883699705
0,1.7800000000000002,0.31,143.4599672990769
0,1.7800000000000002,0.32,67.21053465828756
0,1.7800000000000002,0.33,39.656828247582105
0,1.7800000000000002,0.34,26.647666699070236
0,1.7800000000000002,0.35000000000000003,19.473475920836375
0,1.7800000000000002,0.36,15.092052208299313
0,1.7800000000000002,0.37,12.215697620255318
0,1.7800000000000002,0.38,10.222968238657801
0,1.7800000000000002,0.39,8.783791446917164
0,1.7900000000000003,0.0,113.42408506157184
0,1.7900000000000003,0.01,36.350789065264586
0,1.7900000000000003,0.02,45.09512428809435
0,1.7900000000000003,0.03,120.18540730802923
0,1.7900000000000003,0.04,2789.211492879065
0,1.7900000000000003,0.05,323.3720304794817
0,1.7900000000000003,0.06,64.44735860815251
0,1.7900000000000003,0.07,30.07096473144844
0,1.7900000000000003,0.08,19.6422792401722
0,1.7900000000000003,0.09,15.597927099104666
0,1.7900000000000003,0.1,14.182797504405125
0,1.7900000000000003,0.11,14.34324266712417
0,1.7900000000000003,0.12,15.937761445502089
0,1.7900000000000003,0.13,19.475494778193003
0,1.7900000000000003,0.14,26.582320049646896
0,1.7900000000000003,0.15,42.15681026523107
0,1.7900000000000003,0.16,85.39087272054651
0,1.7900000000000003,0.17,295.84267397602474
0,1.7900000000000003,0.18,31135.185597037507
0,1.7900000000000003,0.19,454.61409239114295
0,1.7900000000000003,0.2,106.61200182624901
0,1.7900000000000003,0.21,50.14150618772309
0,1.7900000000000003,0.22,31.854493818619954
0,1.7900000000000003,0.23,24.392806763963055
0,1.7900000000000003,0.24,21.465506684431492
0,1.7900000000000003,0.25,21.205530420902196
0,1.7900000000000003,0.26,23.261983844942986
0,1.7900000000000003,0.27,28.299483529876543
0,1.7900000000000003,0.28,38.572210276144084
0,1.7900000000000003,0.29,60.66860179179621
0,1.7900000000000003,0.3,118.4788664518863
0,1.7900000000000003,0.31,356.2526396711251
0,1.7900000000000003,0.32,5967.059776046807
0,1.7900000000000003,0.33,1344.7506659133446
0,1.7900000000000003,0.34,223.2449307835623
0,1.7900000000000003,0.35000000000000003,89.86927696060981
0,1.7900000000000003,0.36,49.20824367622915
0,1.7900000000000003,0.37,31.607423847833246
0,1.7900000000000003,0.38,22.40364613861908
0,1.7900000000000003,0.39,16.981461103107506
0,1.8,0.0,16.365944357148507
0,1.8,0.01,27.776220238414858
0,1.8,0.02,159.37874587205582
0,1.8,0.03,205.07873305254998
0,1.8,0.04,39.1970611589056
0,1.8,0.05,41.35235621535342
0,1.8,0.06,93.1384982733512
0,1.8,0.07,866.2824973572909
0,1.8,0.08,630.6498400721164
0,1.8,0.09,83.27515511783434
0,1.8,0.1,34.82357829627426
0,1.8,0.11,21.49700957341416
0,1.8,0.12,16.443205126288866
0,1.8,0.13,14.52888993164327
0,1.8,0.14,14.335280999747484
0,1.8,0.15,15.551704603853805
0,1.8,0.16,18.505462187441406
0,1.8,0.17,24.418444065132658
0,1.8,0.18,36.840363557137934
0,1.8,0.19,68.27493834321315
0,1.8,0.2,189.41965596071114
0,1.8,0.21,2186.333694865933
0,1.8,0.22,1061.2713635688533
0,1.8,0.23,152.12364141397768
0,1.8,0.24,62.06566849919098
0,1.8,0.25,36.547106930833415
0,1.8,0.26,26.547409321782258
0,1.8,0.27,22.38864632469492
0,1.8,0.28,21.297946905056303
0,1.8,0.29,22.529167269979457
0,1.8,0.3,26.37859853033077
0,1.8,0.31,34.371843053491205
0,1.8,0.32,50.87129857129387
0,1.8,0.33,89.97303132636121
0,1.8,0.34,217.52480170685106
0,1.8,0.35000000000000003,1219.5927319019813
0,1.8,0.36,8191.45307392358
0,1.8,0.37,392.8022997334525
0,1.8,0.38,126.26430310322795
0,1.8,0.39,62.75643992096882
0,1.8100000000000003,0.0,25.46601340180567
0,1.8100000000000003,0.01,16.664766068080425
0,1.8100000000000003,0.02,14.406395788512985
0,1.8100000000000003,0.03,15.876500584317567
0,1.8100000000000003,0.04,24.66633745720397
0,1.8100000000000003,0.05,96.39572245715787
0,1.8100000000000003,0.06,524.3041938262617
0,1.8100000000000003,0.07,44.37158103110902
0,1.8100000000000003,0.08,38.86509909439838
0,1.8100000000000003,0.09,75.23548430684797
0,1.8100000000000003,0.1,420.8653194688422
0,1.8100000000000003,0.11,1741.3168211828909
0,1.8100000000000003,0.12,112.6397803221513
0,1.8100000000000003,0.13,41.13112877565619
0,1.8100000000000003,0.14,23.811478602936475
0,1.8100000000000003,0.15,17.48420627864294
0,1.8100000000000003,0.16,14.985831177742748
0,1.8100000000000003,0.17,14.414366593475767
0,1.8100000000000003,0.18,15.267285154897506
0,1.8100000000000003,0.19,17.70780553930356
0,1.8100000000000003,0.2,22.64585657100193
0,1.8100000000000003,0.21,32.691969180605255
0,1.8100000000000003,0.22,56.28688101142854
0,1.8100000000000003,0.23,132.93917361897502
0,1.8100000000000003,0.24,737.9727995248137
0,1.8100000000000003,0.25,4718.316571219074
0,1.8100000000000003,0.26,236.1917466081238
0,1.8100000000000003,0.27,79.6419497630643
0,1.8100000000000003,0.28,42.87862124684388
0,1.8100000000000003,0.29,29.381941984126016
0,1.8100000000000003,0.3,23.68420051885816
0,1.8100000000000003,0.31,21.668881615740432
0,1.8100000000000003,0.32,22.09998639752868
0,1.8100000000000003,0.33,24.933057698269476
0,1.8100000000000003,0.34,31.16031755620059
0,1.8100000000000003,0.35000000000000003,43.72781288541231
0,1.8100000000000003,0.36,71.39823146892724
0,1.8100000000000003,0.37,148.20982137625117
0,1.8100000000000003,0.38,517.1667002695517
0,1.8100000000000003,0.39,41032.757589905494
0,1.8200000000000005,0.0,219.4526453102765
0,1.8200000000000005,0.01,1537.8679432515491
0,1.8200000000000005,0.02,76.04173688204735
0,1.8200000000000005,0.03,28.22848287589076
0,1.8200000000000005,0.04,17.605424600880063
0,1.8200000000000005,0.05,14.674432251631666
0,1.8200000000000005,0.06,15.52196945872981
0,1.8200000000000005,0.07,22.345497106244395
0,1.8200000000000005,0.08,66.38374683865534
0,1.8200000000000005,0.09,3782.436720228936
0,1.8200000000000005,0.1,53.465563619086566
0,1.8200000000000005,0.11,37.51748682237075
0,1.8200000000000005,0.12,62.91351366947313
0,1.8200000000000005,0.13,250.74568052837273
0,1.8200000000000005,0.14,15178.342970368409
0,1.8200000000000005,0.15,162.0636615726455
0,1.8200000000000005,0.16,49.72909004945182
0,1.8200000000000005,0.17,26.733668419489184
0,1.8200000000000005,0.18,18.76682704422541
0,1.8200000000000005,0.19,15.570888224128144
0,1.8200000000000005,0.2,14.585699131208882
0,1.8200000000000005,0.21,15.079938553201078
0,1.8200000000000005,0.22,17.060121410682967
0,1.8200000000000005,0.23,21.187843104477228
0,1.8200000000000005,0.24,29.402652507260115
0,1.8200000000000005,0.25,47.56848823637921
0,1.8200000000000005,0.26,99.36569487058902
0,1.8200000000000005,0.27,371.4824640843076
0,1.8200000000000005,0.28,488198.43795130495
0,1.8200000000000005,0.29,417.743929272915
0,1.8200000000000005,0.3,106.93264318587406
0,1.8200000000000005,0.31,51.61740029292114
0,1.8200000000000005,0.32,33.1231473157988
0,1.8200000000000005,0.33,25.433990449533034
0,1.8200000000000005,0.34,22.34315125088608
0,1.8200000000000005,0.35000000000000003,21.959353830249267
0,1.8200000000000005,0.36,23.88658984266421
0,1.8200000000000005,0.37,28.69935546212902
0,1.8200000000000005,0.38,38.39969957342799
0,1.8200000000000005,0.39,58.652606227513736
0,1.8300000000000003,0.0,27.719419626388326
0,1.8300000000000003,0.01,24.076939948633253
0,1.8300000000000003,0.02,40.666066310706604
0,1.8300000000000003,0.03,163.59587432859541
0,1.8300000000000003,0.04,5846.180238354603
0,1.8300000000000003,0.05,95.45367174589781
0,1.8300000000000003,0.06,31.653459630003557
0,1.8300000000000003,0.07,18.73333696918471
0,1.8300000000000003,0.08,15.0365322215839
0,1.8300000000000003,0.09,15.288324686908453
0,1.8300000000000003,0.1,20.58727871840302
0,1.8300000000000003,0.11,49.76773134257731
0,1.8300000000000003,0.12,7533.508143156693
0,1.8300000000000003,0.13,69.9983984532968
0,1.8300000000000003,0.14,37.331659193035655
0,1.8300000000000003,0.15,54.23503851523701
0,1.8300000000000003,0.16,168.24088389884548
0,1.8300000000000003,0.17,17123.798857645
0,1.8300000000000003,0.18,254.82825091351083
0,1.8300000000000003,0.19,61.845379315693584
0,1.8300000000000003,0.2,30.477489214165928
0,1.8300000000000003,0.21,20.352776662353055
0,1.8300000000000003,0.22,16.30675351958658
0,1.8300000000000003,0.23,14.857177942502016
0,1.8300000000000003,0.24,14.987726456065689
0,1.8300000000000003,0.25,16.545701028412115
0,1.8300000000000003,0.26,19.987611921148602
0,1.8300000000000003,0.27,26.761414835382478
0,1.8300000000000003,0.28,41.03661522357655
0,1.8300000000000003,0.29,77.7775286407873
0,1.8300000000000003,0.3,225.76578194172322
0,1.8300000000000003,0.31,3381.4706507858727
0,1.8300000000000003,0.32,932.1357599839115
0,1.8300000000000003,0.33,152.41898380197728
0,1.8300000000000003,0.34,64.04932307013202
0,1.8300000000000003,0.35000000000000003,38.11165171665562
0,1.8300000000000003,0.36,27.75635963624278
0,1.8300000000000003,0.37,23.362461111611946
0,1.8300000000000003,0.38,22.106575090695618
0,1.8300000000000003,0.39,23.18909446244612
0,1.8400000000000003,0.0,24.32229919446126
0,1.8400000000000003,0.01,140.96452701863922
0,1.8400000000000003,0.02,197.3189543430815
0,1.8400000000000003,0.03,30.140006917626078
0,1.8400000000000003,0.04,23.859098534514807
0,1.8400000000000003,0.05,37.34657784184054
0,1.8400000000000003,0.06,127.04173555602156
0,1.8400000000000003,0.07,2945527.882409186
0,1.8400000000000003,0.08,124.21472743507667
0,1.8400000000000003,0.09,35.961387104489035
0,1.8400000000000003,0.1,20.090112344410578
0,1.8400000000000003,0.11,15.503472596701675
0,1.8400000000000003,0.12,15.166473554057905
0,1.8400000000000003,0.13,19.245028882278817
0,1.8400000000000003,0.14,39.61815752100683
0,1.8400000000000003,0.15,662.8040208223058
0,1.8400000000000003,0.16,102.94645950209855
0,1.8400000000000003,0.17,38.49753340216174
0,1.8400000000000003,0.18,48.09141061505893
0,1.8400000000000003,0.19,122.18273152853392
0,1.8400000000000003,0.2,1853.2532817776917
0,1.8400000000000003,0.21,461.04106425366274
0,1.8400000000000003,0.22,79.65493854185084
0,1.8400000000000003,0.23,35.361178618271055
0,1.8400000000000003,0.24,22.32635426190837
0,1.8400000000000003,0.25,17.2233164426721
0,1.8400000000000003,0.26,15.23992704544325
0,1.8400000000000003,0.27,14.991273728199772
0,1.8400000000000003,0.28,16.152436462726925
0,1.8400000000000003,0.29,19.002750407814787
0,1.8400000000000003,0.3,24.620431833568187
0,1.8400000000000003,0.31,36.02522263544996
0,1.8400000000000003,0.32,63.07380882144917
0,1.8400000000000003,0.33,153.26146446914993
0,1.8400000000000003,0.34,936.834441575068
0,1.8400000000000003,0.35000000000000003,3610.487924275965
0,1.8400000000000003,0.36,236.29478601377366
0,1.8400000000000003,0.37,82.4554614414603
0,1.8400000000000003,0.38,44.87508236841544
0,1.8400000000000003,0.39,30.823452013126115
0,1.85,0.0,20.479247084168446
0,1.85,0.01,14.483653207242842
0,1.85,0.02,14.625255563871232
0,1.85,0.03,22.839423501474773
0,1.85,0.04,104.71182075507905
0,1.85,0.05,329.7929993806379
0,1.85,0.06,33.36294942221648
0,1.85,0.07,23.838075629782743
0,1.85,0.08,34.596221693818194
0,1.85,0.09,101.88754590497597
0,1.85,0.1,7008.160473528338
0,1.85,0.11,169.4262629260733
0,1.85,0.12,41.473095220757074
0,1.85,0.13,21.730462143256528
0,1.85,0.14,16.089534470882274
0,1.85,0.15,15.151448699394107
0,1.85,0.16,18.221012205489846
0,1.85,0.17,32.97815740428358
0,1.85,0.18,236.54392178599056
0,1.85,0.19,181.0238839715297
0,1.85,0.2,41.46464181571603
0,1.85,0.21,43.83713625390132
0,1.85,0.22,94.00840778231857
0,1.85,0.23,672.6441982829364
0,1.85,0.24,1080.799789623571
0,1.85,0.25,107.31028580815529
0,1.85,0.26,41.874535204465545
0,1.85,0.27,24.804899690365044
0,1.85,0.28,18.360208701234797
0,1.85,0.29,15.74905745606824
0,1.85,0.3,15.093853279014981
0,1.85,0.31,15.872078815116387
0,1.85,0.32,18.201481001755027
0,1.85,0.33,22.873933107721115
0,1.85,0.34,32.106577167547904
0,1.85,0.35000000000000003,52.61106402946625
0,1.85,0.36,111.94839412599269
0,1.85,0.37,437.74535437025105
0,1.85,0.38,2175954.1822900567
0,1.85,0.39,416.87940936673454
0,1.8600000000000003,0.0,191.5071656412488
0,1.8600000000000003,0.01,810.0940340543391
0,1.8600000000000003,0.02,53.77227943594694
0,1.8600000000000003,0.03,21.627608903943965
0,1.8600000000000003,0.04,14.861735384393214
0,1.8600000000000003,0.05,14.56760336661175
0,1.8600000000000003,0.06,21.565158631226762
0,1.8600000000000003,0.07,81.26774239934538
0,1.8600000000000003,0.08,679.7944245814635
0,1.8600000000000003,0.09,37.721955569022924
0,1.8600000000000003,0.1,24.037433342815945
0,1.8600000000000003,0.11,32.32612137287108
0,1.8600000000000003,0.12,83.89427857624197
0,1.8600000000000003,0.13,1671.3273553339482
0,1.8600000000000003,0.14,246.47113665662633
0,1.8600000000000003,0.15,48.66999912617275
0,1.8600000000000003,0.16,23.727374621464747
0,1.8600000000000003,0.17,16.813407014451677
0,1.8600000000000003,0.18,15.241941225144243
0,1.8600000000000003,0.19,17.448773773740854
0,1.8600000000000003,0.2,28.413946783599318
0,1.8600000000000003,0.21,124.69214400470625
0,1.8600000000000003,0.22,441.617887861166
0,1.8600000000000003,0.23,47.16576576304957
0,1.8600000000000003,0.24,41.114622113956024
0,1.8600000000000003,0.25,75.6759081356692
0,1.8600000000000003,0.26,348.944743306901
0,1.8600000000000003,0.27,4917.262602649261
0,1.8600000000000003,0.28,153.56107480482385
0,1.8600000000000003,0.29,50.80262579445744
0,1.8600000000000003,0.3,27.955373794486565
0,1.8600000000000003,0.31,19.77052189605652
0,1.8600000000000003,0.32,16.404756898418423
0,1.8600000000000003,0.33,15.301629758020704
0,1.8600000000000003,0.34,15.69976552751419
0,1.8600000000000003,0.35000000000000003,17.56009936165218
0,1.8600000000000003,0.36,21.44495528373647
0,1.8600000000000003,0.37,28.99598438608136
0,1.8600000000000003,0.38,44.9075192748136
0,1.8600000000000003,0.39,86.1651907105053
0,1.8700000000000006,0.0,14.104636030983528
0,1.8700000000000006,0.01,17.488668719695887
0,1.8700000000000006,0.02,33.91351848156089
0,1.8700000000000006,0.03,165.09487075193636
0,1.8700000000000006,0.04,1277.5288179957852
0,1.8700000000000006,0.05,60.192220982237636
0,1.8700000000000006,0.06,22.948396420745816
0,1.8700000000000006,0.07,15.295322703433127
0,1.8700000000000006,0.08,14.549515914752032
0,1.8700000000000006,0.09,20.472785642068732
0,1.8700000000000006,0.1,65.29660962670391
0,1.8700000000000006,0.11,2227.2716558360275
0,1.8700000000000006,0.12,43.74944178809067
0,1.8700000000000006,0.13,24.49170500596389
0,1.8700000000000006,0.14,30.469359424773867
0,1.8700000000000006,0.15,70.62527386598805
0,1.8700000000000006,0.16,733.742141055745
0,1.8700000000000006,0.17,394.01256429675556
0,1.8700000000000006,0.18,58.30099145894573
0,1.8700000000000006,0.19,26.179849704555565
0,1.8700000000000006,0.2,17.699458752203977
0,1.8700000000000006,0.21,15.44011522711592
0,1.8700000000000006,0.22,16.88266184518159
0,1.8700000000000006,0.23,25.162375243314145
0,1.8700000000000006,0.24,79.53663623050244
0,1.8700000000000006,0.25,2678.4454754367503
0,1.8700000000000006,0.26,57.57759056163926
0,1.8700000000000006,0.27,39.775840142180144
0,1.8700000000000006,0.28,63.25603184146012
0,1.8700000000000006,0.29,215.9204016320853
0,1.8700000000000006,0.3,303710.16036856204
0,1.8700000000000006,0.31,239.52709564425663
0,1.8700000000000006,0.32,63.46738007559448
0,1.8700000000000006,0.33,32.02153627541045
0,1.8700000000000006,0.34,21.526344242871144
0,1.8700000000000006,0.35000000000000003,17.23384537100483
0,1.8700000000000006,0.36,15.624089886445029
0,1.8700000000000006,0.37,15.633767138889848
0,1.8700000000000006,0.38,17.061212280847545
0,1.8700000000000006,0.39,20.276798637556425
0,1.8800000000000003,0.0,585.3734348219821
0,1.8800000000000003,0.01,64.67822340296003
0,1.8800000000000003,0.02,18.575311781677826
0,1.8800000000000003,0.03,14.26411170112881
0,1.8800000000000003,0.04,17.34992947925872
0,1.8800000000000003,0.05,32.59474916295068
0,1.8800000000000003,0.06,143.14020909208563
0,1.8800000000000003,0.07,2360.8171171171293
0,1.8800000000000003,0.08,68.16595711174857
0,1.8800000000000003,0.09,24.47559177384331
0,1.8800000000000003,0.1,15.792763548460998
0,1.8800000000000003,0.11,14.573583039457896
0,1.8800000000000003,0.12,19.540044389232712
0,1.8800000000000003,0.13,53.96937490654101
0,1.8800000000000003,0.14,72302.36742827478
0,1.8800000000000003,0.15,52.337424689799214
0,1.8800000000000003,0.16,25.25084595650413
0,1.8800000000000003,0.17,28.97666556625238
0,1.8800000000000003,0.18,60.60118183038395
0,1.8800000000000003,0.19,411.9993044805183
0,1.8800000000000003,0.2,733.77756557
0,1.8800000000000003,0.21,71.5824784952294
0,1.8800000000000003,0.22,29.224744758604068
0,1.8800000000000003,0.23,18.779529127111264
0,1.8800000000000003,0.24,15.751669747081872
0,1.8800000000000003,0.25,16.49141582471561
0,1.8800000000000003,0.26,22.787516689275716
0,1.8800000000000003,0.27,56.8831388109493
0,1.8800000000000003,0.28,11290.360680502565
0,1.8800000000000003,0.29,77.30010659476254
0,1.8800000000000003,0.3,39.867158351040885
0,1.8800000000000003,0.31,54.66347059790001
0,1.8800000000000003,0.32,148.69928168929857
0,1.8800000000000003,0.33,3184.690436973087
0,1.8800000000000003,0.34,427.542642555396
0,1.8800000000000003,0.35000000000000003,82.23516542446785
0,1.8800000000000003,0.36,37.37021348464392
0,1.8800000000000003,0.37,23.72719680243519
0,1.8800000000000003,0.38,18.272011426708183
0,1.8800000000000003,0.39,16.074708688970652
0,1.8900000000000003,0.0,23.24391336915887
0,1.8900000000000003,0.01,17.831499947127174
0,1.8900000000000003,0.02,29.412271086242754
0,1.8900000000000003,0.03,484.14688353875727
0,1.8900000000000003,0.04,70.80978534786203
0,1.8900000000000003,0.05,19.24423331499596
0,1.8900000000000003,0.06,14.438512738201306
0,1.8900000000000003,0.07,17.209134475108183
0,1.8900000000000003,0.08,31.312794059035156
0,1.8900000000000003,0.09,124.82599688485853
0,1.8900000000000003,0.1,5951.314288025537
0,1.8900000000000003,0.11,78.23052350909083
0,1.8900000000000003,0.12,26.251968207121376
0,1.8900000000000003,0.13,16.363908508228366
0,1.8900000000000003,0.14,14.642736989567478
0,1.8900000000000003,0.15,18.748480599339864
0,1.8900000000000003,0.16,45.675539222147215
0,1.8900000000000003,0.17,5176.520759970389
0,1.8900000000000003,0.18,65.07364041508133
0,1.8900000000000003,0.19,26.3871432730892
0,1.8900000000000003,0.2,27.813589614588757
0,1.8900000000000003,0.21,52.883424322317374
0,1.8900000000000003,0.22,264.74748745712594
0,1.8900000000000003,0.23,1832.987117673769
0,1.8900000000000003,0.24,90.59725316400822
0,1.8900000000000003,0.25,33.05542928484035
0,1.8900000000000003,0.26,20.095483254136504
0,1.8900000000000003,0.27,16.186150876936438
0,1.8900000000000003,0.28,16.254167247403903
0,1.8900000000000003,0.29,21.026385264727942
0,1.8900000000000003,0.3,43.91807103662663
0,1.8900000000000003,0.31,705.9844053839739
0,1.8900000000000003,0.32,118.92790354427802
0,1.8900000000000003,0.33,41.67833552166102
0,1.8900000000000003,0.34,48.73528577289175
0,1.8900000000000003,0.35000000000000003,110.20296732168207
0,1.8900000000000003,0.36,898.3406168262886
0,1.8900000000000003,0.37,974.8034482120653
0,1.8900000000000003,0.38,111.68574459077648
0,1.8900000000000003,0.39,44.573638472517274
0,1.9000000000000001,0.0,105.88250684768647
0,1.9000000000000001,0.01,4729.43035766678
0,1.9000000000000001,0.02,66.16294575075865
0,1.9000000000000001,0.03,23.663245163916372
0,1.9000000000000001,0.04,18.02454389129195
0,1.9000000000000001,0.05,29.0568308376601
0,1.9000000000000001,0.06,399.22950921780483
0,1.9000000000000001,0.07,78.53249915614117
0,1.9000000000000001,0.08,20.007717477096236
0,1.9000000000000001,0.09,14.631310303882133
0,1.9000000000000001,0.1,17.070022930517965
0,1.9000000000000001,0.11,30.077098451923472
0,1.9000000000000001,0.12,109.48755483974394
0,1.9000000000000001,0.13,37826.30509520674
0,1.9000000000000001,0.14,91.17865511331908
0,1.9000000000000001,0.15,28.331983891374545
0,1.9000000000000001,0.16,17.020493865478155
0,1.9000000000000001,0.17,14.760377613900443
0,1.9000000000000001,0.18,18.082898476639677
0,1.9000000000000001,0.19,39.44522965512093
0,1.9000000000000001,0.2,1007.6040640705011
0,1.9000000000000001,0.21,85.01051693308537
0,1.9000000000000001,0.22,28.0062542274578
0,1.9000000000000001,0.23,26.958879740647706
0,1.9000000000000001,0.24,46.85487339667411
0,1.9000000000000001,0.25,185.39993154193044
0,1.9000000000000001,0.26,10518.633355376087
0,1.9000000000000001,0.27,119.15468616220569
0,1.9000000000000001,0.28,37.95211124471199
0,1.9000000000000001,0.29,21.70290872512915
0,1.9000000000000001,0.3,16.75754558909462
0,1.9000000000000001,0.31,16.15793770206276
0,1.9000000000000001,0.32,19.71350289093738
0,1.9000000000000001,0.33,35.81779507986203
0,1.9000000000000001,0.34,239.92750859297888
0,1.9000000000000001,0.35000000000000003,227.6691601970248
0,1.9000000000000001,0.36,45.89812954721794
0,1.9000000000000001,0.37,44.821193925216555
0,1.9000000000000001,0.38,86.28034827258274
0,1.9000000000000001,0.39,422.5316416995951
0,1.9100000000000004,0.0,10.440674645660804
0,1.9100000000000004,0.01,13.984544307291907
0,1.9100000000000004,0.02,26.71253618399016
0,1.9100000000000004,0.03,108.60202886599305
0,1.9100000000000004,0.04,4845.320116340782
0,1.9100000000000004,0.05,67.78329673374233
0,1.9100000000000004,0.06,24.144498197395876
0,1.9100000000000004,0.07,18.22161492508353
0,1.9100000000000004,0.08,28.632388072813853
0,1.9100000000000004,0.09,329.42063580565014
0,1.9100000000000004,0.1,88.38882607240218
0,1.9100000000000004,0.11,20.882694325560923
0,1.9100000000000004,0.12,14.846415783420325
0,1.9100000000000004,0.13,16.936225650526623
0,1.9100000000000004,0.14,28.894849696807963
0,1.9100000000000004,0.15,96.5868000179467
0,1.9100000000000004,0.16,122085.4774245607
0,1.9100000000000004,0.17,108.22023405034076
0,1.9100000000000004,0.18,30.785850416055887
0,1.9100000000000004,0.19,17.776636095707765
0,1.9100000000000004,0.2,14.93051269013543
0,1.9100000000000004,0.21,17.530909199619877
0,1.9100000000000004,0.22,34.66711520251518
0,1.9100000000000004,0.23,417.61094258375954
0,1.9100000000000004,0.24,118.64463479079583
0,1.9100000000000004,0.25,30.265430192939796
0,1.9100000000000004,0.26,26.403953241160167
0,1.9100000000000004,0.27,42.09797285316417
0,1.9100000000000004,0.28,137.88107168200943
0,1.9100000000000004,0.29,67354.41686143784
0,1.9100000000000004,0.3,164.83986901684582
0,1.9100000000000004,0.31,44.332980826938304
0,1.9100000000000004,0.32,23.676562493521192
0,1.9100000000000004,0.33,17.485224841521646
0,1.9100000000000004,0.34,16.196113993050446
0,1.9100000000000004,0.35000000000000003,18.741454159535323
0,1.9100000000000004,0.36,30.437360479969172
0,1.9100000000000004,0.37,124.49205808923848
0,1.9100000000000004,0.38,677.3503407171398
0,1.9100000000000004,0.39,54.01497486104348
0,1.9200000000000006,0.0,54.827726673380575
0,1.9200000000000006,0.01,15.077579852027792
0,1.9200000000000006,0.02,10.452973886293455
0,1.9200000000000006,0.03,10.590515301729422
0,1.9200000000000006,0.04,14.240410756220086
0,1.9200000000000006,0.05,27.247027525016225
0,1.9200000000000006,0.06,110.48994205297122
0,1.9200000000000006,0.07,5258.800853079837
0,1.9200000000000006,0.08,69.85628131403024
0,1.9200000000000006,0.09,24.692174503798768
0,1.9200000000000006,0.1,18.4254084232672
0,1.9200000000000006,0.11,28.15489188839742
0,1.9200000000000006,0.12,272.71180509305594
0,1.9200000000000006,0.13,101.18858214039085
0,1.9200000000000006,0.14,21.890219008105742
0,1.9200000000000006,0.15,15.088262363580645
0,1.9200000000000006,0.16,16.81127416611503
0,1.9200000000000006,0.17,27.771301644772127
0,1.9200000000000006,0.18,85.68900645694647
0,1.9200000000000006,0.19,8222.894276641307
0,1.9200000000000006,0.2,131.27665149553593
0,1.9200000000000006,0.21,33.705353562766184
0,1.9200000000000006,0.22,18.64947621436573
0,1.9200000000000006,0.23,15.157920260015253
0,1.9200000000000006,0.24,17.082565131039015
0,1.9200000000000006,0.25,30.94108618638351
0,1.9200000000000006,0.26,229.29251623695183
0,1.9200000000000006,0.27,181.89862507458906
0,1.9200000000000006,0.28,33.40478170506697
0,1.9200000000000006,0.29,26.15350752668627
0,1.9200000000000006,0.3,38.32394286072841
0,1.9200000000000006,0.31,107.24567441475816
0,1.9200000000000006,0.32,3302.7081661399316
0,1.9200000000000006,0.33,244.57931505734774
0,1.9200000000000006,0.34,52.84423921383904
0,1.9200000000000006,0.35000000000000003,26.118569164598934
0,1.9200000000000006,0.36,18.395351600116115
0,1.9200000000000006,0.37,16.36760499679904
0,1.9200000000000006,0.38,18.039116979221433
0,1.9200000000000006,0.39,26.705384385089033
0,1.9300000000000004,0.0,30.26279551935552
0,1.9300000000000004,0.01,30.028877511849274
0,1.9300000000000004,0.02,611.0521331509445
0,1.9300000000000004,0.03,50.989250680751226
0,1.9300000000000004,0.04,14.955331233916183
0,1.9300000000000004,0.05,10.533127927925689
0,1.9300000000000004,0.06,10.738118196145935
0,1.9300000000000004,0.07,14.478400615249743
0,1.9300000000000004,0.08,27.701538997750273
0,1.9300000000000004,0.09,111.51865110885463
0,1.9300000000000004,0.1,6074.3392105529265
0,1.9300000000000004,0.11,72.42383920972675
0,1.9300000000000004,0.12,25.311992718081257
0,1.9300000000000004,0.13,18.639033805795357
0,1.9300000000000004,0.14,27.639900825718524
0,1.9300000000000004,0.15,226.92439846977499
0,1.9300000000000004,0.16,118.18253567131174
0,1.9300000000000004,0.17,23.05669804739544
0,1.9300000000000004,0.18,15.361911928591883
0,1.9300000000000004,0.19,16.698622247767403
0,1.9300000000000004,0.2,26.710093512923997
0,1.9300000000000004,0.21,76.44298836275462
0,1.9300000000000004,0.22,2675.0623305122863
0,1.9300000000000004,0.23,163.54968514252346
0,1.9300000000000004,0.24,37.21234443161927
0,1.9300000000000004,0.25,19.6600289081184
0,1.9300000000000004,0.26,15.44834175417933
0,1.9300000000000004,0.27,16.73007033638161
0,1.9300000000000004,0.28,27.996917928748232
0,1.9300000000000004,0.29,146.29272753204214
0,1.9300000000000004,0.3,322.9623138392982
0,1.9300000000000004,0.31,37.80340794144381
0,1.9300000000000004,0.32,26.227511936075
0,1.9300000000000004,0.33,35.33016438871826
0,1.9300000000000004,0.34,86.39823663925576
0,1.9300000000000004,0.35000000000000003,1051.5638508091517
0,1.9300000000000004,0.36,402.7827481189923
0,1.9300000000000004,0.37,64.52682746375373
0,1.9300000000000004,0.38,29.171066786203767
0,1.9300000000000004,0.39,19.522940238749545
0,1.9400000000000004,0.0,38.70757010374433
0,1.9400000000000004,0.01,645.4810603181949
0,1.9400000000000004,0.02,128.85776015040162
0,1.9400000000000004,0.03,29.567689746932764
0,1.9400000000000004,0.04,31.620894460049247
0,1.9400000000000004,0.05,925.83908954748
0,1.9400000000000004,0.06,48.05261051484038
0,1.9400000000000004,0.07,14.880281384141293
0,1.9400000000000004,0.08,10.621945264313133
0,1.9400000000000004,0.09,10.88284583980604
0,1.9400000000000004,0.1,14.697390609399388
0,1.9400000000000004,0.11,28.073107479493036
0,1.9400000000000004,0.12,111.69264620722156
0,1.9400000000000004,0.13,7552.436775516134
0,1.9400000000000004,0.14,75.54377631868324
0,1.9400000000000004,0.15,26.011018486256376
0,1.9400000000000004,0.16,18.86599708314045
0,1.9400000000000004,0.17,27.10214128596927
0,1.9400000000000004,0.18,190.030599978059
0,1.9400000000000004,0.19,141.38449984407944
0,1.9400000000000004,0.2,24.41557903511889
0,1.9400000000000004,0.21,15.673194060087718
0,1.9400000000000004,0.22,16.601679239229757
0,1.9400000000000004,0.23,25.71355073769869
0,1.9400000000000004,0.24,68.56469851656462
0,1.9400000000000004,0.25,1297.6238868059477
0,1.9400000000000004,0.26,210.70200796191065
0,1.9400000000000004,0.27,41.47139786478734
0,1.9400000000000004,0.28,20.834315176008573
0,1.9400000000000004,0.29,15.808717316342417
0,1.9400000000000004,0.3,16.467559500039737
0,1.9400000000000004,0.31,25.64722797024941
0,1.9400000000000004,0.32,102.60663214652926
0,1.9400000000000004,0.33,750.4212988353227
0,1.9400000000000004,0.34,44.08579115116588
0,1.9400000000000004,0.35000000000000003,26.665101815131507
0,1.9400000000000004,0.36,32.97384241189205
0,1.9400000000000004,0.37,71.62112153629565
0,1.9400000000000004,0.38,513.9910223690177
0,1.9400000000000004,0.39,789.2488465915734
0,1.9500000000000002,0.0,7.966651278388363
0,1.9500000000000002,0.01,9.74435465725595
0,1.9500000000000002,0.02,15.829193783904236
0,1.9500000000000002,0.03,43.139307300108875
0,1.9500000000000002,0.04,1018.0121240069163
0,1.9500000000000002,0.05,113.10294637034566
0,1.9500000000000002,0.06,29.062323817204355
0,1.9500000000000002,0.07,33.31589414945453
0,1.9500000000000002,0.08,1470.8264638638395
0,1.9500000000000002,0.09,45.805277182778184
0,1.9500000000000002,0.1,14.847313827721587
0,1.9500000000000002,0.11,10.71862408391614
0,1.9500000000000002,0.12,11.024179843514764
0,1.9500000000000002,0.13,14.896535378885348
0,1.9500000000000002,0.14,28.360278608198602
0,1.9500000000000002,0.15,111.04653729594594
0,1.9500000000000002,0.16,10337.478207066699
0,1.9500000000000002,0.17,79.2929918738246
0,1.9500000000000002,0.18,26.797840936880192
0,1.9500000000000002,0.19,19.110192957508254
0,1.9500000000000002,0.2,26.55520171403022
0,1.9500000000000002,0.21,160.2813567170074
0,1.9500000000000002,0.22,174.2072440551601
0,1.9500000000000002,0.23,26.00971217785597
0,1.9500000000000002,0.24,16.028886414580697
0,1.9500000000000002,0.25,16.523855009827713
0,1.9500000000000002,0.26,24.7829604834898
0,1.9500000000000002,0.27,61.82389907850819
0,1.9500000000000002,0.28,759.6139322546644
0,1.9500000000000002,0.29,283.535493145663
0,1.9500000000000002,0.3,46.70914976812612
0,1.9500000000000002,0.31,22.204892954938764
0,1.9500000000000002,0.32,16.247478394266423
0,1.9500000000000002,0.33,16.29093922853151
0,1.9500000000000002,0.34,23.75917426206758
0,1.9500000000000002,0.35000000000000003,76.86440901321845
0,1.9500000000000002,0.36,3481.9614591190903
0,1.9500000000000002,0.37,53.33725223070292
0,1.9500000000000002,0.38,27.531362447682664
0,1.9500000000000002,0.39,31.155513057258847
0,1.9600000000000004,0.0,21.13892475152884
0,1.9600000000000004,0.01,10.678321108034467
0,1.9600000000000004,0.02,8.191271229821789
0,1.9600000000000004,0.03,8.114050305799392
0,1.9600000000000004,0.04,10.106729155850402
0,1.9600000000000004,0.05,16.805421987471842
0,1.9600000000000004,0.06,48.0590914173526
0,1.9600000000000004,0.07,1745.0264842050624
0,1.9600000000000004,0.08,101.37980280284644
0,1.9600000000000004,0.09,28.71281476535385
0,1.9600000000000004,0.1,35.09139432094258
0,1.9600000000000004,0.11,2483.1375931043003
0,1.9600000000000004,0.12,44.100904246223195
0,1.9600000000000004,0.13,14.852488161471488
0,1.9600000000000004,0.14,10.822542221256676
0,1.9600000000000004,0.15,11.161720619239624
0,1.9600000000000004,0.16,15.075273227266916
0,1.9600000000000004,0.17,28.563084362701368
0,1.9600000000000004,0.18,109.64091270268312
0,1.9600000000000004,0.19,16298.410893471255
0,1.9600000000000004,0.2,83.77215398128749
0,1.9600000000000004,0.21,27.682804765829108
0,1.9600000000000004,0.22,19.375908906820552
0,1.9600000000000004,0.23,26.011352981380814
0,1.9600000000000004,0.24,136.23111048627746
0,1.9600000000000004,0.25,222.81809536992665
0,1.9600000000000004,0.26,27.894704385369625
0,1.9600000000000004,0.27,16.436949064016044
0,1.9600000000000004,0.28,16.468616813112366
0,1.9600000000000004,0.29,23.918818440564657
0,1.9600000000000004,0.3,56.03345009327718
0,1.9600000000000004,0.31,496.4833116902897
0,1.9600000000000004,0.32,404.81164359409667
0,1.9600000000000004,0.33,53.24466536754425
0,1.9600000000000004,0.34,23.812954886938993
0,1.9600000000000004,0.35000000000000003,16.774917830261174
0,1.9600000000000004,0.36,16.197787895388746
0,1.9600000000000004,0.37,22.236844579508734
0,1.9600000000000004,0.38,60.463817435587785
0,1.9600000000000004,0.39,128004.24728324801
0,1.9700000000000006,0.0,147.8980987898306
0,1.9700000000000006,0.01,163.93368732751708
0,1.9700000000000006,0.02,113.369034371509
0,1.9700000000000006,0.03,19.430429769334236
0,1.9700000000000006,0.04,10.402774037377629
0,1.9700000000000006,0.05,8.19875730735318
0,1.9700000000000006,0.06,8.273338099484498
0,1.9700000000000006,0.07,10.484202649680881
0,1.9700000000000006,0.08,17.829890384497357
0,1.9700000000000006,0.09,53.494365204038445
0,1.9700000000000006,0.1,3405.8493586904133
0,1.9700000000000006,0.11,92.46670939013073
0,1.9700000000000006,0.12,28.49231167293796
0,1.9700000000000006,0.13,36.92124288494874
0,1.9700000000000006,0.14,4550.899427838714
0,1.9700000000000006,0.15,42.83685943000691
0,1.9700000000000006,0.16,14.892817523922826
0,1.9700000000000006,0.17,10.933240641900897
0,1.9700000000000006,0.18,11.295186521178712
0,1.9700000000000006,0.19,15.233325432156814
0,1.9700000000000006,0.2,28.682967889784518
0,1.9700000000000006,0.21,107.55666776452533
0,1.9700000000000006,0.22,32871.29617923266
0,1.9700000000000006,0.23,89.11235612000094
0,1.9700000000000006,0.24,28.67831111372672
0,1.9700000000000006,0.25,19.667843643464135
0,1.9700000000000006,0.26,25.481478020740745
0,1.9700000000000006,0.27,116.71452594323169
0,1.9700000000000006,0.28,299.32385920268257
0,1.9700000000000006,0.29,30.14377039295432
0,1.9700000000000006,0.3,16.906830252824108
0,1.9700000000000006,0.31,16.439558978971757
0,1.9700000000000006,0.32,23.121046451854294
0,1.9700000000000006,0.33,51.04075874504296
0,1.9700000000000006,0.34,349.03304261910534
0,1.9700000000000006,0.35000000000000003,629.5617476083263
0,1.9700000000000006,0.36,61.538660804031394
0,1.9700000000000006,0.37,25.7112476598365
0,1.9700000000000006,0.38,17.403665064622295
0,1.9700000000000006,0.39,16.187312593713692
0,1.9800000000000004,0.0,13.41752078552683
0,1.9800000000000004,0.01,37.09310382723859
0,1.9800000000000004,0.02,767.1660934613078
0,1.9800000000000004,0.03,114.71351594238456
0,1.9800000000000004,0.04,262.0549204169209
0,1.9800000000000004,0.05,84.30346156675544
0,1.9800000000000004,0.06,18.07970892903886
0,1.9800000000000004,0.07,10.181142154401343
0,1.9800000000000004,0.08,8.22408520948617
0,1.9800000000000004,0.09,8.443301585639013
0,1.9800000000000004,0.1,10.87534953297162
0,1.9800000000000004,0.11,18.899471400713225
0,1.9800000000000004,0.12,59.465353262653466
0,1.9800000000000004,0.13,8395.031351783911
0,1.9800000000000004,0.14,85.58339331960319
0,1.9800000000000004,0.15,28.379181331106654
0,1.9800000000000004,0.16,38.77579629816698
0,1.9800000000000004,0.17,9393.43462400139
0,1.9800000000000004,0.18,41.94041047408078
0,1.9800000000000004,0.19,14.966106124101154
0,1.9800000000000004,0.2,11.05041091259699
0,1.9800000000000004,0.21,11.424412300542613
0,1.9800000000000004,0.22,15.370689443683988
0,1.9800000000000004,0.23,28.722663014022608
0,1.9800000000000004,0.24,104.88856023730061
0,1.9800000000000004,0.25,119009.98854820465
0,1.9800000000000004,0.26,95.48458016825461
0,1.9800000000000004,0.27,29.79920513069954
0,1.9800000000000004,0.28,19.991142373497958
0,1.9800000000000004,0.29,24.975090172712452
0,1.9800000000000004,0.3,100.80558452397493
0,1.9800000000000004,0.31,430.27326498747755
0,1.9800000000000004,0.32,32.85489401752896
0,1.9800000000000004,0.33,17.449867979350493
0,1.9800000000000004,0.34,16.44048718116854
0,1.9800000000000004,0.35000000000000003,22.38918253481796
0,1.9800000000000004,0.36,46.720978029357994
0,1.9800000000000004,0.37,258.4801154787245
0,1.9800000000000004,0.38,1120.9601604048955
0,1.9800000000000004,0.39,72.27624138495959
0,1.9900000000000004,0.0,4.496768030866013
0,1.9900000000000004,0.01,5.609491926193741
0,1.9900000000000004,0.02,8.157165028394997
0,1.9900000000000004,0.03,14.925600055755831
0,1.9900000000000004,0.04,45.074552258646335
0,1.9900000000000004,0.05,2408.0303302150046
0,1.9900000000000004,0.06,96.06841141549144
0,1.9900000000000004,0.07,496.7440095739101
0,1.9900000000000004,0.08,66.65275979398105
0,1.9900000000000004,0.09,16.99651100235549
0,1.9900000000000004,0.1,10.004562042489727
0,1.9900000000000004,0.11,8.265085173130112
0,1.9900000000000004,0.12,8.622782225155246
0,1.9900000000000004,0.13,11.278598227960767
0,1.9900000000000004,0.14,20.010077160719973
0,1.9900000000000004,0.15,65.98199236374106
0,1.9900000000000004,0.16,36180.207663768975
0,1.9900000000000004,0.17,80.21214094615516
0,1.9900000000000004,0.18,28.35574978884022
0,1.9900000000000004,0.19,40.62244477947117
0,1.9900000000000004,0.2,23491.098125570425
0,1.9900000000000004,0.21,41.35998782700249
0,1.9900000000000004,0.22,15.070831076762797
0,1.9900000000000004,0.23,11.173885835170239
0,1.9900000000000004,0.24,11.549346829105225
0,1.9900000000000004,0.25,15.487626543157557
0,1.9900000000000004,0.26,28.686038026661617
0,1.9900000000000004,0.27,101.73872485158905
0,1.9900000000000004,0.28,162452971088.08826
0,1.9900000000000004,0.29,103.11325121916782
0,1.9900000000000004,0.3,31.063274480463495
0,1.9900000000000004,0.31,20.351451482452863
0,1.9900000000000004,0.32,24.500419175738855
0,1.9900000000000004,0.33,87.774125450971
0,1.9900000000000004,0.34,683.7405890093501
0,1.9900000000000004,0.35000000000000003,36.1616462276681
0,1.9900000000000004,0.36,18.07982198167015
0,1.9900000000000004,0.37,16.475520059657864
0,1.9900000000000004,0.38,21.722546205806935
0,1.9900000000000004,0.39,42.97160505831676
0,2.0000000000000004,0.0,7.146465687433171
0,2.0000000000000004,0.01,4.6237710955028914
0,2.0000000000000004,0.02,4.2162394618322265
0,2.0000000000000004,0.03,4.6449361447740625
0,2.0000000000000004,0.04,5.902430036729916
0,2.0000000000000004,0.05,8.773379430220722
0,2.0000000000000004,0.06,16.65752639267358
0,2.0000000000000004,0.07,55.54411503631225
0,2.0000000000000004,0.08,34400.71369418977
0,2.0000000000000004,0.09,85.69840121744244
0,2.0000000000000004,0.1,1271.3111554376521
0,2.0000000000000004,0.11,55.0662318075096
0,2.0000000000000004,0.12,16.118202843348158
0,2.0000000000000004,0.13,9.866033046266898
0,2.0000000000000004,0.14,8.31989408028456
0,2.0000000000000004,0.15,8.81065992593326
0,2.0000000000000004,0.16,11.692228372813092
0,2.0000000000000004,0.17,21.156608885404403
0,2.0000000000000004,0.18,73.04046855045685
0,2.0000000000000004,0.19,47123127.114638664
0,2.0000000000000004,0.2,75.99853835526999
0,2.0000000000000004,0.21,28.407422989455707
0,2.0000000000000004,0.22,42.42648680534374
0,2.0000000000000004,0.23,85678.35788724778
0,2.0000000000000004,0.24,41.05954333166769
0,2.0000000000000004,0.25,15.206057895066367
0,2.0000000000000004,0.26,11.30363283224571
0,2.0000000000000004,0.27,11.670050115231058
0,2.0000000000000004,0.28,15.5846447307296
0,2.0000000000000004,0.29,28.577914543445935
0,2.0000000000000004,0.3,98.21074970116274
0,2.0000000000000004,0.31,99303.6750048035
0,2.0000000000000004,0.32,112.29591448376858
0,2.0000000000000004,0.33,32.49189176302564
0,2.0000000000000004,0.34,20.754995684778695
0,2.0000000000000004,0.35000000000000003,24.064545344865678
0,2.0000000000000004,0.36,77.04639858511285
0,2.0000000000000004,0.37,1281.7256999331819
0,2.0000000000000004,0.38,40.24995977202729
0,2.0000000000000004,0.39,18.813585776990653
0,2.0100000000000007,0.0,19.375491513742876
0,2.0100000000000007,0.01,99378.43140842741
0,2.0100000000000007,0.02,18.917968819459222
0,2.0100000000000007,0.03,6.5217703478014295
0,2.0100000000000007,0.04,4.532108531333911
0,2.0100000000000007,0.05,4.274778833246079
0,2.0100000000000007,0.06,4.807953057265755
0,2.0100000000000007,0.07,6.21937465401452
0,2.0100000000000007,0.08,9.450515811085623
0,2.0100000000000007,0.09,18.651873986283366
0,2.0100000000000007,0.1,69.56293935287404
0,2.0100000000000007,0.11,12887.590976244259
0,2.0100000000000007,0.12,80.75790430011652
0,2.0100000000000007,0.13,7231.943104608328
0,2.0100000000000007,0.14,47.017904941469794
0,2.0100000000000007,0.15,15.400105740282898
0,2.0100000000000007,0.16,9.759951806268752
0,2.0100000000000007,0.17,8.386892770200872
0,2.0100000000000007,0.18,9.005841458465886
0,2.0100000000000007,0.19,12.114372883347555
0,2.0100000000000007,0.2,22.33293208241561
0,2.0100000000000007,0.21,80.61952100722489
0,2.0100000000000007,0.22,50719.043075245194
0,2.0100000000000007,0.23,72.69367661064334
0,2.0100000000000007,0.24,28.522070338348083
0,2.0100000000000007,0.25,44.15232130979387
0,2.0100000000000007,0.26,1072173.9414953955
0,2.0100000000000007,0.27,41.014869013967655
0,2.0100000000000007,0.28,15.37138098424488
0,2.0100000000000007,0.29,11.439748473018554
0,2.0100000000000007,0.3,11.786689692666927
0,2.0100000000000007,0.31,15.66247774979755
0,2.0100000000000007,0.32,28.40387245949969
0,2.0100000000000007,0.33,94.40472821116897
0,2.0100000000000007,0.34,22960.58011029104
0,2.0100000000000007,0.35000000000000003,123.4323088671092
0,2.0100000000000007,0.36,34.11084601598097
0,2.0100000000000007,0.37,21.208681354668037
0,2.0100000000000007,0.38,23.67356538688325
0,2.0100000000000007,0.39,68.17181931176535
0,2.0200000000000005,0.0,2.5289960781595804
0,2.0200000000000005,0.01,3.600273737283257
0,2.0200000000000005,0.02,6.806331464330936
0,2.0200000000000005,0.03,27.8415645211189
0,2.0200000000000005,0.04,571.6903900441794
0,2.0200000000000005,0.05,14.888599387445367
0,2.0200000000000005,0.06,6.057957646135144
0,2.0200000000000005,0.07,4.4743460169844855
0,2.0200000000000005,0.08,4.348663546657485
0,2.0200000000000005,0.09,4.985595758838995
0,2.0200000000000005,0.1,6.561343584666549
0,2.0200000000000005,0.11,10.194139918825272
0,2.0200000000000005,0.12,20.95496904248976
0,2.0200000000000005,0.13,88.79784011512908
0,2.0200000000000005,0.14,2034.2899233112962
0,2.0200000000000005,0.15,79.9463043873132
0,2.0200000000000005,0.16,72446.6534467657
0,2.0200000000000005,0.17,41.18402748464742
0,2.0200000000000005,0.18,14.809583732716563
0,2.0200000000000005,0.19,9.681778932780828
0,2.0200000000000005,0.2,8.464658362271074
0,2.0200000000000005,0.21,9.207252846853594
0,2.0200000000000005,0.22,12.543025329780887
0,2.0200000000000005,0.23,23.5318834481864
0,2.0200000000000005,0.24,88.67677171287444
0,2.0200000000000005,0.25,13774.69789445659
0,2.0200000000000005,0.26,70.11912329716783
0,2.0200000000000005,0.27,28.68959288987254
0,2.0200000000000005,0.28,45.76488742204236
0,2.0200000000000005,0.29,1368751.9835945729
0,2.0200000000000005,0.3,41.21120676968141
0,2.0200000000000005,0.31,15.566887686905293
0,2.0200000000000005,0.32,11.582457505588929
0,2.0200000000000005,0.33,11.899536507957857
0,2.0200000000000005,0.34,15.722061235166441
0,2.0200000000000005,0.35000000000000003,28.170051427044935
0,2.0200000000000005,0.36,90.41349897173887
0,2.0200000000000005,0.37,9487.204717456667
0,2.0200000000000005,0.38,137.06825463827437
0,2.0200000000000005,0.39,35.95142570530474
0,2.0300000000000002,0.0,1.7917561519380203
0,2.0300000000000002,0.01,1.8750221257016861
0,2.0300000000000002,0.02,2.1350431580205544
0,2.0300000000000002,0.03,2.6859325462886185
0,2.0300000000000002,0.04,3.960016559528901
0,2.0300000000000002,0.05,8.07405739260795
0,2.0300000000000002,0.06,43.13487097668658
0,2.0300000000000002,0.07,162.49427567192828
0,2.0300000000000002,0.08,12.281699852849394
0,2.0300000000000002,0.09,5.709644052667956
0,2.0300000000000002,0.1,4.444286964068068
0,2.0300000000000002,0.11,4.436522103571344
0,2.0300000000000002,0.12,5.177741866724607
0,2.0300000000000002,0.13,6.929415348263308
0,2.0300000000000002,0.14,11.010306019033065
0,2.0300000000000002,0.15,23.622645757062863
0,2.0300000000000002,0.16,115.97696817790863
0,2.0300000000000002,0.17,833.2647757791814
0,2.0300000000000002,0.18,82.79954140710338
0,2.0300000000000002,0.19,3011.04827529049
0,2.0300000000000002,0.2,36.81392989663328
0,2.0300000000000002,0.21,14.322301005872577
0,2.0300000000000002,0.22,9.627796507604153
0,2.0300000000000002,0.23,8.551927845008327
0,2.0300000000000002,0.24,9.41383505756126
0,2.0300000000000002,0.25,12.976052553920248
0,2.0300000000000002,0.26,24.74531411056005
0,2.0300000000000002,0.27,97.14544628058249
0,2.0300000000000002,0.28,6814.13175032677
0,2.0300000000000002,0.29,68.14495875217749
0,2.0300000000000002,0.3,28.901622033932238
0,2.0300000000000002,0.31,47.23124488282884
0,2.0300000000000002,0.32,232919.37791649136
0,2.0300000000000002,0.33,41.64174832341319
0,2.0300000000000002,0.34,15.79313647353248
0,2.0300000000000002,0.35000000000000003,11.732110206837325
0,2.0300000000000002,0.36,12.008960465925902
0,2.0300000000000002,0.37,15.764506995531933
0,2.0300000000000002,0.38,27.882958023239322
0,2.0300000000000002,0.39,86.32010805526136
0,2.0400000000000005,0.0,3.5081880264079555
0,2.0400000000000005,0.01,2.230158529072134
0,2.0400000000000005,0.02,1.8693536888145832
0,2.0400000000000005,0.03,1.8096605298804678
0,2.0400000000000005,0.04,1.9250448908597966
0,2.0400000000000005,0.05,2.2275710657051646
0,2.0400000000000005,0.06,2.864052305753192
0,2.0400000000000005,0.07,4.38650275374129
0,2.0400000000000005,0.08,9.748420074025478
0,2.0400000000000005,0.09,74.76918410816337
0,2.0400000000000005,0.1,78.49126456600062
0,2.0400000000000005,0.11,10.50068621504562
0,2.0400000000000005,0.12,5.446831143311981
0,2.0400000000000005,0.13,4.437320510079659
0,2.0400000000000005,0.14,4.537285538893955
0,2.0400000000000005,0.15,5.384342759867939
0,2.0400000000000005,0.16,7.324712898749551
0,2.0400000000000005,0.17,11.90557067566784
0,2.0400000000000005,0.18,26.722445855631378
0,2.0400000000000005,0.19,155.79464829005826
0,2.0400000000000005,0.2,469.18377128291974
0,2.0400000000000005,0.21,89.42472426992883
0,2.0400000000000005,0.22,995.1504301686347
0,2.0400000000000005,0.23,33.45478270168199
0,2.0400000000000005,0.24,13.919780750553075
0,2.0400000000000005,0.25,9.594929184387412
0,2.0400000000000005,0.26,8.647570244814121
0,2.0400000000000005,0.27,9.624542471839574
0,2.0400000000000005,0.28,13.411212378188562
0,2.0400000000000005,0.29,25.96417260813151
0,2.0400000000000005,0.3,105.9319478501832
0,2.0400000000000005,0.31,4304.834035294719
0,2.0400000000000005,0.32,66.67560316917799
0,2.0400000000000005,0.33,29.151310433806227
0,2.0400000000000005,0.34,48.52216097841718
0,2.0400000000000005,0.35000000000000003,135939.47981887017
0,2.0400000000000005,0.36,42.30678644510127
0,2.0400000000000005,0.37,16.051153260055138
0,2.0400000000000005,0.38,11.889184045026946
0,2.0400000000000005,0.39,12.115425818192143
0,2.0500000000000007,0.0,17.549830101366794
0,2.0500000000000007,0.01,201.88835170058817
0,2.0500000000000007,0.02,7.731092364789585
0,2.0500000000000007,0.03,3.1113994462453674
0,2.0500000000000007,0.04,2.1365531452633824
0,2.0500000000000007,0.05,1.856845620259515
0,2.0500000000000007,0.06,1.8350195480160791
0,2.0500000000000007,0.07,1.9823496145581523
0,2.0500000000000007,0.08,2.3311148051719193
0,2.0500000000000007,0.09,3.0665143507242596
0,2.0500000000000007,0.1,4.895643854668135
0,2.0500000000000007,0.11,12.012929603758641
0,2.0500000000000007,0.12,156.58953881758174
0,2.0500000000000007,0.13,47.57382653297359
0,2.0500000000000007,0.14,9.233827659505797
0,2.0500000000000007,0.15,5.249025973514909
0,2.0500000000000007,0.16,4.449959369022598
0,2.0500000000000007,0.17,4.650112832256434
0,2.0500000000000007,0.18,5.605402188063524
0,2.0500000000000007,0.19,7.7483870110870185
0,2.0500000000000007,0.2,12.887000565494109
0,2.0500000000000007,0.21,30.33638400565534
0,2.0500000000000007,0.22,216.84670313954027
0,2.0500000000000007,0.23,311.1586329542279
0,2.0500000000000007,0.24,100.44873123106036
0,2.0500000000000007,0.25,513.4627274560235
0,2.0500000000000007,0.26,30.819487162277934
0,2.0500000000000007,0.27,13.587770711369197
0,2.0500000000000007,0.28,9.580610582022027
0,2.0500000000000007,0.29,8.750565408899762
0,2.0500000000000007,0.3,9.838343713321015
0,2.0500000000000007,0.31,13.84617610929358
0,2.0500000000000007,0.32,27.178629203335422
0,2.0500000000000007,0.33,114.91480780557191
0,2.0500000000000007,0.34,3113.7502649407047
0,2.0500000000000007,0.35000000000000003,65.64045044395718
0,2.0500000000000007,0.36,29.433187698625932
0,2.0500000000000007,0.37,49.61355673440789
0,2.0500000000000007,0.38,127498.39488330224
0,2.0500000000000007,0.39,43.21338103829596
0,2.0600000000000005,0.0,1.6558413617098104
0,2.0600000000000005,0.01,2.42000975559634
0,2.0600000000000005,0.02,5.111975378898767
0,2.0600000000000005,0.03,34.20131651837848
0,2.0600000000000005,0.04,53.25863461331656
0,2.0600000000000005,0.05,5.975102090994051
0,2.0600000000000005,0.06,2.8283870401058553
0,2.0600000000000005,0.07,2.069475905332549
0,2.0600000000000005,0.08,1.8551423094440094
0,2.0600000000000005,0.09,1.867537002693741
0,2.0600000000000005,0.1,2.0472282970788354
0,2.0600000000000005,0.11,2.446756246535477
0,2.0600000000000005,0.12,3.2971280219012717
0,2.0600000000000005,0.13,5.50824785633699
0,2.0600000000000005,0.14,15.164257837873487
0,2.0600000000000005,0.15,488.07211076484293
0,2.0600000000000005,0.16,32.75968535045232
0,2.0600000000000005,0.17,8.304982320263125
0,2.0600000000000005,0.18,5.101834490658654
0,2.0600000000000005,0.19,4.479529213617925
0,2.0600000000000005,0.2,4.774336775513043
0,2.0600000000000005,0.21,5.840959031343759
0,2.0600000000000005,0.22,8.20159892299556
0,2.0600000000000005,0.23,13.9621719357916
0,2.0600000000000005,0.24,34.56443776823537
0,2.0600000000000005,0.25,316.1764439158871
0,2.0600000000000005,0.26,228.42909355521587
0,2.0600000000000005,0.27,117.11887628751947
0,2.0600000000000005,0.28,324.1755018055332
0,2.0600000000000005,0.29,28.71841914431385
0,2.0600000000000005,0.3,13.315123296020825
0,2.0600000000000005,0.31,9.58268244177167
0,2.0600000000000005,0.32,8.859987941925636
0,2.0600000000000005,0.33,10.05422445583127
0,2.0600000000000005,0.34,14.278555372578884
0,2.0600000000000005,0.35000000000000003,28.37824088884898
0,2.0600000000000005,0.36,123.94553530388696
0,2.0600000000000005,0.37,2457.662954563166
0,2.0600000000000005,0.38,64.98756076191363
0,2.0600000000000005,0.39,29.743060787757955
0,2.0700000000000003,0.0,1.30536236745609
0,2.0700000000000003,0.01,1.305104504945248
0,2.0700000000000003,0.02,1.4450222910912687
0,2.0700000000000003,0.03,1.8121433346448497
0,2.0700000000000003,0.04,2.795012115465551
0,2.0700000000000003,0.05,6.764173627831075
0,2.0700000000000003,0.06,92.82416776036231
0,2.0700000000000003,0.07,25.154886043200403
0,2.0700000000000003,0.08,4.882679670377287
0,2.0700000000000003,0.09,2.62327765910551
0,2.0700000000000003,0.1,2.0235627667316973
0,2.0700000000000003,0.11,1.8631627942437217
0,2.0700000000000003,0.12,1.907160521686766
0,2.0700000000000003,0.13,2.1201323437263597
0,2.0700000000000003,0.14,2.575799788844688
0,2.0700000000000003,0.15,3.560504477334856
0,2.0700000000000003,0.16,6.251876694976214
0,2.0700000000000003,0.17,19.705920357889514
0,2.0700000000000003,0.18,7077.644440732163
0,2.0700000000000003,0.19,24.493988954071277
0,2.0700000000000003,0.2,7.608342528677158
0,2.0700000000000003,0.21,4.994906524102555
0,2.0700000000000003,0.22,4.523956194443241
0,2.0700000000000003,0.23,4.9094246864120645
0,2.0700000000000003,0.24,6.0910734215475255
0,2.0700000000000003,0.25,8.68550200850114
0,2.0700000000000003,0.26,15.139158928508097
0,2.0700000000000003,0.27,39.528968559674624
0,2.0700000000000003,0.28,491.3428852955825
0,2.0700000000000003,0.29,179.93879002039557
0,2.0700000000000003,0.3,141.57836017528828
0,2.0700000000000003,0.31,229.78111125576663
0,2.0700000000000003,0.32,27.021980242162538
0,2.0700000000000003,0.33,13.093012422561424
0,2.0700000000000003,0.34,9.599317856835397
0,2.0700000000000003,0.35000000000000003,8.974995220675176
0,2.0700000000000003,0.36,10.271191894607654
0,2.0700000000000003,0.37,14.705932666664673
0,2.0700000000000003,0.38,29.5521539299034
0,2.0700000000000003,0.39,132.85179477658716
0,2.0800000000000005,0.0,3.9003121330770405
0,2.0800000000000005,0.01,2.1272294393087403
0,2.0800000000000005,0.02,1.591027855660439
0,2.0800000000000005,0.03,1.4102012270110764
0,2.0800000000000005,0.04,1.407340810165106
0,2.0800000000000005,0.05,1.5680272725977793
0,2.0800000000000005,0.06,2.012193181915455
0,2.0800000000000005,0.07,3.293493417168667
0,2.0800000000000005,0.08,9.447093220476626
0,2.0800000000000005,0.09,696.0100740004935
0,2.0800000000000005,0.1,15.147571893897794
0,2.0800000000000005,0.11,4.161805848140777
0,2.0800000000000005,0.12,2.4744307964422263
0,2.0800000000000005,0.13,1.9954095718767513
0,2.0800000000000005,0.14,1.8803829836175598
0,2.0800000000000005,0.15,1.9541025454141057
0,2.0800000000000005,0.16,2.2017070880684853
0,2.0800000000000005,0.17,2.7198218218877988
0,2.0800000000000005,0.18,3.8622544856698635
0,2.0800000000000005,0.19,7.1635676665335
0,2.0800000000000005,0.2,26.54560256455645
0,2.0800000000000005,0.21,2483.953808362302
0,2.0800000000000005,0.22,19.401491560885678
0,2.0800000000000005,0.23,7.077154002099648
0,2.0800000000000005,0.24,4.920653654748027
0,2.0800000000000005,0.25,4.5816200507486835
0,2.0800000000000005,0.26,5.054950398349048
0,2.0800000000000005,0.27,6.355815833725377
0,2.0800000000000005,0.28,9.201222415817561
0,2.0800000000000005,0.29,16.42650754000292
0,2.0800000000000005,0.3,45.380342944692224
0,2.0800000000000005,0.31,838.309768114839
0,2.0800000000000005,0.32,149.39742547350758
0,2.0800000000000005,0.33,177.425654185209
0,2.0800000000000005,0.34,175.57182358118186
0,2.0800000000000005,0.35000000000000003,25.63899818500766
0,2.0800000000000005,0.36,12.914375841736371
0,2.0800000000000005,0.37,9.628962425356006
0,2.0800000000000005,0.38,9.094818651232021
0,2.0800000000000005,0.39,10.488280565892262
0,2.0900000000000007,0.0,8.498280061008243
0,2.0900000000000007,0.01,483.59457249413117
0,2.0900000000000007,0.02,96.8897026471347
0,2.0900000000000007,0.03,7.556790710844147
0,2.0900000000000007,0.04,3.14809975131157
0,2.0900000000000007,0.05,2.04257675713375
0,2.0900000000000007,0.06,1.6698377185122093
0,2.0900000000000007,0.07,1.5958959927324443
0,2.0900000000000007,0.08,1.751088140115016
0,2.0900000000000007,0.09,2.278688358149438
0,2.0900000000000007,0.1,3.9749984792323207
0,2.0900000000000007,0.11,14.19783589942891
0,2.0900000000000007,0.12,1487.7883773300896
0,2.0900000000000007,0.13,10.453741078988344
0,2.0900000000000007,0.14,3.668330564539869
0,2.0900000000000007,0.15,2.3687886186542237
0,2.0900000000000007,0.16,1.9831939950154738
0,2.0900000000000007,0.17,1.906871004470137
0,2.0900000000000007,0.18,2.008913365283727
0,2.0900000000000007,0.19,2.292859323595435
0,2.0900000000000007,0.2,2.8807463662475077
0,2.0900000000000007,0.21,4.209250658039301
0,2.0900000000000007,0.22,8.293904801467878
0,2.0900000000000007,0.23,37.45022681572723
0,2.0900000000000007,0.24,392.70213656166425
0,2.0900000000000007,0.25,16.038924596860383
0,2.0900000000000007,0.26,6.6675856512350675
0,2.0900000000000007,0.27,4.873427495643289
0,2.0900000000000007,0.28,4.651252849860122
0,2.0900000000000007,0.29,5.210575514384304
0,2.0900000000000007,0.3,6.635259220367284
0,2.0900000000000007,0.31,9.749838893347961
0,2.0900000000000007,0.32,17.833191635501194
0,2.0900000000000007,0.33,52.304106461723045
0,2.0900000000000007,0.34,1663.8398622057982
0,2.0900000000000007,0.35000000000000003,129.27700858529175
0,2.0900000000000007,0.36,230.82472293505577
0,2.0900000000000007,0.37,141.39629561209972
0,2.0900000000000007,0.38,24.503730882115693
0,2.0900000000000007,0.39,12.77351167052883
0,2.1000000000000005,0.0,1.1605619975145198
0,2.1000000000000005,0.01,1.6055210124041988
0,2.1000000000000005,0.02,2.8355704791784366
0,2.1000000000000005,0.03,10.055131983557866
0,2.1000000000000005,0.04,250.71471323798463
0,2.1000000000000005,0.05,10.293934579013904
0,2.1000000000000005,0.06,74.88066651924204
0,2.1000000000000005,0.07,24.371586194586996
0,2.1000000000000005,0.08,4.737819925543053
0,2.1000000000000005,0.09,2.5731289393810535
0,2.1000000000000005,0.1,2.049753668170309
0,2.1000000000000005,0.11,2.07611238504947
0,2.1000000000000005,0.12,2.6628021907846087
0,2.1000000000000005,0.13,4.9433266979194626
0,2.1000000000000005,0.14,23.750023817759235
0,2.1000000000000005,0.15,132.1091514605645
0,2.1000000000000005,0.16,7.889320151245428
0,2.1000000000000005,0.17,3.3263845640329817
0,2.1000000000000005,0.18,2.2992904616961134
0,2.1000000000000005,0.19,1.9867028203566635
0,2.1000000000000005,0.2,1.9434797118688696
0,2.1000000000000005,0.21,2.0726455322890853
0,2.1000000000000005,0.22,2.394885137386567
0,2.1000000000000005,0.23,3.060966263022948
0,2.1000000000000005,0.24,4.609982557120945
0,2.1000000000000005,0.25,9.71325474546649
0,2.1000000000000005,0.26,56.226481150840144
0,2.1000000000000005,0.27,159.37573996597206
0,2.1000000000000005,0.28,13.703304162941889
0,2.1000000000000005,0.29,6.349907335735114
0,2.1000000000000005,0.3,4.84898346986949
0,2.1000000000000005,0.31,4.731871340846291
0,2.1000000000000005,0.32,5.376039156259566
0,2.1000000000000005,0.33,6.929474723339226
0,2.1000000000000005,0.34,10.332362343814088
0,2.1000000000000005,0.35000000000000003,19.368547094314074
0,2.1000000000000005,0.36,60.530171234691245
0,2.1000000000000005,0.37,4415.520589369426
0,2.1000000000000005,0.38,115.70423176548773
0,2.1000000000000005,0.39,312.80423887598783
0,2.1100000000000003,0.0,0.7888477633000195
0,2.1100000000000003,0.01,0.8332919488270903
0,2.1100000000000003,0.02,0.9429299954760443
0,2.1100000000000003,0.03,1.1666770291973516
0,2.1100000000000003,0.04,1.6786731372578523
0,2.1100000000000003,0.05,3.3572159347447417
0,2.1100000000000003,0.06,20.101791832146734
0,2.1100000000000003,0.07,36.02210091662579
0,2.1100000000000003,0.08,4.820361622681055
0,2.1100000000000003,0.09,4.132335245397926
0,2.1100000000000003,0.1,10.407278505446548
0,2.1100000000000003,0.11,5786.106983602954
0,2.1100000000000003,0.12,12.135530796620523
0,2.1100000000000003,0.13,4.015635651267616
0,2.1100000000000003,0.14,2.913410052980189
0,2.1100000000000003,0.15,3.3240093804247186
0,2.1100000000000003,0.16,6.403817377748438
0,2.1100000000000003,0.17,47.34405720925995
0,2.1100000000000003,0.18,47.81565817523854
0,2.1100000000000003,0.19,6.362427077057753
0,2.1100000000000003,0.2,3.0972735358553067
0,2.1100000000000003,0.21,2.2644263011609183
0,2.1100000000000003,0.22,2.007936902719532
0,2.1100000000000003,0.23,1.9923415341515187
0,2.1100000000000003,0.24,2.147203568627087
0,2.1100000000000003,0.25,2.509718457315299
0,2.1100000000000003,0.26,3.2635502256257927
0,2.1100000000000003,0.27,5.075052263179906
0,2.1100000000000003,0.28,11.521575783148545
0,2.1100000000000003,0.29,92.31487090062248
0,2.1100000000000003,0.3,88.58879245885427
0,2.1100000000000003,0.31,12.018174509045773
0,2.1100000000000003,0.32,6.1034307877570075
0,2.1100000000000003,0.33,4.844130158296793
0,2.1100000000000003,0.34,4.822736573920171
0,2.1100000000000003,0.35000000000000003,5.551156799025526
0,2.1100000000000003,0.36,7.238532216148633
0,2.1100000000000003,0.37,10.949716203165623
0,2.1100000000000003,0.38,21.042180059871495
0,2.1100000000000003,0.39,70.34462208407265
0,2.1200000000000006,0.0,1.0815196764082247
0,2.1200000000000006,0.01,0.8681341406699474
0,2.1200000000000006,0.02,0.7946314773020415
0,2.1200000000000006,0.03,0.7915234857676392
0,2.1200000000000006,0.04,0.8440238370433152
0,2.1200000000000006,0.05,0.9678308118593815
0,2.1200000000000006,0.06,1.230324845712773
0,2.1200000000000006,0.07,1.8872003634247676
0,2.1200000000000006,0.08,4.498888024511775
0,2.1200000000000006,0.09,68.73164556349828
0,2.1200000000000006,0.1,14.473234022866585
0,2.1200000000000006,0.11,3.393031601426428
0,2.1200000000000006,0.12,2.3579232649049406
0,2.1200000000000006,0.13,2.6571647836544403
0,2.1200000000000006,0.14,4.658765121743711
0,2.1200000000000006,0.15,20.824291031311557
0,2.1200000000000006,0.16,146.98973661248903
0,2.1200000000000006,0.17,8.49873189820205
0,2.1200000000000006,0.18,5.150433101677276
0,2.1200000000000006,0.19,8.890261331597602
0,2.1200000000000006,0.2,134.0850698193034
0,2.1200000000000006,0.21,25.586853689675223
0,2.1200000000000006,0.22,5.438509259240748
0,2.1200000000000006,0.23,2.9704866864443784
0,2.1200000000000006,0.24,2.2706685682877876
0,2.1200000000000006,0.25,2.0529832682119946
0,2.1200000000000006,0.26,2.0580672734665777
0,2.1200000000000006,0.27,2.236114847716554
0,2.1200000000000006,0.28,2.6404429698599015
0,2.1200000000000006,0.29,3.492625592177849
0,2.1200000000000006,0.3,5.617896665570145
0,2.1200000000000006,0.31,13.864324264963647
0,2.1200000000000006,0.32,174.6071723974425
0,2.1200000000000006,0.33,57.808074923438156
0,2.1200000000000006,0.34,10.766924649884833
0,2.1200000000000006,0.35000000000000003,5.913504127239835
0,2.1200000000000006,0.36,4.856508063498822
0,2.1200000000000006,0.37,4.923339303937267
0,2.1200000000000006,0.38,5.735830574532425
0,2.1200000000000006,0.39,7.562508046286486
0,2.130000000000001,0.0,28.583718201789072
0,2.130000000000001,0.01,3.3010862911060315
0,2.130000000000001,0.02,1.5241909101171502
0,2.130000000000001,0.03,1.047155875111675
0,2.130000000000001,0.04,0.8696770289220564
0,2.130000000000001,0.05,0.8075197462266571
0,2.130000000000001,0.06,0.8110229759181631
0,2.130000000000001,0.07,0.8728466262463186
0,2.130000000000001,0.08,1.0177427390465048
0,2.130000000000001,0.09,1.3404058473759684
0,2.130000000000001,0.1,2.2325921713101864
0,2.130000000000001,0.11,6.732706798388292
0,2.130000000000001,0.12,3149.7463729809065
0,2.130000000000001,0.13,8.121476509495492
0,2.130000000000001,0.14,2.6878622472335425
0,2.130000000000001,0.15,1.8744360186119458
0,2.130000000000001,0.16,1.8025603504415701
0,2.130000000000001,0.17,2.1326516987348625
0,2.130000000000001,0.18,3.1483932207061356
0,2.130000000000001,0.19,6.931993163037238
0,2.130000000000001,0.2,62.85939433829857
0,2.130000000000001,0.21,37.60031173531939
0,2.130000000000001,0.22,15.445124082304584
0,2.130000000000001,0.23,1209.1526504193075
0,2.130000000000001,0.24,16.938379945338244
0,2.130000000000001,0.25,4.993106662982619
0,2.130000000000001,0.26,2.977959002537274
0,2.130000000000001,0.27,2.3424672702465714
0,2.130000000000001,0.28,2.1375071641932437
0,2.130000000000001,0.29,2.150858223436341
0,2.130000000000001,0.3,2.3463743801217807
0,2.130000000000001,0.31,2.792436315443189
0,2.130000000000001,0.32,3.754154923759753
0,2.130000000000001,0.33,6.255909754484434
0,2.130000000000001,0.34,16.959170839211534
0,2.130000000000001,0.35000000000000003,429.38638381341553
0,2.130000000000001,0.36,41.60715449950859
0,2.130000000000001,0.37,9.817838016712207
0,2.130000000000001,0.38,5.769696295020226
0,2.130000000000001,0.39,4.88447075753117
0,2.1400000000000006,0.0,3.205385460545531
0,2.1400000000000006,0.01,16.292272662647896
0,2.1400000000000006,0.02,140.74566579277047
0,2.1400000000000006,0.03,12.112625848772229
0,2.1400000000000006,0.04,3.0094101549962455
0,2.1400000000000006,0.05,1.5736729637467106
0,2.1400000000000006,0.06,1.107022942585735
0,2.1400000000000006,0.07,0.919019128387227
0,2.1400000000000006,0.08,0.8496554182106582
0,2.1400000000000006,0.09,0.8520412751553147
0,2.1400000000000006,0.1,0.9216529215441982
0,2.1400000000000006,0.11,1.0931856466681373
0,2.1400000000000006,0.12,1.500999263169316
0,2.1400000000000006,0.13,2.7686652845292707
0,2.1400000000000006,0.14,11.619406067761236
0,2.1400000000000006,0.15,149.02626638434919
0,2.1400000000000006,0.16,5.407555173061101
0,2.1400000000000006,0.17,2.268598053410244
0,2.1400000000000006,0.18,1.6538195314179767
0,2.1400000000000006,0.19,1.5424472314473305
0,2.1400000000000006,0.2,1.662111532211405
0,2.1400000000000006,0.21,2.015468175533565
0,2.1400000000000006,0.22,2.804703357938094
0,2.1400000000000006,0.23,4.846370655807178
0,2.1400000000000006,0.24,13.397468576663378
0,2.1400000000000006,0.25,715.2144225169328
0,2.1400000000000006,0.26,1382.727701669234
0,2.1400000000000006,0.27,14.81407167812077
0,2.1400000000000006,0.28,5.388357362661941
0,2.1400000000000006,0.29,3.293209261149002
0,2.1400000000000006,0.3,2.562976497228158
0,2.1400000000000006,0.31,2.3053290004270335
0,2.1400000000000006,0.32,2.2957891466550264
0,2.1400000000000006,0.33,2.4934348161602613
0,2.1400000000000006,0.34,2.976220786442967
0,2.1400000000000006,0.35000000000000003,4.057695355359399
0,2.1400000000000006,0.36,7.012359320406747
0,2.1400000000000006,0.37,21.14275314018286
0,2.1400000000000006,0.38,2083.4757214622546
0,2.1400000000000006,0.39,32.00559709216603
0,2.1500000000000004,0.0,0.6547045675435086
0,2.1500000000000004,0.01,0.8513999676340407
0,2.1500000000000004,0.02,1.2585718133091353
0,2.1500000000000004,0.03,2.3697236213673425
0,2.1500000000000004,0.04,8.384975068352558
0,2.1500000000000004,0.05,537.5078762198057
0,2.1500000000000004,0.06,153.44122830410953
0,2.1500000000000004,0.07,9.164870170894677
0,2.1500000000000004,0.08,2.5517840266000884
0,2.1500000000000004,0.09,1.4498107720078661
0,2.1500000000000004,0.1,1.0872196145970043
0,2.1500000000000004,0.11,0.952973859803194
0,2.1500000000000004,0.12,0.9306552709432916
0,2.1500000000000004,0.13,0.9994085313956768
0,2.1500000000000004,0.14,1.2009866796719832
0,2.1500000000000004,0.15,1.72720398505624
0,2.1500000000000004,0.16,3.616202572812407
0,2.1500000000000004,0.17,25.36477929108544
0,2.1500000000000004,0.18,32.089277194369274
0,2.1500000000000004,0.19,4.002445497832934
0,2.1500000000000004,0.2,1.9982576921789479
0,2.1500000000000004,0.21,1.5314339570502453
0,2.1500000000000004,0.22,1.4347739400449553
0,2.1500000000000004,0.23,1.5142785448018634
0,2.1500000000000004,0.24,1.7569143977045152
0,2.1500000000000004,0.25,2.261797825030055
0,2.1500000000000004,0.26,3.3852668966514132
0,2.1500000000000004,0.27,6.7092577354164
0,2.1500000000000004,0.28,29.642898250430278
0,2.1500000000000004,0.29,171.83826848634737
0,2.1500000000000004,0.3,486.51884057262487
0,2.1500000000000004,0.31,12.841436858915651
0,2.1500000000000004,0.32,5.096256955866655
0,2.1500000000000004,0.33,3.308497137686274
0,2.1500000000000004,0.34,2.7110539140403294
0,2.1500000000000004,0.35000000000000003,2.5671904275417465
0,2.1500000000000004,0.36,2.717289554858692
0,2.1500000000000004,0.37,3.215684481341297
0,2.1500000000000004,0.38,4.420961255911016
0,2.1500000000000004,0.39,7.92014106890615
0,2.1600000000000006,0.0,0.4428497802239324
0,2.1600000000000006,0.01,0.4795729217211631
0,2.1600000000000006,0.02,0.5449720444451962
0,2.1600000000000006,0.03,0.6576559916370446
0,2.1600000000000006,0.04,0.8682241320494026
0,2.1600000000000006,0.05,1.341124275941352
0,2.1600000000000006,0.06,2.8928364583443633
0,2.1600000000000006,0.07,18.453431051967637
0,2.1600000000000006,0.08,32.55168102002477
0,2.1600000000000006,0.09,4.910121836103619
0,2.1600000000000006,0.1,10.520325841731134
0,2.1600000000000006,0.11,88.57171771800837
0,2.1600000000000006,0.12,4.195359897845228
0,2.1600000000000006,0.13,1.788298115742381
0,2.1600000000000006,0.14,1.2497500138029196
0,2.1600000000000006,0.15,1.101144991621533
0,2.1600000000000006,0.16,1.1327535282137196
0,2.1600000000000006,0.17,1.3586551428434281
0,2.1600000000000006,0.18,2.0489033979122526
0,2.1600000000000006,0.19,5.03384249504287
0,2.1600000000000006,0.2,93.82669108978074
0,2.1600000000000006,0.21,14.293612172454857
0,2.1600000000000006,0.22,3.1871633429755226
0,2.1600000000000006,0.23,1.8177025569892746
0,2.1600000000000006,0.24,1.4596552154740012
0,2.1600000000000006,0.25,1.3883423258547234
0,2.1600000000000006,0.26,1.467692982934233
0,2.1600000000000006,0.27,1.6963884777122902
0,2.1600000000000006,0.28,2.178517723151354
0,2.1600000000000006,0.29,3.305785367008635
0,2.1600000000000006,0.3,7.109917398756993
0,2.1600000000000006,0.31,49.79764097267885
0,2.1600000000000006,0.32,60.02370229207735
0,2.1600000000000006,0.33,12.396047514402062
0,2.1600000000000006,0.34,45.735920668658245
0,2.1600000000000006,0.35000000000000003,68.56745953232667
0,2.1600000000000006,0.36,8.375373398563932
0,2.1600000000000006,0.37,4.232062936822011
0,2.1600000000000006,0.38,3.270141442910902
0,2.1600000000000006,0.39,3.1500334149227998
0,2.170000000000001,0.0,0.49020104787855695
0,2.170000000000001,0.01,0.44082103336032546
0,2.170000000000001,0.02,0.4327993721567044
0,2.170000000000001,0.03,0.44981214390004104
0,2.170000000000001,0.04,0.4902548526826537
0,2.170000000000001,0.05,0.562414002825146
0,2.170000000000001,0.06,0.6909705294494682
0,2.170000000000001,0.07,0.9466319124790996
0,2.170000000000001,0.08,1.5885515655318478
0,2.170000000000001,0.09,4.263690234370608
0,2.170000000000001,0.1,97.01824362608704
0,2.170000000000001,0.11,11.15484069174388
0,2.170000000000001,0.12,2.8188321592299737
0,2.170000000000001,0.13,2.2050255110375
0,2.170000000000001,0.14,3.949673596771816
0,2.170000000000001,0.15,50.07093805507018
0,2.170000000000001,0.16,13.277620959815835
0,2.170000000000001,0.17,2.7730848692479153
0,2.170000000000001,0.18,1.625771326349713
0,2.170000000000001,0.19,1.4177761333807803
0,2.170000000000001,0.2,1.6141547510563803
0,2.170000000000001,0.21,2.524905706710127
0,2.170000000000001,0.22,7.632065717269356
0,2.170000000000001,0.23,11590.632649249252
0,2.170000000000001,0.24,8.424312188889804
0,2.170000000000001,0.25,2.6815771881903676
0,2.170000000000001,0.26,1.6977973217704359
0,2.170000000000001,0.27,1.4204194234704732
0,2.170000000000001,0.28,1.3750062893241854
0,2.170000000000001,0.29,1.467274123307654
0,2.170000000000001,0.3,1.712045738470089
0,2.170000000000001,0.31,2.239803496777196
0,2.170000000000001,0.32,3.558629961173493
0,2.170000000000001,0.33,8.71088131052614
0,2.170000000000001,0.34,120.53712781798606
0,2.170000000000001,0.35000000000000003,31.93623885495571
0,2.170000000000001,0.36,7.161094823255634
0,2.170000000000001,0.37,5.673371141067215
0,2.170000000000001,0.38,10.682179812925618
0,2.170000000000001,0.39,182.80303560164995
0,2.1800000000000006,0.0,3.792160073030941
0,2.1800000000000006,0.01,0.9979169268360765
0,2.1800000000000006,0.02,0.6120193155998238
0,2.1800000000000006,0.03,0.49313942338865896
0,2.1800000000000006,0.04,0.45183763430912655
0,2.1800000000000006,0.05,0.44649407883983866
0,2.1800000000000006,0.06,0.4660356517187195
0,2.1800000000000006,0.07,0.5113171387555492
0,2.1800000000000006,0.08,0.5941698785378265
0,2.1800000000000006,0.09,0.7486754031469255
0,2.1800000000000006,0.1,1.0793066403274734
0,2.1800000000000006,0.11,2.0250431989414253
0,2.1800000000000006,0.12,7.465248138896998
0,2.1800000000000006,0.13,1153.4525488410031
0,2.1800000000000006,0.14,5.827148490343464
0,2.1800000000000006,0.15,2.0556701582583643
0,2.1800000000000006,0.16,1.447488220956394
0,2.1800000000000006,0.17,1.5039812717699206
0,2.1800000000000006,0.18,2.306822070857908
0,2.1800000000000006,0.19,7.580692794135187
0,2.1800000000000006,0.2,908.2942624111959
0,2.1800000000000006,0.21,5.914796071110191
0,2.1800000000000006,0.22,2.4399349859648023
0,2.1800000000000006,0.23,2.1536903149638933
0,2.1800000000000006,0.24,3.2916969708489283
0,2.1800000000000006,0.25,13.126987173169537
0,2.1800000000000006,0.26,150.2801694786213
0,2.1800000000000006,0.27,5.80216626154806
0,2.1800000000000006,0.28,2.361860189762
0,2.1800000000000006,0.29,1.6246663734278306
0,2.1800000000000006,0.3,1.406840827775786
0,2.1800000000000006,0.31,1.384796199877303
0,2.1800000000000006,0.32,1.495066070331509
0,2.1800000000000006,0.33,1.7698141754801362
0,2.1800000000000006,0.34,2.3773442878391258
0,2.1800000000000006,0.35000000000000003,4.001732423043687
0,2.1800000000000006,0.36,11.434362975982387
0,2.1800000000000006,0.37,604.486157669514
0,2.1800000000000006,0.38,20.382047066242393
0,2.1800000000000006,0.39,5.670709135400325
0,2.1900000000000004,0.0,4.4308901992511585
0,2.1900000000000004,0.01,773.0995767990354
0,2.1900000000000004,0.02,118.38048717777552
0,2.1900000000000004,0.03,2.443365099336685
0,2.1900000000000004,0.04,1.0120372266197428
0,2.1900000000000004,0.05,0.6628427576059046
0,2.1900000000000004,0.06,0.5339332179713522
0,2.1900000000000004,0.07,0.4840514878399465
0,2.1900000000000004,0.08,0.47433193748607555
0,2.1900000000000004,0.09,0.493589126723502
0,2.1900000000000004,0.1,0.5436955418581212
0,2.1900000000000004,0.11,0.640639271539951
0,2.1900000000000004,0.12,0.8323244284435796
0,2.1900000000000004,0.13,1.2789186187725472
0,2.1900000000000004,0.14,2.7764671586643335
0,2.1900000000000004,0.15,17.06312215134292
0,2.1900000000000004,0.16,41.27292335412959
0,2.1900000000000004,0.17,3.7165565072966893
0,2.1900000000000004,0.18,1.6457816192681145
0,2.1900000000000004,0.19,1.1825661169032815
0,2.1900000000000004,0.2,1.097423644347617
0,2.1900000000000004,0.21,1.2285247810116098
0,2.1900000000000004,0.22,1.7004676244612047
0,2.1900000000000004,0.23,3.458938334429902
0,2.1900000000000004,0.24,24.365135538811458
0,2.1900000000000004,0.25,27.073448653593122
0,2.1900000000000004,0.26,4.56364564380707
0,2.1900000000000004,0.27,4.83491205044821
0,2.1900000000000004,0.28,27.965028235287175
0,2.1900000000000004,0.29,35.69478655439679
0,2.1900000000000004,0.3,4.460174777376344
0,2.1900000000000004,0.31,2.176003441609327
0,2.1900000000000004,0.32,1.5960002137224358
0,2.1900000000000004,0.33,1.4190020027575163
0,2.1900000000000004,0.34,1.4156673071161745
0,2.1900000000000004,0.35000000000000003,1.5455572744837582
0,2.1900000000000004,0.36,1.8591254677289308
0,2.1900000000000004,0.37,2.5740865178564127
0,2.1900000000000004,0.38,4.628376415800801
0,2.1900000000000004,0.39,15.951770624887015
0,2.2000000000000006,0.0,0.38882949032682435
0,2.2000000000000006,0.01,0.5139499842249943
0,2.2000000000000006,0.02,0.7863188780116565
0,2.2000000000000006,0.03,1.6295385068877397
0,2.2000000000000006,0.04,9.818982169994618
0,2.2000000000000006,0.05,29.450797386027332
0,2.2000000000000006,0.06,10.462355308271002
0,2.2000000000000006,0.07,1.9069042741354476
0,2.2000000000000006,0.08,0.9474981934936781
0,2.2000000000000006,0.09,0.6659406652430389
0,2.2000000000000006,0.1,0.5607091570535236
0,2.2000000000000006,0.11,0.5278207899344741
0,2.2000000000000006,0.12,0.5387436693966678
0,2.2000000000000006,0.13,0.5912499014955879
0,2.2000000000000006,0.14,0.7052001274980537
0,2.2000000000000006,0.15,0.9486801049439185
0,2.2000000000000006,0.16,1.5765338265120497
0,2.2000000000000006,0.17,4.1636112967943495
0,2.2000000000000006,0.18,73.12835474355127
0,2.2000000000000006,0.19,13.242378156185977
0,2.2000000000000006,0.2,2.669100036188203
0,2.2000000000000006,0.21,1.3936430485054874
0,2.2000000000000006,0.22,1.0460476222687405
0,2.2000000000000006,0.23,0.952037508501657
0,2.2000000000000006,0.24,0.982905812365621
0,2.2000000000000006,0.25,1.1308950641060214
0,2.2000000000000006,0.26,1.4814131502998034
0,2.2000000000000006,0.27,2.405742682205049
0,2.2000000000000006,0.28,6.508066496248597
0,2.2000000000000006,0.29,544.9979599845881
0,2.2000000000000006,0.3,13.51574199394278
0,2.2000000000000006,0.31,95.11418205793923
0,2.2000000000000006,0.32,16.898475356546385
0,2.2000000000000006,0.33,3.8319832735110464
0,2.2000000000000006,0.34,2.129419745527447
0,2.2000000000000006,0.35000000000000003,1.6267340999183697
0,2.2000000000000006,0.36,1.4661054701133862
0,2.2000000000000006,0.37,1.4722242503219092
0,2.2000000000000006,0.38,1.6200128710161663
0,2.2000000000000006,0.39,1.978889614155282
0,2.210000000000001,0.0,0.2436408635170263
0,2.210000000000001,0.01,0.2691214671272089
0,2.210000000000001,0.02,0.30772643792244736
0,2.210000000000001,0.03,0.3708654964681339
0,2.210000000000001,0.04,0.4892982358889548
0,2.210000000000001,0.05,0.7753575101721586
0,2.210000000000001,0.06,2.009911778555043
0,2.210000000000001,0.07,212.0481839575903
0,2.210000000000001,0.08,3.5662667891015523
0,2.210000000000001,0.09,5.699010080296802
0,2.210000000000001,0.1,178.16790879542873
0,2.210000000000001,0.11,3.225289379183138
0,2.210000000000001,0.12,1.1967552740047585
0,2.210000000000001,0.13,0.7749572703878764
0,2.210000000000001,0.14,0.6439144462775253
0,2.210000000000001,0.15,0.6189614232453771
0,2.210000000000001,0.16,0.6637358005352292
0,2.210000000000001,0.17,0.7954756651748754
0,2.210000000000001,0.18,1.1108717441452598
0,2.210000000000001,0.19,2.0334064516128887
0,2.210000000000001,0.2,7.097371206204259
0,2.210000000000001,0.21,23493.708615899344
0,2.210000000000001,0.22,6.738851180456427
0,2.210000000000001,0.23,2.0760410771778495
0,2.210000000000001,0.24,1.2280265204574028
0,2.210000000000001,0.25,0.9643161756872838
0,2.210000000000001,0.26,0.8838298379802156
0,2.210000000000001,0.27,0.894567536518258
0,2.210000000000001,0.28,0.9790963955072961
0,2.210000000000001,0.29,1.159690370708833
0,2.210000000000001,0.3,1.5195153737158973
0,2.210000000000001,0.31,2.327763674499503
0,2.210000000000001,0.32,4.773033961306995
0,2.210000000000001,0.33,21.200036047236495
0,2.210000000000001,0.34,3256.2066650615907
0,2.210000000000001,0.35000000000000003,13.7041110551189
0,2.210000000000001,0.36,4.172219924161606
0,2.210000000000001,0.37,2.3710490063060354
0,2.210000000000001,0.38,1.7830873024649478
0,2.210000000000001,0.39,1.5803606559113015
0,2.2200000000000006,0.0,0.20796791443175397
0,2.2200000000000006,0.01,0.21398519488671847
0,2.2200000000000006,0.02,0.22555440858061385
0,2.2200000000000006,0.03,0.243114347682201
0,2.2200000000000006,0.04,0.26915401912128084
0,2.2200000000000006,0.05,0.30961540601743237
0,2.2200000000000006,0.06,0.37930620229394496
0,2.2200000000000006,0.07,0.523690444083789
0,2.2200000000000006,0.08,0.9505796579807139
0,2.2200000000000006,0.09,4.164875610603678
0,2.2200000000000006,0.1,22.897217368123673
0,2.2200000000000006,0.11,1.7287939959553489
0,2.2200000000000006,0.12,1.3171566522739804
0,2.2200000000000006,0.13,2.609879424029723
0,2.2200000000000006,0.14,36.31167942565433
0,2.2200000000000006,0.15,8.921360054796885
0,2.2200000000000006,0.16,1.7967270905850823
0,2.2200000000000006,0.17,0.9892265660812696
0,2.2200000000000006,0.18,0.7939562183415617
0,2.2200000000000006,0.19,0.7882957846969963
0,2.2200000000000006,0.2,0.9284674986414578
0,2.2200000000000006,0.21,1.343015161764164
0,2.2200000000000006,0.22,2.7739061560440486
0,2.2200000000000006,0.23,14.997731994665628
0,2.2200000000000006,0.24,63.033332809816855
0,2.2200000000000006,0.25,4.240900027517435
0,2.2200000000000006,0.26,1.7115986450450322
0,2.2200000000000006,0.27,1.1159730091603168
0,2.2200000000000006,0.28,0.9131214164338283
0,2.2200000000000006,0.29,0.849477298085001
0,2.2200000000000006,0.3,0.8597926240108332
0,2.2200000000000006,0.31,0.930763406451417
0,2.2200000000000006,0.32,1.0784109757554912
0,2.2200000000000006,0.33,1.36258104805607
0,2.2200000000000006,0.34,1.971082708139522
0,2.2200000000000006,0.35000000000000003,3.6973257746706727
0,2.2200000000000006,0.36,14.213330508262185
0,2.2200000000000006,0.37,238.36766973628679
0,2.2200000000000006,0.38,75.33348406039455
0,2.2200000000000006,0.39,18.357216117077293
0,2.2300000000000004,0.0,0.28854876247538
0,2.2300000000000004,0.01,0.22088827501179983
0,2.2300000000000004,0.02,0.2079396629127348
0,2.2300000000000004,0.03,0.20840977580808615
0,2.2300000000000004,0.04,0.21543633125292766
0,2.2300000000000004,0.05,0.2278417170927024
0,2.2300000000000004,0.06,0.2466516913017498
0,2.2300000000000004,0.07,0.2751836014719639
0,2.2300000000000004,0.08,0.3214821118646452
0,2.2300000000000004,0.09,0.40732009770116334
0,2.2300000000000004,0.1,0.6094856253638574
0,2.2300000000000004,0.11,1.3856307196851854
0,2.2300000000000004,0.12,18.954725820395247
0,2.2300000000000004,0.13,4.644841867154608
0,2.2300000000000004,0.14,1.114105327390361
0,2.2300000000000004,0.15,0.8072144376835427
0,2.2300000000000004,0.16,0.9294677767065962
0,2.2300000000000004,0.17,1.6215452776654697
0,2.2300000000000004,0.18,6.640485845801678
0,2.2300000000000004,0.19,104.97891738780821
0,2.2300000000000004,0.2,3.3153194599638
0,2.2300000000000004,0.21,1.3861679004192027
0,2.2300000000000004,0.22,1.0663885228544594
0,2.2300000000000004,0.23,1.1504246952047106
0,2.2300000000000004,0.24,1.6930405849779155
0,2.2300000000000004,0.25,4.076489933003338
0,2.2300000000000004,0.26,50.58601825626409
0,2.2300000000000004,0.27,17.469852217062943
0,2.2300000000000004,0.28,3.027813934857073
0,2.2300000000000004,0.29,1.4770722224124908
0,2.2300000000000004,0.3,1.040527678788407
0,2.2300000000000004,0.31,0.8823422324193801
0,2.2300000000000004,0.32,0.8344870359625184
0,2.2300000000000004,0.33,0.8505953329516417
0,2.2300000000000004,0.34,0.9233347374402378
0,2.2300000000000004,0.35000000000000003,1.0723877878811663
0,2.2300000000000004,0.36,1.366169138000615
0,2.2300000000000004,0.37,2.0357613115089404
0,2.2300000000000004,0.38,4.232097388261754
0,2.2300000000000004,0.39,25.874660276972605
0,2.2400000000000007,0.0,0.6737813877004285
0,2.2400000000000007,0.01,8.83236393104129
0,2.2400000000000007,0.02,0.5795568694877719
0,2.2400000000000007,0.03,0.27116454438556914
0,2.2400000000000007,0.04,0.22288953041962367
0,2.2400000000000007,0.05,0.21147604229300496
0,2.2400000000000007,0.06,0.21218640709501702
0,2.2400000000000007,0.07,0.21963196297019943
0,2.2400000000000007,0.08,0.2329974321503011
0,2.2400000000000007,0.09,0.25379393629541047
0,2.2400000000000007,0.1,0.28653127477576773
0,2.2400000000000007,0.11,0.3427074134722886
0,2.2400000000000007,0.12,0.45649807049074376
0,2.2400000000000007,0.13,0.769508188624952
0,2.2400000000000007,0.14,2.507533750398547
0,2.2400000000000007,0.15,619.117887310085
0,2.2400000000000007,0.16,2.1115720797788646
0,2.2400000000000007,0.17,0.8294145651000759
0,2.2400000000000007,0.18,0.6298448922151878
0,2.2400000000000007,0.19,0.6351790152975558
0,2.2400000000000007,0.2,0.7774010665428885
0,2.2400000000000007,0.21,1.2034280191391953
0,2.2400000000000007,0.22,2.989583671921823
0,2.2400000000000007,0.23,52.95031247393275
0,2.2400000000000007,0.24,8.9797416365024
0,2.2400000000000007,0.25,2.200227147395744
0,2.2400000000000007,0.26,1.6489904701119258
0,2.2400000000000007,0.27,2.277091905694296
0,2.2400000000000007,0.28,6.668483330279532
0,2.2400000000000007,0.29,1688.6351995383975
0,2.2400000000000007,0.3,8.441397820477352
0,2.2400000000000007,0.31,2.3602760275953822
0,2.2400000000000007,0.32,1.3254223118320787
0,2.2400000000000007,0.33,0.9930959943544388
0,2.2400000000000007,0.34,0.8676287757478421
0,2.2400000000000007,0.35000000000000003,0.83331830445477
0,2.2400000000000007,0.36,0.857302369311681
0,2.2400000000000007,0.37,0.9382045027818462
0,2.2400000000000007,0.38,1.1026855789766914
0,2.2400000000000007,0.39,1.4387168842613263
0,2.250000000000001,0.0,0.18341175944586627
0,2.250000000000001,0.01,0.19998635572540424
0,2.250000000000001,0.02,0.2496248066014343
0,2.250000000000001,0.03,0.5842077232816126
0,2.250000000000001,0.04,2.952472327300376
0,2.250000000000001,0.05,29.15281488793606
0,2.250000000000001,0.06,0.46672240484250366
0,2.250000000000001,0.07,0.2586030663729825
0,2.250000000000001,0.08,0.22605692939049546
0,2.250000000000001,0.09,0.2213298858286983
0,2.250000000000001,0.1,0.2274182073082814
0,2.250000000000001,0.11,0.24137693647304811
0,2.250000000000001,0.12,0.2647098095900685
0,2.250000000000001,0.13,0.3035060211570807
0,2.250000000000001,0.14,0.3747744689396878
0,2.250000000000001,0.15,0.5350813703544245
0,2.250000000000001,0.16,1.072051573684671
0,2.250000000000001,0.17,6.670291859757788
0,2.250000000000001,0.18,11.104975175110514
0,2.250000000000001,0.19,1.2955213285876035
0,2.250000000000001,0.2,0.6751246779448297
0,2.250000000000001,0.21,0.543420431813903
0,2.250000000000001,0.22,0.5314040414553333
0,2.250000000000001,0.23,0.5848651796822981
0,2.250000000000001,0.24,0.716857500724777
0,2.250000000000001,0.25,1.0183746018924897
0,2.250000000000001,0.26,1.9196839653518838
0,2.250000000000001,0.27,8.101144146260863
0,2.250000000000001,0.28,88.53260746534706
0,2.250000000000001,0.29,4.273181131444718
0,2.250000000000001,0.3,3.5406263596846794
0,2.250000000000001,0.31,12.971838425739284
0,2.250000000000001,0.32,127.26293055537987
0,2.250000000000001,0.33,5.2291836297843535
0,2.250000000000001,0.34,1.9780715855998596
0,2.250000000000001,0.35000000000000003,1.2357388625842938
0,2.250000000000001,0.36,0.9710107730961341
0,2.250000000000001,0.37,0.8681769486352601
0,2.250000000000001,0.38,0.8444308437074313
0,2.250000000000001,0.39,0.8766195409072914
0,2.2600000000000007,0.0,0.17862071414684846
0,2.2600000000000007,0.01,0.17733080756187244
0,2.2600000000000007,0.02,0.17952909890681834
0,2.2600000000000007,0.03,0.18737341215295877
0,2.2600000000000007,0.04,0.20940663367883947
0,2.2600000000000007,0.05,0.2986555592631941
0,2.2600000000000007,0.06,2.854704524579816
0,2.2600000000000007,0.07,0.5874763906906784
0,2.2600000000000007,0.08,0.34534571090868565
0,2.2600000000000007,0.09,1.3026647532374362
0,2.2600000000000007,0.1,0.9298271201348698
0,2.2600000000000007,0.11,0.2960511614733502
0,2.2600000000000007,0.12,0.2458501589608195
0,2.2600000000000007,0.13,0.24217133027491303
0,2.2600000000000007,0.14,0.254448529597005
0,2.2600000000000007,0.15,0.2803166503909104
0,2.2600000000000007,0.16,0.3273427748047806
0,2.2600000000000007,0.17,0.4213655273323157
0,2.2600000000000007,0.18,0.6615697380422639
0,2.2600000000000007,0.19,1.715945408027747
0,2.2600000000000007,0.2,58.82167914255651
0,2.2600000000000007,0.21,3.463210975942318
0,2.2600000000000007,0.22,0.9327150201227757
0,2.2600000000000007,0.23,0.583672023046902
0,2.2600000000000007,0.24,0.4950690961590537
0,2.2600000000000007,0.25,0.48431695881939385
0,2.2600000000000007,0.26,0.5155053016119887
0,2.2600000000000007,0.27,0.5867246079461897
0,2.2600000000000007,0.28,0.7180794238933926
0,2.2600000000000007,0.29,0.9730852026577185
0,2.2600000000000007,0.3,1.5751299524401843
0,2.2600000000000007,0.31,3.844295838753543
0,2.2600000000000007,0.32,67.85207383971677
0,2.2600000000000007,0.33,12.609752054315782
0,2.2600000000000007,0.34,35.53451929808025
0,2.2600000000000007,0.35000000000000003,26.417336654547075
0,2.2600000000000007,0.36,3.8526211358564595
0,2.2600000000000007,0.37,1.794153195148348
0,2.2600000000000007,0.38,1.2078986954489643
0,2.2600000000000007,0.39,0.9787465949968499
0,2.2700000000000005,0.0,0.2223957764789626
0,2.2700000000000005,0.01,0.20219877039082015
0,2.2700000000000005,0.02,0.19079543013299344
0,2.2700000000000005,0.03,0.18470203363586385
0,2.2700000000000005,0.04,0.1827422514457405
0,2.2700000000000005,0.05,0.18538980563020566
0,2.2700000000000005,0.06,0.1962606793176074
0,2.2700000000000005,0.07,0.2329213186794308
0,2.2700000000000005,0.08,0.47486129160379764
0,2.2700000000000005,0.09,6.913848037174238
0,2.2700000000000005,0.1,0.3374581024137701
0,2.2700000000000005,0.11,0.24928617577768072
0,2.2700000000000005,0.12,0.27255063063882484
0,2.2700000000000005,0.13,0.5482683903398561
0,2.2700000000000005,0.14,7.175564723237611
0,2.2700000000000005,0.15,0.3847162169469173
0,2.2700000000000005,0.16,0.2813667777742729
0,2.2700000000000005,0.17,0.2776426819875125
0,2.2700000000000005,0.18,0.30320822283133786
0,2.2700000000000005,0.19,0.3606722480498434
0,2.2700000000000005,0.2,0.48956061002918916
0,2.2700000000000005,0.21,0.876667300932116
0,2.2700000000000005,0.22,3.4508394956478106
0,2.2700000000000005,0.23,63.60199996135598
0,2.2700000000000005,0.24,1.8035311650886492
0,2.2700000000000005,0.25,0.7416823962352528
0,2.2700000000000005,0.26,0.5266904508744112
0,2.2700000000000005,0.27,0.46672379138851977
0,2.2700000000000005,0.28,0.46138904057430136
0,2.2700000000000005,0.29,0.48731593078597957
0,2.2700000000000005,0.3,0.5417922650163721
0,2.2700000000000005,0.31,0.6340844496327508
0,2.2700000000000005,0.32,0.7904276603611052
0,2.2700000000000005,0.33,1.0778203262319728
0,2.2700000000000005,0.34,1.6967276206467297
0,2.2700000000000005,0.35000000000000003,3.486429487967478
0,2.2700000000000005,0.36,14.214890877158023
0,2.2700000000000005,0.37,352.02496260562026
0,2.2700000000000005,0.38,14.491289022367951
0,2.2700000000000005,0.39,3.663406503340969
0,2.2800000000000007,0.0,3.056884520283156
0,2.2800000000000007,0.01,0.6433241877075435
0,2.2800000000000007,0.02,0.3553728555619908
0,2.2800000000000007,0.03,0.26539833634429083
0,2.2800000000000007,0.04,0.22597203276027242
0,2.2800000000000007,0.05,0.20591954991046918
0,2.2800000000000007,0.06,0.19561967112904052
0,2.2800000000000007,0.07,0.1918978228146484
0,2.2800000000000007,0.08,0.19507898426823767
0,2.2800000000000007,0.09,0.2117625781774476
0,2.2800000000000007,0.1,0.2847096275968748
0,2.2800000000000007,0.11,1.6330718913014302
0,2.2800000000000007,0.12,0.7251917768555872
0,2.2800000000000007,0.13,0.2658991451113745
0,2.2800000000000007,0.14,0.22563094160899894
0,2.2800000000000007,0.15,0.2269041415764669
0,2.2800000000000007,0.16,0.25512672287040744
0,2.2800000000000007,0.17,0.38298264920927794
0,2.2800000000000007,0.18,6.8987865017154855
0,2.2800000000000007,0.19,0.6189010070096018
0,2.2800000000000007,0.2,0.3435737380344214
0,2.2800000000000007,0.21,0.34265044918575177
0,2.2800000000000007,0.22,0.4093667556328124
0,2.2800000000000007,0.23,0.5929995578713142
0,2.2800000000000007,0.24,1.2800485702313673
0,2.2800000000000007,0.25,11.257704404399098
0,2.2800000000000007,0.26,7.394438330157072
0,2.2800000000000007,0.27,1.1841753861418347
0,2.2800000000000007,0.28,0.6307087563065303
0,2.2800000000000007,0.29,0.4905360137912751
0,2.2800000000000007,0.3,0.4505395761808914
0,2.2800000000000007,0.31,0.4513581299366704
0,2.2800000000000007,0.32,0.4778776267574279
0,2.2800000000000007,0.33,0.5290332056026661
0,2.2800000000000007,0.34,0.6130600947870352
0,2.2800000000000007,0.35000000000000003,0.752015114869051
0,2.2800000000000007,0.36,1.000930103905402
0,2.2800000000000007,0.37,1.5208669469385463
0,2.2800000000000007,0.38,2.9708998540244274
0,2.2800000000000007,0.39,11.230849437515747
0,2.290000000000001,0.0,0.7775191264141633
0,2.290000000000001,0.01,124.0240856825482
0,2.290000000000001,0.02,0.9264874388011962
0,2.290000000000001,0.03,3.5558081800562262
0,2.290000000000001,0.04,8.835731464827408
0,2.290000000000001,0.05,0.8517772297654673
0,2.290000000000001,0.06,0.40165439215558446
0,2.290000000000001,0.07,0.2839179581804857
0,2.290000000000001,0.08,0.23707658231177967
0,2.290000000000001,0.09,0.21552906385178333
0,2.290000000000001,0.1,0.20714489428990668
0,2.290000000000001,0.11,0.21055202031133433
0,2.290000000000001,0.12,0.2388101614303332
0,2.290000000000001,0.13,0.42464967407903215
0,2.290000000000001,0.14,52.02961641880494
0,2.290000000000001,0.15,0.373327761102377
0,2.290000000000001,0.16,0.23858543413537675
0,2.290000000000001,0.17,0.2178293711949231
0,2.290000000000001,0.18,0.21812020349736144
0,2.290000000000001,0.19,0.22955025121249387
0,2.290000000000001,0.2,0.256657932559034
0,2.290000000000001,0.21,0.3351520710223386
0,2.290000000000001,0.22,1.0385755960494514
0,2.290000000000001,0.23,1.698826285883552
0,2.290000000000001,0.24,0.4665392598078842
0,2.290000000000001,0.25,0.49223278737897924
0,2.290000000000001,0.26,0.7605629638145709
0,2.290000000000001,0.27,2.167717534572631
0,2.290000000000001,0.28,369.3641207675409
0,2.290000000000001,0.29,2.9036728366575915
0,2.290000000000001,0.3,0.8890518551742217
0,2.290000000000001,0.31,0.5626580226918833
0,2.290000000000001,0.32,0.468033017479447
0,2.290000000000001,0.33,0.4426036287253876
0,2.290000000000001,0.34,0.4494520261941126
0,2.290000000000001,0.35000000000000003,0.47907058631315236
0,2.290000000000001,0.36,0.5325021803068704
0,2.290000000000001,0.37,0.6196343318880243
0,2.290000000000001,0.38,0.7658868541792433
0,2.290000000000001,0.39,1.0377262916039383
0,2.3000000000000007,0.0,0.23979347840630288
0,2.3000000000000007,0.01,0.26407692205708855
0,2.3000000000000007,0.02,0.36655423295972805
0,2.3000000000000007,0.03,3.350156748883984
0,2.3000000000000007,0.04,0.7552027022140495
0,2.3000000000000007,0.05,3.4142099563533
0,2.3000000000000007,0.06,0.8252066199905372
0,2.3000000000000007,0.07,1.8809683755468967
0,2.3000000000000007,0.08,120.9260703548985
0,2.3000000000000007,0.09,1.28107898670046
0,2.3000000000000007,0.1,0.4802977348316761
0,2.3000000000000007,0.11,0.3144343312737978
0,2.3000000000000007,0.12,0.2561369756484187
0,2.3000000000000007,0.13,0.23416897544197007
0,2.3000000000000007,0.14,0.23613748472737453
0,2.3000000000000007,0.15,0.2906772232104461
0,2.3000000000000007,0.16,1.0828425093559075
0,2.3000000000000007,0.17,1.0471174634047866
0,2.3000000000000007,0.18,0.28663719389267617
0,2.3000000000000007,0.19,0.22825053191065128
0,2.3000000000000007,0.2,0.21689184578888832
0,2.3000000000000007,0.21,0.21831306327120928
0,2.3000000000000007,0.22,0.2269871046105206
0,2.3000000000000007,0.23,0.24328783898301512
0,2.3000000000000007,0.24,0.27249263748093644
0,2.3000000000000007,0.25,0.33589098919062454
0,2.3000000000000007,0.26,0.598748444668576
0,2.3000000000000007,0.27,153.92974376683563
0,2.3000000000000007,0.28,0.7793008647418737
0,2.3000000000000007,0.29,1.0701877724336029
0,2.3000000000000007,0.3,4.764671412378934
0,2.3000000000000007,0.31,27.989339167640342
0,2.3000000000000007,0.32,1.6605073447497252
0,2.3000000000000007,0.33,0.7289046512051286
0,2.3000000000000007,0.34,0.5203668446384275
0,2.3000000000000007,0.35000000000000003,0.4552406535586005
0,2.3000000000000007,0.36,0.4408391393602386
0,2.3000000000000007,0.37,0.45341748349998884
0,2.3000000000000007,0.38,0.4874720544717053
0,2.3000000000000007,0.39,0.5462724505276787
0,2.3100000000000005,0.0,0.23931138322584822
0,2.3100000000000005,0.01,0.23377541124442178
0,2.3100000000000005,0.02,0.2333345649496243
0,2.3100000000000005,0.03,0.24271861144260462
0,2.3100000000000005,0.04,0.2837794656647305
0,2.3100000000000005,0.05,0.5997404343475305
0,2.3100000000000005,0.06,3.8319388182626275
0,2.3100000000000005,0.07,0.39064205019344356
0,2.3100000000000005,0.08,0.364005386171762
0,2.3100000000000005,0.09,0.9906144302438882
0,2.3100000000000005,0.1,1.1234066436279302
0,2.3100000000000005,0.11,1.2453503593468642
0,2.3100000000000005,0.12,43.9517798497966
0,2.3100000000000005,0.13,2.2770717061318124
0,2.3100000000000005,0.14,0.6084636400815085
0,2.3100000000000005,0.15,0.3614024053406537
0,2.3100000000000005,0.16,0.28945288657253143
0,2.3100000000000005,0.17,0.28232092077226423
0,2.3100000000000005,0.18,0.41178870174990134
0,2.3100000000000005,0.19,70.92089902326222
0,2.3100000000000005,0.2,0.45067141756985835
0,2.3100000000000005,0.21,0.2579235901306535
0,2.3100000000000005,0.22,0.22679468666164532
0,2.3100000000000005,0.23,0.22028110074918594
0,2.3100000000000005,0.24,0.22280136416544058
0,2.3100000000000005,0.25,0.2312462564439941
0,2.3100000000000005,0.26,0.24580093105203668
0,2.3100000000000005,0.27,0.26899258626432004
0,2.3100000000000005,0.28,0.307585762219932
0,2.3100000000000005,0.29,0.3812435526612909
0,2.3100000000000005,0.3,0.5773340178686841
0,2.3100000000000005,0.31,2.9805257580954603
0,2.3100000000000005,0.32,2.1920140990109593
0,2.3100000000000005,0.33,19.423527004129074
0,2.3100000000000005,0.34,5.840545627762075
0,2.3100000000000005,0.35000000000000003,1.1557849654708972
0,2.3100000000000005,0.36,0.637502186612976
0,2.3100000000000005,0.37,0.4955918846713273
0,2.3100000000000005,0.38,0.45013629569491703
0,2.3100000000000005,0.39,0.44422228236972694
0,2.3200000000000007,0.0,0.29100407130205075
0,2.3200000000000007,0.01,0.26867593379264987
0,2.3200000000000007,0.02,0.2531845163885623
0,2.3200000000000007,0.03,0.24268405217176042
0,2.3200000000000007,0.04,0.23700722241396727
0,2.3200000000000007,0.05,0.23823205944830803
0,2.3200000000000007,0.06,0.25582759809202865
0,2.3200000000000007,0.07,0.3518084598462514
0,2.3200000000000007,0.08,3.8636472703672573
0,2.3200000000000007,0.09,0.605907108683824
0,2.3200000000000007,0.1,0.2933965628420592
0,2.3200000000000007,0.11,0.27079958852558655
0,2.3200000000000007,0.12,0.3111713337049153
0,2.3200000000000007,0.13,0.5874148814352623
0,2.3200000000000007,0.14,3.741262587589989
0,2.3200000000000007,0.15,0.9641655336990825
0,2.3200000000000007,0.16,6.90550268739635
0,2.3200000000000007,0.17,5.43658306011839
0,2.3200000000000007,0.18,0.8286991795360193
0,2.3200000000000007,0.19,0.4399476019731065
0,2.3200000000000007,0.2,0.37997300517666716
0,2.3200000000000007,0.21,0.8404804763122251
0,2.3200000000000007,0.22,1.8131874076128693
0,2.3200000000000007,0.23,0.3357225165542027
0,2.3200000000000007,0.24,0.251821919001948
0,2.3200000000000007,0.25,0.23171443524640303
0,2.3200000000000007,0.26,0.22737802134618626
0,2.3200000000000007,0.27,0.2305116403158207
0,2.3200000000000007,0.28,0.2392949133407606
0,2.3200000000000007,0.29,0.2542102805930157
0,2.3200000000000007,0.3,0.2777388251877781
0,2.3200000000000007,0.31,0.3159098182145602
0,2.3200000000000007,0.32,0.3837452148009185
0,2.3200000000000007,0.33,0.5259181658699398
0,2.3200000000000007,0.34,0.9278783397404546
0,2.3200000000000007,0.35000000000000003,3.209525554024929
0,2.3200000000000007,0.36,23222.95797603681
0,2.3200000000000007,0.37,2.805242939766067
0,2.3200000000000007,0.38,0.933896165188237
0,2.3200000000000007,0.39,0.5920001346908254
0,2.330000000000001,0.0,0.6726664636636985
0,2.330000000000001,0.01,0.45570373978597634
0,2.330000000000001,0.02,0.3633038343726677
0,2.330000000000001,0.03,0.31358848152284535
0,2.330000000000001,0.04,0.28307890395982693
0,2.330000000000001,0.05,0.26313595816686763
0,2.330000000000001,0.06,0.2504098816415402
0,2.330000000000001,0.07,0.24451078922178401
0,2.330000000000001,0.08,0.24935966693945671
0,2.330000000000001,0.09,0.287208465974153
0,2.330000000000001,0.1,0.6202640624579066
0,2.330000000000001,0.11,3.652707011578685
0,2.330000000000001,0.12,0.35009833346887737
0,2.330000000000001,0.13,0.25375358645398527
0,2.330000000000001,0.14,0.23899926675916022
0,2.330000000000001,0.15,0.2484874369022584
0,2.330000000000001,0.16,0.2873942062824867
0,2.330000000000001,0.17,0.4462624393524926
0,2.330000000000001,0.18,70.21578795169452
0,2.330000000000001,0.19,0.8728291373530188
0,2.330000000000001,0.2,2.874886004410872
0,2.330000000000001,0.21,28.020909778710347
0,2.330000000000001,0.22,1.2547102819594274
0,2.330000000000001,0.23,0.6594344139740597
0,2.330000000000001,0.24,7.015824365408497
0,2.330000000000001,0.25,0.624030354483193
0,2.330000000000001,0.26,0.3144542873811016
0,2.330000000000001,0.27,0.26069642976124285
0,2.330000000000001,0.28,0.2431988306488792
0,2.330000000000001,0.29,0.23866882578925575
0,2.330000000000001,0.3,0.24156670995619078
0,2.330000000000001,0.31,0.2506059809068803
0,2.330000000000001,0.32,0.2665692496769121
0,2.330000000000001,0.33,0.2925025489943908
0,2.330000000000001,0.34,0.3359049276436703
0,2.330000000000001,0.35000000000000003,0.4163291684130751
0,2.330000000000001,0.36,0.5966760286819847
0,2.330000000000001,0.37,1.1814024965172643
0,2.330000000000001,0.38,6.414335468863922
0,2.330000000000001,0.39,18.57034249996339
0,2.3400000000000007,0.0,1.6379610171295789
0,2.3400000000000007,0.01,8.08154530670084
0,2.3400000000000007,0.02,17.110381709153483
0,2.3400000000000007,0.03,1.5800586456516426
0,2.3400000000000007,0.04,0.6969413081630955
0,2.3400000000000007,0.05,0.4618797701893346
0,2.3400000000000007,0.06,0.3635638228887243
0,2.3400000000000007,0.07,0.3121698607226452
0,2.3400000000000007,0.08,0.28211346949802224
0,2.3400000000000007,0.09,0.26461321874825133
0,2.3400000000000007,0.1,0.2581025999662073
0,2.3400000000000007,0.11,0.27063833650755337
0,2.3400000000000007,0.12,0.36666240828379376
0,2.3400000000000007,0.13,4.218485267306297
0,2.3400000000000007,0.14,0.6106781559558135
0,2.3400000000000007,0.15,0.27936133213646314
0,2.3400000000000007,0.16,0.23506267014114168
0,2.3400000000000007,0.17,0.22455262601808917
0,2.3400000000000007,0.18,0.22673931252834664
0,2.3400000000000007,0.19,0.2403703526897168
0,2.3400000000000007,0.2,0.27470462551593067
0,2.3400000000000007,0.21,0.38102170130483953
0,2.3400000000000007,0.22,2.0446313674487855
0,2.3400000000000007,0.23,1.003798406829415
0,2.3400000000000007,0.24,1.7018588357346172
0,2.3400000000000007,0.25,397.24839870359904
0,2.3400000000000007,0.26,2.4840937127089666
0,2.3400000000000007,0.27,4.638695316127147
0,2.3400000000000007,0.28,0.5360387643935703
0,2.3400000000000007,0.29,0.3469745885829207
0,2.3400000000000007,0.3,0.2880908285333361
0,2.3400000000000007,0.31,0.26432271561927406
0,2.3400000000000007,0.32,0.2560116464174465
0,2.3400000000000007,0.33,0.25702470759310914
0,2.3400000000000007,0.34,0.26567259173789703
0,2.3400000000000007,0.35000000000000003,0.2828163725079287
0,2.3400000000000007,0.36,0.3123293282524058
0,2.3400000000000007,0.37,0.36436972845418725
0,2.3400000000000007,0.38,0.4675328222261573
0,2.3400000000000007,0.39,0.7258102741242999
0,2.3500000000000005,0.0,0.4141894924868964
0,2.3500000000000005,0.01,0.4554987584434762
0,2.3500000000000005,0.02,0.6202911160546177
0,2.3500000000000005,0.03,31.971919247449144
0,2.3500000000000005,0.04,1.2700729910427968
0,2.3500000000000005,0.05,4.399660408665193
0,2.3500000000000005,0.06,60.17760561149079
0,2.3500000000000005,0.07,2.0391336625837284
0,2.3500000000000005,0.08,0.7775609144107265
0,2.3500000000000005,0.09,0.4866909121393823
0,2.3500000000000005,0.1,0.3735986948367726
0,2.3500000000000005,0.11,0.31828651843016376
0,2.3500000000000005,0.12,0.28981435495343155
0,2.3500000000000005,0.13,0.2815843638735887
0,2.3500000000000005,0.14,0.3123348877205751
0,2.3500000000000005,0.15,0.654486114925477
0,2.3500000000000005,0.16,3.7788749800606003
0,2.3500000000000005,0.17,0.35956871084521885
0,2.3500000000000005,0.18,0.2522334742535747
0,2.3500000000000005,0.19,0.22652798099030752
0,2.3500000000000005,0.2,0.21821994051406046
0,2.3500000000000005,0.21,0.21776739508684392
0,2.3500000000000005,0.22,0.2237828066399182
0,2.3500000000000005,0.23,0.23839919211978244
0,2.3500000000000005,0.24,0.26953844067503385
0,2.3500000000000005,0.25,0.3494907570253556
0,2.3500000000000005,0.26,0.8546762540757278
0,2.3500000000000005,0.27,1.9838039489560524
0,2.3500000000000005,0.28,1.3275544035254736
0,2.3500000000000005,0.29,14.978293094918111
0,2.3500000000000005,0.3,5.089946277050352
0,2.3500000000000005,0.31,0.9396441685023125
0,2.3500000000000005,0.32,0.48681730154260117
0,2.3500000000000005,0.33,0.35580010367015147
0,2.3500000000000005,0.34,0.3047414760721945
0,2.3500000000000005,0.35000000000000003,0.2842132069328236
0,2.3500000000000005,0.36,0.2795020366536648
0,2.3500000000000005,0.37,0.2860144553391358
0,2.3500000000000005,0.38,0.30388351603828284
0,2.3500000000000005,0.39,0.3378718095986883
0,2.3600000000000008,0.0,0.40326800740041296
0,2.3600000000000008,0.01,0.3915857907466449
0,2.3600000000000008,0.02,0.3874461122330551
0,2.3600000000000008,0.03,0.39749796404257604
0,2.3600000000000008,0.04,0.45300904138651965
0,2.3600000000000008,0.05,1.0899130409997149
0,2.3600000000000008,0.06,1.2134747953300027
0,2.3600000000000008,0.07,0.6461569024980328
0,2.3600000000000008,0.08,0.9693377726385085
0,2.3600000000000008,0.09,3.1065794399822777
0,2.3600000000000008,0.1,3839.394906408794
0,2.3600000000000008,0.11,2.834963983128012
0,2.3600000000000008,0.12,0.9004049836293673
0,2.3600000000000008,0.13,0.5266536309819363
0,2.3600000000000008,0.14,0.3937987250270869
0,2.3600000000000008,0.15,0.33654033057935495
0,2.3600000000000008,0.16,0.32333220552328823
0,2.3600000000000008,0.17,0.4074076151621349
0,2.3600000000000008,0.18,4.290071632787195
0,2.3600000000000008,0.19,0.6498417143003424
0,2.3600000000000008,0.2,0.29438894588950226
0,2.3600000000000008,0.21,0.24205944696799853
0,2.3600000000000008,0.22,0.22417877192900898
0,2.3600000000000008,0.23,0.21685791277994199
0,2.3600000000000008,0.24,0.21510105716391778
0,2.3600000000000008,0.25,0.21786754286687915
0,2.3600000000000008,0.26,0.22585766191520262
0,2.3600000000000008,0.27,0.24176189333937542
0,2.3600000000000008,0.28,0.2729357735420139
0,2.3600000000000008,0.29,0.34436620826673797
0,2.3600000000000008,0.3,0.6252961804668921
0,2.3600000000000008,0.31,37.537786766474326
0,2.3600000000000008,0.32,26.65968546523788
0,2.3600000000000008,0.33,4.308008127773232
0,2.3600000000000008,0.34,18.123170917045226
0,2.3600000000000008,0.35000000000000003,1.2866261532931136
0,2.3600000000000008,0.36,0.5706457499887085
0,2.3600000000000008,0.37,0.3980035338410154
0,2.3600000000000008,0.38,0.3368447588951004
0,2.3600000000000008,0.39,0.3154596058109357
0,2.370000000000001,0.0,0.4555173448609374
0,2.370000000000001,0.01,0.42969220060702173
0,2.370000000000001,0.02,0.4087611525850482
0,2.370000000000001,0.03,0.3924907225923312
0,2.370000000000001,0.04,0.38168724061310993
0,2.370000000000001,0.05,0.37959433967648143
0,2.370000000000001,0.06,0.39975580869012384
0,2.370000000000001,0.07,0.5550963196662352
0,2.370000000000001,0.08,80.10128658921239
0,2.370000000000001,0.09,0.5449068427231895
0,2.370000000000001,0.1,0.4648241368088922
0,2.370000000000001,0.11,0.5498048049025293
0,2.370000000000001,0.12,0.8553431042271986
0,2.370000000000001,0.13,2.346841098916578
0,2.370000000000001,0.14,113.17979818281897
0,2.370000000000001,0.15,4.300797367627857
0,2.370000000000001,0.16,1.0801354372580267
0,2.370000000000001,0.17,0.5866303613902765
0,2.370000000000001,0.18,0.43382227791285516
0,2.370000000000001,0.19,0.40430380621625467
0,2.370000000000001,0.2,0.7208798151087403
0,2.370000000000001,0.21,4.231748515886543
0,2.370000000000001,0.22,0.3966221322586766
0,2.370000000000001,0.23,0.2748673676458076
0,2.370000000000001,0.24,0.24135427462911885
0,2.370000000000001,0.25,0.2265635134607126
0,2.370000000000001,0.26,0.21930522316876608
0,2.370000000000001,0.27,0.2165698540199485
0,2.370000000000001,0.28,0.2175756903721205
0,2.370000000000001,0.29,0.2226598941046367
0,2.370000000000001,0.3,0.23339936522693924
0,2.370000000000001,0.31,0.25397833802854214
0,2.370000000000001,0.32,0.29691981748433705
0,2.370000000000001,0.33,0.4189385577546045
0,2.370000000000001,0.34,1.562741496823619
0,2.370000000000001,0.35000000000000003,5.716498118170553
0,2.370000000000001,0.36,1.1470513456565197
0,2.370000000000001,0.37,2.1987527926767023
0,2.370000000000001,0.38,828490.6652308838
0,2.370000000000001,0.39,2.147600750988336
0,2.380000000000001,0.0,0.5797607796961123
0,2.380000000000001,0.01,0.5146234372010946
0,2.380000000000001,0.02,0.4744531212704984
0,2.380000000000001,0.03,0.443931923859247
0,2.380000000000001,0.04,0.41942018377374424
0,2.380000000000001,0.05,0.3997027598568741
0,2.380000000000001,0.06,0.38475703821649015
0,2.380000000000001,0.07,0.3761643369917288
0,2.380000000000001,0.08,0.38056223417140866
0,2.380000000000001,0.09,0.43639309775144497
0,2.380000000000001,0.1,1.5692876023162554
0,2.380000000000001,0.11,0.8523748998659777
0,2.380000000000001,0.12,0.4137901771536632
0,2.380000000000001,0.13,0.3871828432348515
0,2.380000000000001,0.14,0.4171593126272538
0,2.380000000000001,0.15,0.5103694394523017
0,2.380000000000001,0.16,0.7730502489945549
0,2.380000000000001,0.17,1.859282442435157
0,2.380000000000001,0.18,24.518409398494672
0,2.380000000000001,0.19,7.400349019964463
0,2.380000000000001,0.2,1.3500703009988992
0,2.380000000000001,0.21,0.6884542541354794
0,2.380000000000001,0.22,0.5893238545240497
0,2.380000000000001,0.23,4.140125687549146
0,2.380000000000001,0.24,0.7506467717918047
0,2.380000000000001,0.25,0.3444241819445909
0,2.380000000000001,0.26,0.27602886368317275
0,2.380000000000001,0.27,0.24824399115185294
0,2.380000000000001,0.28,0.23355206503824308
0,2.380000000000001,0.29,0.2253718125675525
0,2.380000000000001,0.3,0.2214883668705311
0,2.380000000000001,0.31,0.22121747906762393
0,2.380000000000001,0.32,0.22481816555121345
0,2.380000000000001,0.33,0.23377765901854147
0,2.380000000000001,0.34,0.25261073756208796
0,2.380000000000001,0.35000000000000003,0.29807898556156853
0,2.380000000000001,0.36,0.4898118314125183
0,2.380000000000001,0.37,81.08267871241227
0,2.380000000000001,0.38,0.6916494948160421
0,2.380000000000001,0.39,1.2710400421569077
0,2.3900000000000006,0.0,0.8897408729049944
0,2.3900000000000006,0.01,0.7455668745445743
0,2.3900000000000006,0.02,0.7411730575541979
0,2.3900000000000006,0.03,1.125476611528541
0,2.3900000000000006,0.04,0.5271766892568952
0,2.3900000000000006,0.05,0.46916856197697787
0,2.3900000000000006,0.06,0.4363656178137458
0,2.3900000000000006,0.07,0.4120535957069897
0,2.3900000000000006,0.08,0.3933092815158752
0,2.3900000000000006,0.09,0.3801601748576509
0,2.3900000000000006,0.1,0.3758470428325346
0,2.3900000000000006,0.11,0.3966586786755456
0,2.3900000000000006,0.12,0.6070974371028239
0,2.3900000000000006,0.13,7.666874099045236
0,2.3900000000000006,0.14,0.4628840863635784
0,2.3900000000000006,0.15,0.3610514497581128
0,2.3900000000000006,0.16,0.3467018571054342
0,2.3900000000000006,0.17,0.35793262092744427
0,2.3900000000000006,0.18,0.39537136952179774
0,2.3900000000000006,0.19,0.4832572071706325
0,2.3900000000000006,0.2,0.7094121581622882
0,2.3900000000000006,0.21,1.529533403989459
0,2.3900000000000006,0.22,10.682384090442918
0,2.3900000000000006,0.23,15.763973051509973
0,2.3900000000000006,0.24,1.79979039525387
0,2.3900000000000006,0.25,1.171383242741163
0,2.3900000000000006,0.26,5.291174190886032
0,2.3900000000000006,0.27,0.5286765827666868
0,2.3900000000000006,0.28,0.35376823598267404
0,2.3900000000000006,0.29,0.2941744731122199
0,2.3900000000000006,0.3,0.2638294824289561
0,2.3900000000000006,0.31,0.2461648688817408
0,2.3900000000000006,0.32,0.23563733384406424
0,2.3900000000000006,0.33,0.2299797142448777
0,2.3900000000000006,0.34,0.22837425578022005
0,2.3900000000000006,0.35000000000000003,0.23107115574539192
0,2.3900000000000006,0.36,0.23996762910990815
0,2.3900000000000006,0.37,0.2618752413651091
0,2.3900000000000006,0.38,0.32969184192663026
0,2.3900000000000006,0.39,0.8942416566281407
0,2.400000000000001,0.0,2.0887072672350744
0,2.400000000000001,0.01,1.0866090541702274
0,2.400000000000001,0.02,0.9433624478489033
0,2.400000000000001,0.03,95.38736222068817
0,2.400000000000001,0.04,0.7906361651042941
0,2.400000000000001,0.05,0.6087286219135444
0,2.400000000000001,0.06,0.6463042895672947
0,2.400000000000001,0.07,1.6746617122830874
0,2.400000000000001,0.08,0.494268856362891
0,2.400000000000001,0.09,0.43666525774258014
0,2.400000000000001,0.1,0.4087139250981886
0,2.400000000000001,0.11,0.3901121454288841
0,2.400000000000001,0.12,0.3794462080992432
0,2.400000000000001,0.13,0.3837607054787742
0,2.400000000000001,0.14,0.453485021972206
0,2.400000000000001,0.15,2.806283449688964
0,2.400000000000001,0.16,0.7026551207018736
0,2.400000000000001,0.17,0.3764320018168746
0,2.400000000000001,0.18,0.3334800722152952
0,2.400000000000001,0.19,0.3230972903376053
0,2.400000000000001,0.2,0.3264698420384661
0,2.400000000000001,0.21,0.3433620113200374
0,2.400000000000001,0.22,0.38161493567789045
0,2.400000000000001,0.23,0.4638364701075318
0,2.400000000000001,0.24,0.6618447278409444
0,2.400000000000001,0.25,1.3038960962634085
0,2.400000000000001,0.26,6.107337409394755
0,2.400000000000001,0.27,53.77275021891053
0,2.400000000000001,0.28,5.688630608354911
0,2.400000000000001,0.29,1.3759850855518416
0,2.400000000000001,0.3,0.6066319744272127
0,2.400000000000001,0.31,0.41877255722806705
0,2.400000000000001,0.32,0.33654807835497014
0,2.400000000000001,0.33,0.2927518321519409
0,2.400000000000001,0.34,0.26712763310918813
0,2.400000000000001,0.35000000000000003,0.2516923132376529
0,2.400000000000001,0.36,0.24292126239167064
0,2.400000000000001,0.37,0.2394071158638701
0,2.400000000000001,0.38,0.24132916235701207
0,2.400000000000001,0.39,0.25149157805990613
0,2.410000000000001,0.0,2.300134761884078
0,2.410000000000001,0.01,67.2648426773129
0,2.410000000000001,0.02,3.6491678045905847
0,2.410000000000001,0.03,1.2722075719838066
0,2.410000000000001,0.04,0.8851194652600964
0,2.410000000000001,0.05,0.7621219148153638
0,2.410000000000001,0.06,0.7806647460200623
0,2.410000000000001,0.07,12.605299632210894
0,2.410000000000001,0.08,0.760824890734572
0,2.410000000000001,0.09,0.5576640185832875
0,2.410000000000001,0.1,0.5807379424678086
0,2.410000000000001,0.11,3.9642743372896523
0,2.410000000000001,0.12,0.47532916000676834
0,2.410000000000001,0.13,0.4143569880260396
0,2.410000000000001,0.14,0.3918765020497341
0,2.410000000000001,0.15,0.3846627181671586
0,2.410000000000001,0.16,0.409216233432546
0,2.410000000000001,0.17,0.7077441863788952
0,2.410000000000001,0.18,3.1465103267634014
0,2.410000000000001,0.19,0.435545909827983
0,2.410000000000001,0.2,0.3418154078754497
0,2.410000000000001,0.21,0.31722249877058556
0,2.410000000000001,0.22,0.30848558711101093
0,2.410000000000001,0.23,0.30815795211368463
0,2.410000000000001,0.24,0.31598723320925354
0,2.410000000000001,0.25,0.3352171742418865
0,2.410000000000001,0.26,0.37420489258883466
0,2.410000000000001,0.27,0.4539689303791831
0,2.410000000000001,0.28,0.6373679440938669
0,2.410000000000001,0.29,1.1868073867614017
0,2.410000000000001,0.3,4.394492840381701
0,2.410000000000001,0.31,2008.031104784643
0,2.410000000000001,0.32,3.6186333873976535
0,2.410000000000001,0.33,1.1015589066447693
0,2.410000000000001,0.34,0.6075801430737072
0,2.410000000000001,0.35000000000000003,0.43031103245249697
0,2.410000000000001,0.36,0.34740187218044283
0,2.410000000000001,0.37,0.30274704028119126
0,2.410000000000001,0.38,0.2770067918487601
0,2.410000000000001,0.39,0.2623186163447766
0,2.420000000000001,0.0,1.2871747396735842
0,2.420000000000001,0.01,1.308270641196236
0,2.420000000000001,0.02,1.7500909868190575
0,2.420000000000001,0.03,7.803296550084156
0,2.420000000000001,0.04,10.374979254376607
0,2.420000000000001,0.05,1.6511600815174265
0,2.420000000000001,0.06,0.9841235342638768
0,2.420000000000001,0.07,0.7809868213871565
0,2.420000000000001,0.08,1.2017240077403792
0,2.420000000000001,0.09,0.6347839880415573
0,2.420000000000001,0.1,0.6733968801102658
0,2.420000000000001,0.11,4.909470237546346
0,2.420000000000001,0.12,0.7774197219253487
0,2.420000000000001,0.13,0.5242407718867732
0,2.420000000000001,0.14,0.5329448378911986
0,2.420000000000001,0.15,44.3387546396812
0,2.420000000000001,0.16,0.4708479765777211
0,2.420000000000001,0.17,0.4054847198718494
0,2.420000000000001,0.18,0.40139867722037015
0,2.420000000000001,0.19,0.48808407838417106
0,2.420000000000001,0.2,6.553046427280414
0,2.420000000000001,0.21,0.626021572879183
0,2.420000000000001,0.22,0.3683368067481857
0,2.420000000000001,0.23,0.3242368849348952
0,2.420000000000001,0.24,0.30717983094491247
0,2.420000000000001,0.25,0.2992943171068954
0,2.420000000000001,0.26,0.2971318325962531
0,2.420000000000001,0.27,0.3005735707910592
0,2.420000000000001,0.28,0.3113569543765663
0,2.420000000000001,0.29,0.3337694068241612
0,2.420000000000001,0.3,0.37781927305545493
0,2.420000000000001,0.31,0.4709436026673838
0,2.420000000000001,0.32,0.7256542699192884
0,2.420000000000001,0.33,3.7744761579083352
0,2.420000000000001,0.34,3.4324552829023505
0,2.420000000000001,0.35000000000000003,126.49735319417731
0,2.420000000000001,0.36,5.586681450425319
0,2.420000000000001,0.37,1.327459660140554
0,2.420000000000001,0.38,0.6779922083521319
0,2.420000000000001,0.39,0.46414673897318387
0,2.4300000000000006,0.0,2.001735824157299
0,2.4300000000000006,0.01,1.5169668984221245
0,2.4300000000000006,0.02,1.3341001413417333
0,2.4300000000000006,0.03,1.2940276768334646
0,2.4300000000000006,0.04,1.507046444042126
0,2.4300000000000006,0.05,3.3663483053310697
0,2.4300000000000006,0.06,247.48082477314037
0,2.4300000000000006,0.07,2.468747257269752
0,2.4300000000000006,0.08,1.1456070950289754
0,2.4300000000000006,0.09,0.8442322983726169
0,2.4300000000000006,0.1,0.7454868739036036
0,2.4300000000000006,0.11,0.642253812595756
0,2.4300000000000006,0.12,0.5882967595150925
0,2.4300000000000006,0.13,0.5642117949142268
0,2.4300000000000006,0.14,0.6090311143158802
0,2.4300000000000006,0.15,2.709800453161516
0,2.4300000000000006,0.16,0.8399620177154125
0,2.4300000000000006,0.17,0.5032716752102083
0,2.4300000000000006,0.18,0.49914123466650384
0,2.4300000000000006,0.19,19.15481139469848
0,2.4300000000000006,0.2,0.49155803264003595
0,2.4300000000000006,0.21,0.4488698206257187
0,2.4300000000000006,0.22,0.8664212369269529
0,2.4300000000000006,0.23,1.9257644485092047
0,2.4300000000000006,0.24,0.42775272602323317
0,2.4300000000000006,0.25,0.34163379274600925
0,2.4300000000000006,0.26,0.3145310845033628
0,2.4300000000000006,0.27,0.301100025253153
0,2.4300000000000006,0.28,0.29373929294210627
0,2.4300000000000006,0.29,0.29068320310119833
0,2.4300000000000006,0.3,0.29197419327585467
0,2.4300000000000006,0.31,0.298908479999759
0,2.4300000000000006,0.32,0.31476168327140697
0,2.4300000000000006,0.33,0.34801440235390685
0,2.4300000000000006,0.34,0.4288640595434287
0,2.4300000000000006,0.35000000000000003,0.8116070440796336
0,2.4300000000000006,0.36,10.618451477128216
0,2.4300000000000006,0.37,1.0751321148503137
0,2.4300000000000006,0.38,2.2347881321859533
0,2.4300000000000006,0.39,25.619683732088223
0,2.440000000000001,0.0,3.0893082691099627
0,2.440000000000001,0.01,46.724288961414466
0,2.440000000000001,0.02,2.525582272282057
0,2.440000000000001,0.03,1.6466121354189711
0,2.440000000000001,0.04,1.4042460164024568
0,2.440000000000001,0.05,1.3168221288042303
0,2.440000000000001,0.06,1.3964364918548968
0,2.440000000000001,0.07,2.1860941569798213
0,2.440000000000001,0.08,28.059727028571842
0,2.440000000000001,0.09,4.840862531042854
0,2.440000000000001,0.1,1.4142354255094127
0,2.440000000000001,0.11,0.936056748822893
0,2.440000000000001,0.12,0.7665206939351358
0,2.440000000000001,0.13,0.7047462597700002
0,2.440000000000001,0.14,0.6059268492962969
0,2.440000000000001,0.15,0.5607744662122766
0,2.440000000000001,0.16,0.5299884049154563
0,2.440000000000001,0.17,0.5168422344053782
0,2.440000000000001,0.18,0.5608982735259271
0,2.440000000000001,0.19,1.7853170238915614
0,2.440000000000001,0.2,0.9708312715032048
0,2.440000000000001,0.21,0.4948390119257491
0,2.440000000000001,0.22,0.48237978744393056
0,2.440000000000001,0.23,3.087264228093183
0,2.440000000000001,0.24,0.6609522667010581
0,2.440000000000001,0.25,26.35509239226093
0,2.440000000000001,0.26,0.5935699810790549
0,2.440000000000001,0.27,0.3747519800841663
0,2.440000000000001,0.28,0.3295458948004232
0,2.440000000000001,0.29,0.309511867929518
0,2.440000000000001,0.3,0.29791839012221855
0,2.440000000000001,0.31,0.29089427444952354
0,2.440000000000001,0.32,0.2874612234121546
0,2.440000000000001,0.33,0.2878391281371465
0,2.440000000000001,0.34,0.29339453049973796
0,2.440000000000001,0.35000000000000003,0.30788543237533383
0,2.440000000000001,0.36,0.34341114465183575
0,2.440000000000001,0.37,0.4651551261398285
0,2.440000000000001,0.38,2.6178692168257998
0,2.440000000000001,0.39,1.0880659144791822
0,2.450000000000001,0.0,7.356938990832943
0,2.450000000000001,0.01,200.78978431686787
0,2.450000000000001,0.02,3.9866886700862034
0,2.450000000000001,0.03,5.543819316132274
0,2.450000000000001,0.04,4.126345423744418
0,2.450000000000001,0.05,1.857789792892361
0,2.450000000000001,0.06,1.4995318263394386
0,2.450000000000001,0.07,1.3540999728467806
0,2.450000000000001,0.08,1.358985248480101
0,2.450000000000001,0.09,1.7398562054551139
0,2.450000000000001,0.1,5.940230237336122
0,2.450000000000001,0.11,18.696578718476715
0,2.450000000000001,0.12,1.9210607617235915
0,2.450000000000001,0.13,1.0689727864548235
0,2.450000000000001,0.14,0.8261455150483301
0,2.450000000000001,0.15,1.0555579024835529
0,2.450000000000001,0.16,0.6365040200286994
0,2.450000000000001,0.17,0.5811913248994188
0,2.450000000000001,0.18,0.5411586058644432
0,2.450000000000001,0.19,0.51057858848927
0,2.450000000000001,0.2,0.48903686110225464
0,2.450000000000001,0.21,0.4819683298698398
0,2.450000000000001,0.22,0.5240701451978416
0,2.450000000000001,0.23,1.311641129822229
0,2.450000000000001,0.24,1.2290016036711806
0,2.450000000000001,0.25,0.5094662993545247
0,2.450000000000001,0.26,0.5291316158508256
0,2.450000000000001,0.27,2.1024274398596736
0,2.450000000000001,0.28,1.6113500521664474
0,2.450000000000001,0.29,0.45830390814498584
0,2.450000000000001,0.3,0.35926434226500104
0,2.450000000000001,0.31,0.3257071501269986
0,2.450000000000001,0.32,0.30813893376795526
0,2.450000000000001,0.33,0.2972182235916089
0,2.450000000000001,0.34,0.2903224429814483
0,2.450000000000001,0.35000000000000003,0.28680003162361895
0,2.450000000000001,0.36,0.2870715072273866
0,2.450000000000001,0.37,0.29298178149727855
0,2.450000000000001,0.38,0.3102731486320151
0,2.450000000000001,0.39,0.3627250478254346
0,2.460000000000001,0.0,108.575865055079
0,2.460000000000001,0.01,17.524568795455526
0,2.460000000000001,0.02,7.5776811211259885
0,2.460000000000001,0.03,4.756856739929087
0,2.460000000000001,0.04,4.616828441586062
0,2.460000000000001,0.05,144.93737951233584
0,2.460000000000001,0.06,19.213975432930777
0,2.460000000000001,0.07,2.336325961913691
0,2.460000000000001,0.08,1.6777715017569077
0,2.460000000000001,0.09,1.4408773779747754
0,2.460000000000001,0.1,1.3684593042194118
0,2.460000000000001,0.11,1.5372786021596778
0,2.460000000000001,0.12,2.994880533984471
0,2.460000000000001,0.13,2939.2736000350546
0,2.460000000000001,0.14,3.102419719244407
0,2.460000000000001,0.15,1.2748623063924511
0,2.460000000000001,0.16,0.9088163099681108
0,2.460000000000001,0.17,0.7691733452835174
0,2.460000000000001,0.18,0.6812215817923823
0,2.460000000000001,0.19,0.6085902774594396
0,2.460000000000001,0.2,0.5623499374198859
0,2.460000000000001,0.21,0.5262210107634654
0,2.460000000000001,0.22,0.4971922428691794
0,2.460000000000001,0.23,0.4744071354202984
0,2.460000000000001,0.24,0.4589498521762251
0,2.460000000000001,0.25,0.4566962280966843
0,2.460000000000001,0.26,0.4983921621291015
0,2.460000000000001,0.27,1.0453637051469642
0,2.460000000000001,0.28,1.7860158777875454
0,2.460000000000001,0.29,0.698934348373008
0,2.460000000000001,0.3,2814.4180517607747
0,2.460000000000001,0.31,1.1060511000866013
0,2.460000000000001,0.32,0.675747970371148
0,2.460000000000001,0.33,0.3766587155862225
0,2.460000000000001,0.34,0.33099352614563776
0,2.460000000000001,0.35000000000000003,0.3109057784525761
0,2.460000000000001,0.36,0.29916259667964684
0,2.460000000000001,0.37,0.291968473300368
0,2.460000000000001,0.38,0.2884637218191468
0,2.460000000000001,0.39,0.28926881313201974
0,2.4700000000000006,0.0,17.504842395608463
0,2.4700000000000006,0.01,97.11528080117795
0,2.4700000000000006,0.02,418.4079820125052
0,2.4700000000000006,0.03,26.422909107010646
0,2.4700000000000006,0.04,9.453053252984597
0,2.4700000000000006,0.05,5.260651494808383
0,2.4700000000000006,0.06,3.696066333129211
0,2.4700000000000006,0.07,3.3970804819789797
0,2.4700000000000006,0.08,39.73761611632609
0,2.4700000000000006,0.09,121.47724691833396
0,2.4700000000000006,0.1,2.6934408471388203
0,2.4700000000000006,0.11,1.7126146103608992
0,2.4700000000000006,0.12,1.466653737137971
0,2.4700000000000006,0.13,1.48116209873349
0,2.4700000000000006,0.14,2.1082596437413508
0,2.4700000000000006,0.15,14.61162427082192
0,2.4700000000000006,0.16,7.183022672361518
0,2.4700000000000006,0.17,1.6415972032561132
0,2.4700000000000006,0.18,1.0248985899457974
0,2.4700000000000006,0.19,0.8213248331761833
0,2.4700000000000006,0.2,1.0565212481579438
0,2.4700000000000006,0.21,0.6418787337146494
0,2.4700000000000006,0.22,0.5883849454242036
0,2.4700000000000006,0.23,0.5476430691703659
0,2.4700000000000006,0.24,0.5146226607249303
0,2.4700000000000006,0.25,0.4873634563063774
0,2.4700000000000006,0.26,0.4651096677306373
0,2.4700000000000006,0.27,0.44812641904541506
0,2.4700000000000006,0.28,0.43843218134402195
0,2.4700000000000006,0.29,0.4432515360865875
0,2.4700000000000006,0.3,0.49508757225950195
0,2.4700000000000006,0.31,0.947558976815497
0,2.4700000000000006,0.32,4.05109624617412
0,2.4700000000000006,0.33,1.314367083895304
0,2.4700000000000006,0.34,0.5084311008658494
0,2.4700000000000006,0.35000000000000003,0.6997575905864482
0,2.4700000000000006,0.36,0.8489779885136631
0,2.4700000000000006,0.37,0.3661019659240864
0,2.4700000000000006,0.38,0.32193208770538967
0,2.4700000000000006,0.39,0.30502514934232033
0,2.480000000000001,0.0,27.47709832030453
0,2.480000000000001,0.01,8.132412104020297
0,2.480000000000001,0.02,13.407304132919524
0,2.480000000000001,0.03,47.39928387244779
0,2.480000000000001,0.04,281539.56291884166
0,2.480000000000001,0.05,45.03545430122138
0,2.480000000000001,0.06,12.397508868483746
0,2.480000000000001,0.07,6.21109222915816
0,2.480000000000001,0.08,4.042297552416416
0,2.480000000000001,0.09,3.204286410337406
0,2.480000000000001,0.1,5.37690893223467
0,2.480000000000001,0.11,4.789338650012995
0,2.480000000000001,0.12,3.453878472673087
0,2.480000000000001,0.13,113.0603540597371
0,2.480000000000001,0.14,2.418801118261915
0,2.480000000000001,0.15,1.6594301741867539
0,2.480000000000001,0.16,1.8207556238243938
0,2.480000000000001,0.17,4.6873845792512805
0,2.480000000000001,0.18,50.52312755383077
0,2.480000000000001,0.19,2.348673811128837
0,2.480000000000001,0.2,1.1991978982029394
0,2.480000000000001,0.21,0.915643403180668
0,2.480000000000001,0.22,0.8021926239386041
0,2.480000000000001,0.23,0.6843805556422805
0,2.480000000000001,0.24,0.6191071835035875
0,2.480000000000001,0.25,0.5730433400480422
0,2.480000000000001,0.26,0.5362092516852366
0,2.480000000000001,0.27,0.5057031395781952
0,2.480000000000001,0.28,0.4801506159589468
0,2.480000000000001,0.29,0.45900218968276857
0,2.480000000000001,0.3,0.4424862151495501
0,2.480000000000001,0.31,0.43217335946859187
0,2.480000000000001,0.32,0.43338409772430975
0,2.480000000000001,0.33,0.46758385878292325
0,2.480000000000001,0.34,0.7030594267604633
0,2.480000000000001,0.35000000000000003,57.398567424592
0,2.480000000000001,0.36,7.861745249634518
0,2.480000000000001,0.37,0.5713744553877236
0,2.480000000000001,0.38,0.4286153051691607
0,2.480000000000001,0.39,0.5679405154923547
0,2.490000000000001,0.0,5.219523378068051
0,2.490000000000001,0.01,6.410777327771658
0,2.490000000000001,0.02,42187.476607324345
0,2.490000000000001,0.03,8.210418449254254
0,2.490000000000001,0.04,10.930082330811237
0,2.490000000000001,0.05,28.694889370630605
0,2.490000000000001,0.06,503.3381286203933
0,2.490000000000001,0.07,94.69499329532863
0,2.490000000000001,0.08,17.195194779242403
0,2.490000000000001,0.09,7.569859163778184
0,2.490000000000001,0.1,4.59247555202588
0,2.490000000000001,0.11,3.377930812466608
0,2.490000000000001,0.12,3.498140754401285
0,2.490000000000001,0.13,26.107283058084402
0,2.490000000000001,0.14,2.3441173601214085
0,2.490000000000001,0.15,1.9911054829023997
0,2.490000000000001,0.16,3.0849036968554073
0,2.490000000000001,0.17,116.33601319222592
0,2.490000000000001,0.18,2.607896614378594
0,2.490000000000001,0.19,2.9470515036575406
0,2.490000000000001,0.2,85.48172017759266
0,2.490000000000001,0.21,4.250739362699338
0,2.490000000000001,0.22,1.482104145748326
0,2.490000000000001,0.23,1.0124597211432214
0,2.490000000000001,0.24,0.8361708989064285
0,2.490000000000001,0.25,0.7887063197806636
0,2.490000000000001,0.26,0.6568374752629591
0,2.490000000000001,0.27,0.6030516108604409
0,2.490000000000001,0.28,0.5615589761181269
0,2.490000000000001,0.29,0.5275951714669296
0,2.490000000000001,0.3,0.49912654905604364
0,2.490000000000001,0.31,0.47515158441755506
0,2.490000000000001,0.32,0.4553574861232413
0,2.490000000000001,0.33,0.44025472784130504
0,2.490000000000001,0.34,0.432146842102916
0,2.490000000000001,0.35000000000000003,0.4396705688023637
0,2.490000000000001,0.36,0.5111077204432651
0,2.490000000000001,0.37,1.869235861306756
0,2.490000000000001,0.38,1.0888775029212059
0,2.490000000000001,0.39,0.7287368436654466
0,2.500000000000001,0.0,11.434754624092859
0,2.500000000000001,0.01,6.46753503983687
0,2.500000000000001,0.02,5.468207646400627
0,2.500000000000001,0.03,5.821810630118151
0,2.500000000000001,0.04,25.73390141507981
0,2.500000000000001,0.05,9.72096199091254
0,2.500000000000001,0.06,9.42017877392311
0,2.500000000000001,0.07,19.735549932376554
0,2.500000000000001,0.08,123.53992724377969
0,2.500000000000001,0.09,317.21059291296325
0,2.500000000000001,0.1,25.745102613584496
0,2.500000000000001,0.11,9.53709754567452
0,2.500000000000001,0.12,5.342397470681829
0,2.500000000000001,0.13,3.6987802104511998
0,2.500000000000001,0.14,3.191133488378231
0,2.500000000000001,0.15,26.01075958197886
0,2.500000000000001,0.16,2.9095155533615884
0,2.500000000000001,0.17,1.8606510332635662
0,2.500000000000001,0.18,1.6607352434319649
0,2.500000000000001,0.19,1.771337259814708
0,2.500000000000001,0.2,3.1591954031629865
0,2.500000000000001,0.21,131.69605031647887
0,2.500000000000001,0.22,9.924510909658911
0,2.500000000000001,0.23,13.01494867393961
0,2.500000000000001,0.24,2.0509030252030813
0,2.500000000000001,0.25,1.1950379769471682
0,2.500000000000001,0.26,0.9244627621715811
0,2.500000000000001,0.27,1.1034500863716272
0,2.500000000000001,0.28,0.7065599972634157
0,2.500000000000001,0.29,0.6739346065478844
0,2.500000000000001,0.3,0.592612577201983
0,2.500000000000001,0.31,0.5535791059143589
0,2.500000000000001,0.32,0.521616845871977
0,2.500000000000001,0.33,0.4947612149810507
0,2.500000000000001,0.34,0.47222995856418937
0,2.500000000000001,0.35000000000000003,0.4539843272439211
0,2.500000000000001,0.36,0.44112679919807196
0,2.500000000000001,0.37,0.43798707526390807
0,2.500000000000001,0.38,0.4640665916007401
0,2.500000000000001,0.39,0.7049862796940992
0,2.5100000000000007,0.0,19.60652260056909
0,2.5100000000000007,0.01,11.733037145266357
0,2.5100000000000007,0.02,9.139068432863299
0,2.5100000000000007,0.03,42.07849586804483
0,2.5100000000000007,0.04,8.666342637838701
0,2.5100000000000007,0.05,6.031681104570468
0,2.5100000000000007,0.06,10.359459454135985
0,2.5100000000000007,0.07,17.481898284391974
0,2.5100000000000007,0.08,8.614611003676169
0,2.5100000000000007,0.09,14.827707986948331
0,2.5100000000000007,0.1,55.91812869234039
0,2.5100000000000007,0.11,10959.162201216956
0,2.5100000000000007,0.12,43.252096545347946
0,2.5100000000000007,0.13,12.516070570387198
0,2.5100000000000007,0.14,6.360897456953972
0,2.5100000000000007,0.15,4.148248869596113
0,2.5100000000000007,0.16,3.2548330054453976
0,2.5100000000000007,0.17,5.019310808796566
0,2.5100000000000007,0.18,5.247398968104639
0,2.5100000000000007,0.19,2.0256611824179727
0,2.5100000000000007,0.2,1.6495071232201848
0,2.5100000000000007,0.21,1.5256156957043785
0,2.5100000000000007,0.22,1.5797914479470614
0,2.5100000000000007,0.23,2.062131267728181
0,2.5100000000000007,0.24,5.475618471159979
0,2.5100000000000007,0.25,778.2928237254116
0,2.5100000000000007,0.26,4.188791255938149
0,2.5100000000000007,0.27,1.6530940730217267
0,2.5100000000000007,0.28,1.1102008361978168
0,2.5100000000000007,0.29,0.9024489163142428
0,2.5100000000000007,0.3,0.7837686464045458
0,2.5100000000000007,0.31,0.6895152175174294
0,2.5100000000000007,0.32,0.6325372691058159
0,2.5100000000000007,0.33,0.6469872660640746
0,2.5100000000000007,0.34,0.5496579577315012
0,2.5100000000000007,0.35000000000000003,0.5183739598659536
0,2.5100000000000007,0.36,0.49265555755150575
0,2.5100000000000007,0.37,0.47144009986497276
0,2.5100000000000007,0.38,0.45501866631190446
0,2.5100000000000007,0.39,0.445625916215314
0,2.520000000000001,0.0,610.1078186922398
0,2.520000000000001,0.01,62.95848687563704
0,2.520000000000001,0.02,23.678805095248567
0,2.520000000000001,0.03,13.1006882924878
0,2.520000000000001,0.04,8.88059766563282
0,2.520000000000001,0.05,7.026484835820573
0,2.520000000000001,0.06,7.125419556355225
0,2.520000000000001,0.07,119.48098094942105
0,2.520000000000001,0.08,9.86027797691452
0,2.520000000000001,0.09,188.24174192607418
0,2.520000000000001,0.1,8.587757399869774
0,2.520000000000001,0.11,11.967003463048075
0,2.520000000000001,0.12,32.59543281474525
0,2.520000000000001,0.13,747.6190040204608
0,2.520000000000001,0.14,88.45671359273993
0,2.520000000000001,0.15,17.331871498129566
0,2.520000000000001,0.16,7.776719190395744
0,2.520000000000001,0.17,4.748078451140658
0,2.520000000000001,0.18,3.488021830430022
0,2.520000000000001,0.19,3.5089863095714295
0,2.520000000000001,0.2,52.73995000144745
0,2.520000000000001,0.21,2.374007252644154
0,2.520000000000001,0.22,1.7426214406279241
0,2.520000000000001,0.23,1.536266488311552
0,2.520000000000001,0.24,1.4796050322749104
0,2.520000000000001,0.25,1.6262793206393833
0,2.520000000000001,0.26,2.5632526193649032
0,2.520000000000001,0.27,24.81809065128329
0,2.520000000000001,0.28,8.114592667104368
0,2.520000000000001,0.29,231.62769931471743
0,2.520000000000001,0.3,2.391295648263446
0,2.520000000000001,0.31,1.2251572417116399
0,2.520000000000001,0.32,1.733396402867468
0,2.520000000000001,0.33,0.7783723792436054
0,2.520000000000001,0.34,0.690039907521533
0,2.520000000000001,0.35000000000000003,0.6298962502939559
0,2.520000000000001,0.36,0.585891946677737
0,2.520000000000001,0.37,0.6939296139200448
0,2.520000000000001,0.38,0.5188372580757034
0,2.520000000000001,0.39,0.4931163949553469
0,2.530000000000001,0.0,43.68191754633806
0,2.530000000000001,0.01,210.40790337549623
0,2.530000000000001,0.02,3107.552604521739
0,2.530000000000001,0.03,93.02655558088752
0,2.530000000000001,0.04,29.439463060785982
0,2.530000000000001,0.05,15.114599433422656
0,2.530000000000001,0.06,9.73770660155546
0,2.530000000000001,0.07,7.239505093040863
0,2.530000000000001,0.08,6.055270173748933
0,2.530000000000001,0.09,5.850709641462533
0,2.530000000000001,0.1,8.063386880057818
0,2.530000000000001,0.11,1436.423248409505
0,2.530000000000001,0.12,11.575494128807751
0,2.530000000000001,0.13,10.58570589995416
0,2.530000000000001,0.14,22.044247284980294
0,2.530000000000001,0.15,149.83988833502852
0,2.530000000000001,0.16,275.8648667209974
0,2.530000000000001,0.17,25.871119213473268
0,2.530000000000001,0.18,9.819862724195398
0,2.530000000000001,0.19,5.548431147993595
0,2.530000000000001,0.2,3.848518105252026
0,2.530000000000001,0.21,3.2830776262769863
0,2.530000000000001,0.22,16.699600212709665
0,2.530000000000001,0.23,3.198584377456675
0,2.530000000000001,0.24,1.897053915436381
0,2.530000000000001,0.25,1.6001248270032706
0,2.530000000000001,0.26,1.4828694641265896
0,2.530000000000001,0.27,1.5163786536849166
0,2.530000000000001,0.28,1.9465092986634458
0,2.530000000000001,0.29,5.987580671680687
0,2.530000000000001,0.3,32.5709668267027
0,2.530000000000001,0.31,2.771115078005007
0,2.530000000000001,0.32,3.0568670000521143
0,2.530000000000001,0.33,398.9636980196401
0,2.530000000000001,0.34,2.2682435200197566
0,2.530000000000001,0.35000000000000003,1.1104652446511203
0,2.530000000000001,0.36,0.8349728139612996
0,2.530000000000001,0.37,0.7133236720453331
0,2.530000000000001,0.38,0.6405533169334423
0,2.530000000000001,0.39,0.5899759093154312
0,2.540000000000001,0.0,12.430403526931107
0,2.540000000000001,0.01,17.98919189558585
0,2.540000000000001,0.02,34.89744614366575
0,2.540000000000001,0.03,123.66012297442035
0,2.540000000000001,0.04,50744.490671344225
0,2.540000000000001,0.05,151.61508276870555
0,2.540000000000001,0.06,37.77935967180235
0,2.540000000000001,0.07,17.77179273214753
0,2.540000000000001,0.08,10.900392504983245
0,2.540000000000001,0.09,7.805424805411051
0,2.540000000000001,0.1,6.261414919662307
0,2.540000000000001,0.11,5.604086176996092
0,2.540000000000001,0.12,5.935897130539902
0,2.540000000000001,0.13,13.657958170360581
0,2.540000000000001,0.14,16.352946025350803
0,2.540000000000001,0.15,896.7867515242046
0,2.540000000000001,0.16,18.104595404833468
0,2.540000000000001,0.17,64.16336461319214
0,2.540000000000001,0.18,5051.858333118436
0,2.540000000000001,0.19,43.25264094982783
0,2.540000000000001,0.2,12.926552937330342
0,2.540000000000001,0.21,6.6392613411448105
0,2.540000000000001,0.22,4.3439253853157584
0,2.540000000000001,0.23,3.3923487754385793
0,2.540000000000001,0.24,4.713915551895434
0,2.540000000000001,0.25,6.690433860916515
0,2.540000000000001,0.26,2.141230295403645
0,2.540000000000001,0.27,1.6979737766072516
0,2.540000000000001,0.28,1.524219054537651
0,2.540000000000001,0.29,1.487550132454577
0,2.540000000000001,0.3,1.6911302928003669
0,2.540000000000001,0.31,3.1328175683411303
0,2.540000000000001,0.32,220.78856551719966
0,2.540000000000001,0.33,4.213754721626786
0,2.540000000000001,0.34,1.6988267196310065
0,2.540000000000001,0.35000000000000003,1.4781275586596045
0,2.540000000000001,0.36,2.683274668787272
0,2.540000000000001,0.37,1015.5500873481084
0,2.540000000000001,0.38,2.2606216261681453
0,2.540000000000001,0.39,1.052539344409586
0,2.5500000000000007,0.0,11.982438930828542
0,2.5500000000000007,0.01,10.87256499416834
0,2.5500000000000007,0.02,12.098158384542629
0,2.5500000000000007,0.03,16.38132842379027
0,2.5500000000000007,0.04,28.889156364127413
0,2.5500000000000007,0.05,82.25973642089774
0,2.5500000000000007,0.06,1417.3104004134252
0,2.5500000000000007,0.07,290.1551077702558
0,2.5500000000000007,0.08,50.439326945288805
0,2.5500000000000007,0.09,21.30490813101274
0,2.5500000000000007,0.1,12.373008973597532
0,2.5500000000000007,0.11,8.54333241018541
0,2.5500000000000007,0.12,6.641237274279776
0,2.5500000000000007,0.13,5.723399606265228
0,2.5500000000000007,0.14,5.626534147055409
0,2.5500000000000007,0.15,8.225599601454524
0,2.5500000000000007,0.16,60.380702472190286
0,2.5500000000000007,0.17,9.25674651647469
0,2.5500000000000007,0.18,15.805081049610896
0,2.5500000000000007,0.19,164.3625020986675
0,2.5500000000000007,0.2,999.8383707533837
0,2.5500000000000007,0.21,87.77166357675009
0,2.5500000000000007,0.22,18.03074475474233
0,2.5500000000000007,0.23,8.191788154805534
0,2.5500000000000007,0.24,5.018509007001377
0,2.5500000000000007,0.25,3.676669749229743
0,2.5500000000000007,0.26,3.5660265984678
0,2.5500000000000007,0.27,285.338875557204
0,2.5500000000000007,0.28,2.5876717392817468
0,2.5500000000000007,0.29,1.8345434778182927
0,2.5500000000000007,0.3,1.5923458058733277
0,2.5500000000000007,0.31,1.500277186447336
0,2.5500000000000007,0.32,1.578277697152778
0,2.5500000000000007,0.33,2.2267283492196217
0,2.5500000000000007,0.34,11.410035326355004
0,2.5500000000000007,0.35000000000000003,11.660617905004468
0,2.5500000000000007,0.36,2.071605326515912
0,2.5500000000000007,0.37,1.3006064442477845
0,2.5500000000000007,0.38,1.1333776472759216
0,2.5500000000000007,0.39,1.3900947844285816
0,2.560000000000001,0.0,16.27518317400743
0,2.560000000000001,0.01,17.567639509557473
0,2.560000000000001,0.02,2475.3463081179734
0,2.560000000000001,0.03,17.591436260992445
0,2.560000000000001,0.04,12.99143402363372
0,2.560000000000001,0.05,15.521894612933231
0,2.560000000000001,0.06,24.76176373549089
0,2.560000000000001,0.07,59.41721049433839
0,2.560000000000001,0.08,428.05029583758693
0,2.560000000000001,0.09,761.8211589495357
0,2.560000000000001,0.1,70.96495851072093
0,2.560000000000001,0.11,26.11974388058193
0,2.560000000000001,0.12,14.240336854915205
0,2.560000000000001,0.13,9.457738547647674
0,2.560000000000001,0.14,7.133597089630769
0,2.560000000000001,0.15,5.960448605491569
0,2.560000000000001,0.16,5.578442481485183
0,2.560000000000001,0.17,6.660419773356037
0,2.560000000000001,0.18,176.14181149168138
0,2.560000000000001,0.19,9.337260402900187
0,2.560000000000001,0.2,10.950791799677496
0,2.560000000000001,0.21,24.38997623014382
0,2.560000000000001,0.22,175.02490370611287
0,2.560000000000001,0.23,318.04950464605054
0,2.560000000000001,0.24,28.250411154356446
0,2.560000000000001,0.25,10.68665735693597
0,2.560000000000001,0.26,6.0049617085752685
0,2.560000000000001,0.27,4.134608056125078
0,2.560000000000001,0.28,3.455042183362584
0,2.560000000000001,0.29,11.11130484200544
0,2.560000000000001,0.3,3.7188898810131525
0,2.560000000000001,0.31,2.0316447146653713
0,2.560000000000001,0.32,1.6878336178962585
0,2.560000000000001,0.33,1.5426357488749525
0,2.560000000000001,0.34,1.5388201577516973
0,2.560000000000001,0.35000000000000003,1.8523726160972538
0,2.560000000000001,0.36,4.34185616704915
0,2.560000000000001,0.37,271.7950649100701
0,2.560000000000001,0.38,3.1283045232264985
0,2.560000000000001,0.39,1.464335433211858
0,2.570000000000001,0.0,46.843375720299115
0,2.570000000000001,0.01,24.604651610938433
0,2.570000000000001,0.02,16.403932601273628
0,2.570000000000001,0.03,12.977154869874553
0,2.570000000000001,0.04,12.402168714091083
0,2.570000000000001,0.05,19.28782798733782
0,2.570000000000001,0.06,441.77140955954525
0,2.570000000000001,0.07,19.297742168495088
0,2.570000000000001,0.08,22.684104092180938
0,2.570000000000001,0.09,45.8307699931471
0,2.570000000000001,0.1,206.32280957761634
0,2.570000000000001,0.11,5205.420567126469
0,2.570000000000001,0.12,107.45892702243502
0,2.570000000000001,0.13,32.9079847359735
0,2.570000000000001,0.14,16.64453761886127
0,2.570000000000001,0.15,10.588733500372763
0,2.570000000000001,0.16,7.742591747842595
0,2.570000000000001,0.17,6.286308438320556
0,2.570000000000001,0.18,5.660897602080314
0,2.570000000000001,0.19,6.05181607825987
0,2.570000000000001,0.2,17.40796693325451
0,2.570000000000001,0.21,12.550710576560222
0,2.570000000000001,0.22,9.541091769327206
0,2.570000000000001,0.23,17.380035645932686
0,2.570000000000001,0.24,70.0314062956192
0,2.570000000000001,0.25,4033.5989326359563
0,2.570000000000001,0.26,49.56660785605715
0,2.570000000000001,0.27,43.76918223503016
0,2.570000000000001,0.28,8.448272278629561
0,2.570000000000001,0.29,5.002560403856904
0,2.570000000000001,0.3,3.7392325073991453
0,2.570000000000001,0.31,4.531436432516944
0,2.570000000000001,0.32,9.900967742058985
0,2.570000000000001,0.33,2.3496629818957375
0,2.570000000000001,0.34,1.8201370634157916
0,2.570000000000001,0.35000000000000003,1.6129002021336054
0,2.570000000000001,0.36,1.545962159483008
0,2.570000000000001,0.37,1.6858776804225473
0,2.570000000000001,0.38,2.693484728932688
0,2.570000000000001,0.39,31.7153133832392
0,2.580000000000001,0.0,153791.4625768878
0,2.580000000000001,0.01,207.26341241910848
0,2.580000000000001,0.02,56.75304528032527
0,2.580000000000001,0.03,27.780601607670757
0,2.580000000000001,0.04,17.652223287635834
0,2.580000000000001,0.05,13.22581921233009
0,2.580000000000001,0.06,11.313442253739424
0,2.580000000000001,0.07,11.081312152762289
0,2.580000000000001,0.08,13.156335772073904
0,2.580000000000001,0.09,28.17286342777117
0,2.580000000000001,0.1,98.86792474238779
0,2.580000000000001,0.11,40.31733842846281
0,2.580000000000001,0.12,123.51065534006752
0,2.580000000000001,0.13,14432.871251984872
0,2.580000000000001,0.14,181.9081838893653
0,2.580000000000001,0.15,42.91739482324313
0,2.580000000000001,0.16,19.81448283609448
0,2.580000000000001,0.17,12.00556475956887
0,2.580000000000001,0.18,8.492936433026216
0,2.580000000000001,0.19,6.703738642866559
0,2.580000000000001,0.2,5.840492575475175
0,2.580000000000001,0.21,5.818823618560944
0,2.580000000000001,0.22,9.217447136868042
0,2.580000000000001,0.23,36.46843779995977
0,2.580000000000001,0.24,8.9689834286452
0,2.580000000000001,0.25,13.557572230270072
0,2.580000000000001,0.26,38.67232409069713
0,2.580000000000001,0.27,1147.804660911883
0,2.580000000000001,0.28,90.7610693569014
0,2.580000000000001,0.29,19.644581906577837
0,2.580000000000001,0.3,15.046531116249604
0,2.580000000000001,0.31,25.709572087536706
0,2.580000000000001,0.32,5.249305106007477
0,2.580000000000001,0.33,4.045309236371623
0,2.580000000000001,0.34,722.845539304472
0,2.580000000000001,0.35000000000000003,2.988865901275099
0,2.580000000000001,0.36,2.0173689995888164
0,2.580000000000001,0.37,1.7193503129778014
0,2.580000000000001,0.38,1.5917423822032768
0,2.580000000000001,0.39,1.6237331736176437
0,2.5900000000000007,0.0,52.271308449783405
0,2.5900000000000007,0.01,167.46971937240104
0,2.5900000000000007,0.02,7990.708938300877
0,2.5900000000000007,0.03,325.2607278717184
0,2.5900000000000007,0.04,70.46210878150451
0,2.5900000000000007,0.05,31.851054750326522
0,2.5900000000000007,0.06,19.34158826788099
0,2.5900000000000007,0.07,13.97819752140126
0,2.5900000000000007,0.08,11.495646139079891
0,2.5900000000000007,0.09,10.614270610390747
0,2.5900000000000007,0.1,11.068979572311056
0,2.5900000000000007,0.11,13.379307856141809
0,2.5900000000000007,0.12,20.112652444991436
0,2.5900000000000007,0.13,58.00725004746349
0,2.5900000000000007,0.14,115.99439501317056
0,2.5900000000000007,0.15,1097.5811159598725
0,2.5900000000000007,0.16,372.74717863895637
0,2.5900000000000007,0.17,58.63873708173039
0,2.5900000000000007,0.18,24.15396917168101
0,2.5900000000000007,0.19,13.830091985459072
0,2.5900000000000007,0.2,9.433544356850703
0,2.5900000000000007,0.21,7.232794572485304
0,2.5900000000000007,0.22,6.112700408486929
0,2.5900000000000007,0.23,5.786726835514685
0,2.5900000000000007,0.24,7.162606447817703
0,2.5900000000000007,0.25,1129.744669118926
0,2.5900000000000007,0.26,9.328672266332605
0,2.5900000000000007,0.27,11.265386698794059
0,2.5900000000000007,0.28,25.156291520966725
0,2.5900000000000007,0.29,183.2916767394069
0,2.5900000000000007,0.3,277.522898547604
0,2.5900000000000007,0.31,28.25324895525805
0,2.5900000000000007,0.32,11.163684052420775
0,2.5900000000000007,0.33,7.206190484355758
0,2.5900000000000007,0.34,12.80032341025414
0,2.5900000000000007,0.35000000000000003,18.81450638461453
0,2.5900000000000007,0.36,9.258337078000475
0,2.5900000000000007,0.37,4.982076597806087
0,2.5900000000000007,0.38,2.3829282335591393
0,2.5900000000000007,0.39,1.8978293996628857
